SYMBOL,degree,is_biomarker,Source,UniProt,emb_idx
EGFR,112,1,http://lcbd.biomarkerdb.com/home,P00533,2131.0
IL6,96,1,https://pubmed.ncbi.nlm.nih.gov/38384009/,P05231,5171.0
CCNB1,84,1,https://pmc.ncbi.nlm.nih.gov/articles/PMC9641803/,P14635,10215.0
CCNA2,72,1,https://pmc.ncbi.nlm.nih.gov/articles/PMC11725219/,P20248,12008.0
TOP2A,70,1,http://lcbd.biomarkerdb.com/home,P11388,2465.0
CCNB2,70,1,https://www.frontiersin.org/journals/integrative-neuroscience/articles/10.3389/fnint.2022.854540/full,O95067,8621.0
CDC45,70,1,https://pmc.ncbi.nlm.nih.gov/articles/PMC11000299/,O75419,4416.0
BUB1B,68,1,https://pubmed.ncbi.nlm.nih.gov/40076684/,O60566,17732.0
CDC20,68,1,https://pmc.ncbi.nlm.nih.gov/articles/PMC11303833/,Q12834,4227.0
CXCL8,68,1,https://pmc.ncbi.nlm.nih.gov/articles/PMC11236764/,P10145,15358.0
DLGAP5,68,1,https://link.springer.com/article/10.1007/s12672-025-04145-z,Q15398,5722.0
KIF20A,68,1,https://link.springer.com/article/10.1186/s12885-025-15221-6,O95235,7475.0
MELK,68,0,,Q14680,6113.0
CDCA8,66,0,,Q53HL2,2505.0
CEP55,66,0,,Q53EZ4,15993.0
MMP9,66,0,,P14780,9103.0
RRM2,66,0,,P31350,16218.0
ZWINT,66,1,https://pubmed.ncbi.nlm.nih.gov/34852139/,O95229,10249.0
ASPM,64,1,https://pmc.ncbi.nlm.nih.gov/articles/PMC11988246/,Q8IZT6,12055.0
CENPF,64,0,,P49454,17298.0
EGF,64,0,,P01133,1129.0
HMMR,64,1,https://pmc.ncbi.nlm.nih.gov/articles/PMC8710063/,O75330,18160.0
UBE2C,64,1,https://pmc.ncbi.nlm.nih.gov/articles/PMC10869987/,O00762,5109.0
HJURP,62,1,http://lcbd.biomarkerdb.com/home,Q8NCD3,11692.0
NUSAP1,62,0,,Q9BXS6,12272.0
TPX2,62,0,,Q9ULW0,7647.0
TTK,62,0,,P33981,5134.0
FGF2,60,0,,P09038,12517.0
KIF4A,58,0,,O95239,7061.0
NEK2,58,0,,P51955,16535.0
CDCA5,56,1,http://lcbd.biomarkerdb.com/home,Q96FF9,5310.0
MYC,56,1,http://lcbd.biomarkerdb.com/home,P01106,8301.0
ERBB2,54,0,,P04626,7108.0
PCLAF,54,0,,Q15004,10426.0
CDH1,52,1,http://lcbd.biomarkerdb.com/home,Q9UM11,11580.0
CXCL12,52,1,http://lcbd.biomarkerdb.com/home,P48061,17263.0
KRAS,52,1,http://lcbd.biomarkerdb.com/home,P01116,1004.0
TK1,52,1,http://lcbd.biomarkerdb.com/home,P04183,15089.0
EXO1,52,0,,Q9UQ84,16102.0
ANLN,50,0,,Q9NQW6,4929.0
DEPDC1,48,0,,Q5TB30,17342.0
TYMS,46,0,,P04818,11818.0
CDC25C,44,0,,P30307,7958.0
VWF,44,0,,P04275,13825.0
PTEN,42,1,http://lcbd.biomarkerdb.com/home,P60484,9473.0
CDKN2A,38,1,http://lcbd.biomarkerdb.com/home,P42771,8793.0
SOX2,38,1,http://lcbd.biomarkerdb.com/home,P48431,321.0
CD274,38,0,,Q9NZQ7,10350.0
COL1A1,38,0,,P02452,2111.0
PECAM1,38,0,,P16284,13018.0
SPP1,36,0,,Q9BX95,11751.0
MET,34,1,http://lcbd.biomarkerdb.com/home,Q9NWH9,3031.0
BDNF,34,0,,P23560,8569.0
FCGR3A,32,1,http://lcbd.biomarkerdb.com/home,P08637,8265.0
CDH5,32,0,,P33151,13972.0
FCGR3B,32,0,,O75015,4463.0
PTGS2,32,0,,P35354,15439.0
UBE2T,32,0,,Q9NPD8,8853.0
CAV1,30,0,,Q03135,10750.0
CD36,30,0,,P16671,4013.0
CXCR2,30,0,,P25025,16729.0
E2F8,30,0,,A0AVK6,17005.0
CD19,28,0,,P15391,11386.0
CXCL5,28,0,,P42830,9302.0
TEK,28,0,,Q02763,1132.0
E2F1,26,1,http://lcbd.biomarkerdb.com/home,Q01094,2243.0
ANGPT1,26,0,,Q15389,12346.0
COL1A2,26,0,,P08123,3770.0
COL3A1,26,0,,P02461,9592.0
GSTP1,24,1,http://lcbd.biomarkerdb.com/home,P09211,17104.0
ATF3,24,0,,P18847,4576.0
CSF3,24,0,,P09919,7619.0
CXCL13,24,0,,O43927,1472.0
CXCL2,24,0,,P19875,10109.0
HBEGF,24,0,,Q99075,1375.0
MMP3,24,0,,P08254,7349.0
THBS2,24,0,,P35442,11333.0
MLH1,22,1,http://lcbd.biomarkerdb.com/home,P40692,1481.0
BMP2,22,0,,P12643,15542.0
CD69,22,0,,Q07108,15761.0
CLDN5,22,0,,O00501,10132.0
DEPDC1B,22,0,,Q8WUY9,12235.0
EDN1,22,0,,P05305,5661.0
GZMB,22,0,,P10144,16601.0
ITGA1,22,0,,P56199,3834.0
MMP1,22,0,,P03956,843.0
PRF1,22,0,,P14222,23.0
SELE,22,0,,P16581,13795.0
UHRF1,22,0,,Q96T88,13224.0
CBFB,20,0,,Q13951,5421.0
CLU,20,0,,P10909,15841.0
CXCL3,20,0,,P19876,219.0
FGFR4,20,0,,P22455,10988.0
IL7R,20,0,,P16871,11162.0
ITGA8,20,0,,P53708,10929.0
MMP7,20,0,,P09237,11269.0
GDNF,18,1,http://lcbd.biomarkerdb.com/home,P39905,17423.0
MGMT,18,1,http://lcbd.biomarkerdb.com/home,P16455,4263.0
RASSF1,18,1,http://lcbd.biomarkerdb.com/home,Q9NS23,1850.0
SFN,18,1,http://lcbd.biomarkerdb.com/home,Q9Y3B8,2235.0
SPARC,18,1,http://lcbd.biomarkerdb.com/home,P09486,12884.0
AREG,18,0,,P15514,4473.0
COL10A1,18,0,,Q03692,9788.0
EGR1,18,0,,P18146,5983.0
PPBP,18,0,,P02775,14874.0
ALK,16,1,http://lcbd.biomarkerdb.com/home,Q9UM73,572.0
BRAF,16,1,http://lcbd.biomarkerdb.com/home,P15056,1014.0
TGFBR2,16,1,http://lcbd.biomarkerdb.com/home,P37173,10455.0
ADRB2,16,0,,P07550,9661.0
ANXA1,16,0,,P04083,12349.0
COL11A1,16,0,,P12107,17717.0
FOSB,16,0,,P53539,3698.0
GNLY,16,0,,P22749,9170.0
IBSP,16,0,,P21815,9036.0
KLRD1,16,0,,Q13241,16153.0
SNCA,16,0,,P37840,1935.0
ALDH3A1,14,1,http://lcbd.biomarkerdb.com/home,P30838,3190.0
GPX3,14,1,http://lcbd.biomarkerdb.com/home,P22352,514.0
CD24,14,0,,P25063,2208.0
COL5A2,14,0,,P05997,6938.0
LPL,14,0,,P06858,4269.0
SH3GL3,14,0,,Q99963,851.0
TIE1,14,0,,P35590,3209.0
ADH1B,12,1,http://lcbd.biomarkerdb.com/home,P00325,15977.0
AGER,12,1,http://lcbd.biomarkerdb.com/home,Q15109,1747.0
ANXA2,12,1,http://lcbd.biomarkerdb.com/home,P07355,10012.0
GINS2,12,1,http://lcbd.biomarkerdb.com/home,Q9Y248,192.0
GSTM3,12,1,http://lcbd.biomarkerdb.com/home,P21266,345.0
CAVIN1,12,0,,Q6NZI2,18133.0
CCL18,12,0,,P55774,14487.0
CFP,12,0,,P27918,3758.0
COL5A1,12,0,,P20908,13787.0
CXCL14,12,0,,O95715,5664.0
EGR3,12,0,,Q06889,14075.0
ESAM,12,0,,Q96AP7,8413.0
GINS1,12,0,,Q14691,6329.0
KLF4,12,0,,O43474,8995.0
LYVE1,12,0,,Q9Y5Y7,8134.0
NR4A1,12,0,,P22736,8258.0
NR4A2,12,0,,P43354,10055.0
S100A10,12,0,,P60903,16029.0
SOCS3,12,0,,O14543,2957.0
ERCC4,10,1,http://lcbd.biomarkerdb.com/home,Q92889,13844.0
MGST1,10,1,http://lcbd.biomarkerdb.com/home,P10620,2029.0
RUNX3,10,1,http://lcbd.biomarkerdb.com/home,Q13761,6719.0
SOD1,10,1,http://lcbd.biomarkerdb.com/home,P00441,1914.0
XRCC1,10,1,http://lcbd.biomarkerdb.com/home,P18887,2592.0
AGTR1,10,0,,P30556,314.0
AKAP12,10,0,,Q02952,2225.0
AOC3,10,0,,Q16853,16741.0
ARC,10,0,,Q7LC44,7208.0
COMP,10,0,,P49747,1816.0
EFNA4,10,0,,P52798,8526.0
EMCN,10,0,,Q9ULC0,6934.0
GRIA1,10,0,,P42261,13150.0
LRRK2,10,0,,Q5S007,15059.0
MME,10,0,,P08473,9028.0
MMP13,10,0,,P45452,771.0
NKG7,10,0,,Q16617,13981.0
NR4A3,10,0,,Q92570,13773.0
PTPRB,10,0,,P23467,5033.0
S100A12,10,0,,P80511,9117.0
SH3GL2,10,0,,Q99962,6496.0
XDH,10,0,,P47989,6433.0
CBLC,8,1,http://lcbd.biomarkerdb.com/home,Q9ULV8,13509.0
MIF,8,1,http://lcbd.biomarkerdb.com/home,P14174,1027.0
SFTPC,8,1,http://lcbd.biomarkerdb.com/home,P11686,12950.0
ACKR1,8,0,,Q16570,3629.0
ACTN2,8,0,,P35609,9354.0
ACVRL1,8,0,,P37023,6312.0
ANK2,8,0,,Q01484,16109.0
C5AR1,8,0,,P21730,1076.0
C8B,8,0,,P07358,10045.0
CR2,8,0,,P20023,14177.0
DLG3,8,0,,Q92796,12690.0
EPAS1,8,0,,Q99814,16553.0
FCN1,8,0,,O00602,3008.0
GADD45B,8,0,,O75293,18022.0
GHR,8,0,,P10912,312.0
GPC3,8,0,,P51654,14981.0
IL33,8,0,,O95760,10396.0
KLF2,8,0,,Q9Y5W3,540.0
LAMA3,8,0,,Q16787,10232.0
LIFR,8,0,,P42702,8419.0
LILRB2,8,0,,Q8N423,15340.0
MMP11,8,0,,P24347,11652.0
NEDD4L,8,0,,Q96PU5,16850.0
NTRK3,8,0,,Q16288,6868.0
PLCB4,8,0,,Q15147,17767.0
PLPP2,8,0,,O43688,13138.0
RAD54L,8,0,,Q92698,2739.0
ROBO4,8,0,,Q8WZ75,6355.0
S100A8,8,0,,P05109,5488.0
SCN4B,8,0,,Q8IWT1,2524.0
SFTPD,8,0,,P35247,4878.0
TAC1,8,0,,P20366,4151.0
TBX3,8,0,,O15119,8642.0
THBD,8,0,,P07204,15502.0
CDH13,6,1,http://lcbd.biomarkerdb.com/home,P55290,6840.0
ERCC5,6,1,http://lcbd.biomarkerdb.com/home,P28715,14991.0
GSTZ1,6,1,http://lcbd.biomarkerdb.com/home,O43708,8.0
PAX8,6,1,http://lcbd.biomarkerdb.com/home,Q06710,3869.0
PLA2G4A,6,1,http://lcbd.biomarkerdb.com/home,P47712,10036.0
ROS1,6,1,http://lcbd.biomarkerdb.com/home,P08922,16128.0
TP63,6,1,http://lcbd.biomarkerdb.com/home,Q9H3D4,7221.0
ACKR4,6,0,,Q9NPB9,4590.0
ANGPTL1,6,0,,O95841,8144.0
ANOS1,6,0,,P23352,18079.0
AOX1,6,0,,Q06278,6977.0
C7,6,0,,P10643,8295.0
CAV2,6,0,,P51636,9241.0
CDH3,6,0,,P55291,2544.0
CETP,6,0,,P11597,5299.0
CPB2,6,0,,Q96IY4,5185.0
EYA4,6,0,,O95677,1131.0
GAD1,6,0,,Q99259,13246.0
GIMAP1,6,0,,Q8WWP7,1072.0
GIMAP7,6,0,,Q8NHV1,3922.0
GIMAP8,6,0,,Q8ND71,10874.0
GPR37,6,0,,O15354,7128.0
GRK5,6,0,,P34947,4079.0
KCNK3,6,0,,O14649,2834.0
KLF1,6,0,,Q13351,3733.0
KLRF1,6,0,,Q9NZS2,17109.0
MMP12,6,0,,P39900,10683.0
MMRN2,6,0,,Q9H8L6,16538.0
MNDA,6,0,,P41218,15696.0
MUC5B,6,0,,Q9HC84,13182.0
NOS1,6,0,,Q8WY41,13900.0
PTX3,6,0,,P26022,9049.0
RAMP2,6,0,,O60895,7445.0
RAMP3,6,0,,O60896,10222.0
SALL4,6,0,,Q9UJQ4,3204.0
SCGB1A1,6,0,,P11684,14394.0
SCGB3A2,6,0,,Q96PL1,8382.0
SERPIND1,6,0,,P05546,6904.0
SLIT2,6,0,,O94813,14646.0
SSTR1,6,0,,P30872,7097.0
TAL1,6,0,,P17542,509.0
TGM1,6,0,,P22735,16270.0
UGT2B4,6,0,,P06133,5424.0
APC,4,1,http://lcbd.biomarkerdb.com/home,P25054,3450.0
C6,4,1,http://lcbd.biomarkerdb.com/home,P13671,1915.0
CYP24A1,4,1,http://lcbd.biomarkerdb.com/home,Q07973,12294.0
FHIT,4,1,http://lcbd.biomarkerdb.com/home,P49789,15050.0
HYAL2,4,1,http://lcbd.biomarkerdb.com/home,Q12891,12532.0
LRIG3,4,1,http://lcbd.biomarkerdb.com/home,Q6UXM1,12942.0
MTHFR,4,1,http://lcbd.biomarkerdb.com/home,P42898,8578.0
PRKCI,4,1,http://lcbd.biomarkerdb.com/home,P41743,10483.0
SERPINA1,4,1,http://lcbd.biomarkerdb.com/home,P01009,14438.0
VIPR1,4,1,http://lcbd.biomarkerdb.com/home,P32241,13070.0
ADCY8,4,0,,P40145,12707.0
ADGRL2,4,0,,O95490,6333.0
ADGRL3,4,0,,Q9HAR2,16837.0
ADRB1,4,0,,P08588,16716.0
AGR2,4,0,,O95994,17502.0
AGTR2,4,0,,P50052,1919.0
ATP1A2,4,0,,P50993,11442.0
CA3,4,0,,P07451,17834.0
CA4,4,0,,P22748,9981.0
CALCRL,4,0,,Q16602,4950.0
CASQ2,4,0,,O14958,5451.0
CAVIN2,4,0,,O95810,8332.0
CD1A,4,0,,P06126,343.0
CD207,4,0,,Q9UJ71,4063.0
CD93,4,0,,Q9NPY3,10778.0
CDKN2B,4,0,,P42772,603.0
CLDN11,4,0,,O75508,13158.0
CP,4,0,,P00450,6152.0
CRYAB,4,0,,P02511,5097.0
CTNND2,4,0,,Q9UQB3,15915.0
DACH1,4,0,,Q9UI36,101.0
DAPK1,4,0,,P53355,7938.0
DDX53,4,0,,Q86TM3,1979.0
EDNRB,4,0,,P24530,16022.0
EFEMP1,4,0,,Q12805,2700.0
FABP4,4,0,,P15090,5942.0
FCN3,4,0,,O75636,4592.0
FGFBP2,4,0,,Q9BYJ0,6931.0
FLRT3,4,0,,Q9NZU0,8788.0
FRAS1,4,0,,Q86XX4,7432.0
FXYD1,4,0,,O00168,9843.0
GNG11,4,0,,P61952,9240.0
GPER1,4,0,,Q99527,18177.0
GREM1,4,0,,O60565,8926.0
GUCY1A2,4,0,,P33402,8410.0
HSD17B6,4,0,,O14756,11643.0
IL1RL1,4,0,,Q01638,4194.0
KRT6A,4,0,,P02538,15066.0
LDB2,4,0,,O43679,3318.0
MDK,4,0,,P21741,6939.0
MFAP4,4,0,,P55083,3771.0
MUC16,4,0,,Q8WXI7,11986.0
MUC20,4,0,,Q8N307,2096.0
NMU,4,0,,P48645,912.0
NPNT,4,0,,Q6UXI9,7287.0
NQO1,4,0,,P15559,296.0
PDE5A,4,0,,O76074,6769.0
PIP5K1B,4,0,,O14986,7580.0
PLA2G1B,4,0,,P04054,3544.0
PPP1R15A,4,0,,O75807,16274.0
PROK2,4,0,,Q9HC23,3946.0
RAPGEF4,4,0,,Q8WZA2,146.0
RARA,4,0,,P10276,7989.0
RECK,4,0,,O95980,4986.0
RSPO1,4,0,,Q2MKA7,12284.0
S100A3,4,0,,P33764,10652.0
S1PR1,4,0,,P21453,17707.0
SCN1A,4,0,,P35498,4389.0
SCNN1G,4,0,,P51170,1318.0
SCUBE3,4,0,,Q8IX30,12219.0
SGPP2,4,0,,Q8IWX5,12252.0
SIX1,4,0,,Q15475,7576.0
SIX4,4,0,,Q9UIU6,6192.0
SMAD9,4,0,,O15198,1570.0
SOCS2,4,0,,O14508,10724.0
SPRR1A,4,0,,P35321,3227.0
SPTBN1,4,0,,Q01082,9575.0
SRD5A1,4,0,,P18405,9677.0
ST6GALNAC5,4,0,,Q9BVH7,12543.0
STX11,4,0,,O75558,10060.0
SULF1,4,0,,Q8IWU6,4607.0
TFAP2A,4,0,,P05549,5208.0
TGFBR3,4,0,,Q03167,14669.0
UGT8,4,0,,Q16880,7919.0
UNC5CL,4,0,,Q8IV45,14998.0
ZBTB16,4,0,,Q05516,9488.0
CAT,2,1,http://lcbd.biomarkerdb.com/home,Q6IB77,12827.0
CEBPG,2,1,http://lcbd.biomarkerdb.com/home,P53567,3580.0
CLDN18,2,1,http://lcbd.biomarkerdb.com/home,P56856,16254.0
CSTA,2,1,http://lcbd.biomarkerdb.com/home,P01040,8656.0
DCC,2,1,http://lcbd.biomarkerdb.com/home,P43146,5503.0
GPIHBP1,2,1,http://lcbd.biomarkerdb.com/home,Q8IV16,15798.0
GPT2,2,1,http://lcbd.biomarkerdb.com/home,Q8TD30,718.0
LAPTM4B,2,1,http://lcbd.biomarkerdb.com/home,Q86VI4,1147.0
PITX2,2,1,http://lcbd.biomarkerdb.com/home,Q99697,204.0
S100P,2,1,http://lcbd.biomarkerdb.com/home,P25815,10095.0
SHOX2,2,1,http://lcbd.biomarkerdb.com/home,O60902,8762.0
TCF21,2,1,http://lcbd.biomarkerdb.com/home,O43680,9235.0
ABCA12,2,0,,Q86UK0,12245.0
ABCA4,2,0,,P78363,13643.0
ABCC3,2,0,,O15438,6126.0
ADAM12,2,0,,O43184,7001.0
ADAMTS1,2,0,,Q9UHI8,13076.0
AKR1B10,2,0,,O60218,8566.0
ALKAL2,2,0,,Q6UX46,2467.0
AOC1,2,0,,P19801,13241.0
ARSL,2,0,,P51690,2494.0
ASPA,2,0,,P45381,5670.0
B3GNT3,2,0,,Q9Y2A9,2644.0
BMPER,2,0,,Q8N8U9,7145.0
BPIFA1,2,0,,Q9NP55,11612.0
BTNL9,2,0,,Q6UXG8,1789.0
CD300LG,2,0,,Q6UXG3,10665.0
CDH19,2,0,,Q9H159,5536.0
CDO1,2,0,,Q16878,2212.0
CEACAM1,2,0,,P13688,4916.0
CEBPD,2,0,,P49716,6554.0
CFD,2,0,,P00746,611.0
CLEC14A,2,0,,Q86T13,17230.0
COL17A1,2,0,,Q9UMD9,9734.0
COL6A6,2,0,,A6NMZ7,6882.0
CRABP2,2,0,,P29373,15110.0
CSPG4,2,0,,Q6UVK1,14234.0
CSRNP1,2,0,,Q96S65,17960.0
CTHRC1,2,0,,Q96CG8,9964.0
DKK2,2,0,,Q9UBU2,15307.0
DLC1,2,0,,Q9Y238,5630.0
DUOX1,2,0,,Q9NRD9,6431.0
EPB41L3,2,0,,Q9Y2J2,2461.0
EPHA10,2,0,,Q5JZY3,3058.0
EPHB2,2,0,,P29323,5615.0
EPN3,2,0,,Q9H201,15836.0
ERG,2,0,,Q12809,11099.0
ERO1A,2,0,,Q96HE7,17075.0
ERVFRD-1,2,0,,P60508,944.0
ETV4,2,0,,P43268,6078.0
FCRLA,2,0,,Q7L513,11951.0
FOXE1,2,0,,O00358,10102.0
FPR2,2,0,,P25090,16310.0
FUT2,2,0,,Q10981,8414.0
GDF15,2,0,,Q99988,14191.0
GFRA3,2,0,,O60609,2607.0
GJB2,2,0,,P29033,17089.0
GJB6,2,0,,O95452,491.0
GOLM1,2,0,,Q8NBJ4,13439.0
GPD1,2,0,,P21695,7127.0
HABP2,2,0,,Q14520,3925.0
HAS1,2,0,,Q92839,3621.0
HBB,2,0,,P68871,13136.0
HGD,2,0,,Q93099,801.0
HS6ST2,2,0,,Q96MM7,2307.0
HSPA12B,2,0,,Q96MM6,11314.0
HYAL1,2,0,,Q12794,9398.0
IGF2BP3,2,0,,O00425,9081.0
IL37,2,0,,Q9NZH6,1414.0
INMT,2,0,,O95050,1401.0
KCNK5,2,0,,O95279,13913.0
KISS1R,2,0,,Q969F8,11557.0
KL,2,0,,Q9UEF7,10298.0
KLB,2,0,,Q86Z14,11821.0
KLF6,2,0,,Q99612,6129.0
KRT15,2,0,,P19012,10554.0
LAMP3,2,0,,Q9UQV4,15093.0
LGR4,2,0,,Q9BXB1,2532.0
LIN7A,2,0,,O14910,15923.0
MAFF,2,0,,Q9ULX9,15600.0
MAP3K8,2,0,,P41279,4860.0
MARCO,2,0,,Q9UEW3,9337.0
MFAP5,2,0,,Q13361,3941.0
MMRN1,2,0,,Q13201,1174.0
NEBL,2,0,,O76041,208.0
NFIB,2,0,,O00712,17311.0
NRN1,2,0,,Q9NPD7,1929.0
PCOLCE2,2,0,,Q9UKZ9,10703.0
PDZD2,2,0,,O15018,207.0
PSAT1,2,0,,Q9Y617,1928.0
PTGDS,2,0,,P41222,2715.0
QKI,2,0,,Q96PU8,17027.0
RASAL1,2,0,,O95294,5590.0
RGCC,2,0,,Q9H4X1,13123.0
RHOJ,2,0,,Q9H4E5,16524.0
RMI2,2,0,,Q96E14,257.0
RPSA,2,0,,P08865,16843.0
RS1,2,0,,O15537,12704.0
S100A2,2,0,,P29034,16252.0
SCEL,2,0,,O95171,14792.0
SCG5,2,0,,P05408,13666.0
SCN7A,2,0,,Q01118,16965.0
SH2D3C,2,0,,Q8N5H7,13765.0
SLC6A4,2,0,,P31645,2897.0
SLCO1A2,2,0,,P46721,11366.0
SNTN,2,0,,A6NMZ2,2222.0
SPDEF,2,0,,O95238,1064.0
SPINK1,2,0,,P00995,6705.0
ST6GALNAC1,2,0,,Q9NSC7,9461.0
SYN2,2,0,,Q92777,13303.0
SYNPO2,2,0,,Q9UMS6,10339.0
TRPM8,2,0,,Q7Z2W7,14800.0
USHBP1,2,0,,Q8N6Y0,8204.0
WIF1,2,0,,Q9Y5W5,11501.0
