source,target,weight
ABCA12,TGM1,0.952
ABCA4,RS1,0.771
ABCC3,SLCO1A2,0.721
ACKR1,ACKR4,0.747
ACKR1,CXCL5,0.897
ACKR1,PPBP,0.836
ACKR1,CXCL8,0.999
ACKR1,ACKR4,0.747
ACKR4,CXCL12,0.865
ACKR4,CXCL13,0.992
ACTN2,CASQ2,0.703
ACTN2,SYNPO2,0.736
ACTN2,NEBL,0.808
ACVRL1,TGFBR2,0.992
ACVRL1,BMP2,0.916
ACVRL1,SMAD9,0.91
ACVRL1,CDH5,0.717
ADAM12,TGFBR2,0.853
ADAMTS1,AREG,0.722
ADCY8,PDE5A,0.863
ADCY8,RAPGEF4,0.971
ADGRL2,UNC5CL,0.97
ADGRL2,FLRT3,0.872
ADGRL3,UNC5CL,0.969
ADGRL3,FLRT3,0.999
ADH1B,UGT2B4,0.71
ADH1B,MGST1,0.701
ADH1B,GSTM3,0.721
ADH1B,GSTP1,0.767
ADH1B,ALDH3A1,0.857
ADH1B,AOX1,0.952
ADRB1,ADRB2,0.956
ADRB1,GRK5,0.752
ADRB2,ERBB2,0.822
ADRB2,GRIA1,0.706
ADRB2,RAPGEF4,0.753
ADRB2,EDN1,0.812
ADRB2,AGTR1,0.873
ADRB2,GRK5,0.91
ADRB1,ADRB2,0.956
ADRB2,AKAP12,0.983
AGER,KRAS,0.944
AGER,S100P,0.962
AGER,SFTPC,0.87
AGER,S100A12,0.999
AGER,SFTPD,0.776
AGER,CD36,0.734
AGR2,SPDEF,0.784
AGR2,MUC5B,0.726
ADRB2,AGTR1,0.873
AGTR1,CXCL8,0.782
AGTR1,AGTR2,0.982
AGTR1,EDN1,0.898
AGTR1,GRK5,0.739
AGTR2,EDN1,0.807
AGTR1,AGTR2,0.982
AKAP12,HSPA12B,0.774
AKAP12,EGFR,0.81
ADRB2,AKAP12,0.983
AKAP12,CAVIN1,0.793
AKAP12,ANGPT1,0.733
AKR1B10,ALDH3A1,0.717
ADH1B,ALDH3A1,0.857
ALDH3A1,AOC3,0.928
ALDH3A1,GAD1,0.926
AKR1B10,ALDH3A1,0.717
ALDH3A1,GSTM3,0.726
ALDH3A1,MGST1,0.719
ALDH3A1,GSTP1,0.758
ALK,KRAS,0.989
ALK,ERBB2,0.775
ALK,TGFBR2,0.947
ALK,PTEN,0.722
ALK,CD274,0.818
ALK,MYC,0.896
ALK,ALKAL2,0.968
ALK,MDK,0.997
ALK,ALKAL2,0.968
ANGPT1,VWF,0.755
ANGPT1,FGF2,0.822
ANGPT1,EGF,0.729
ANGPT1,ERBB2,0.736
ANGPT1,EGFR,0.85
ANGPT1,FGFR4,0.716
ANGPT1,MET,0.77
ANGPT1,PTPRB,0.705
ANGPT1,TIE1,0.998
ANGPT1,TEK,0.999
ANGPT1,CXCL12,0.704
AKAP12,ANGPT1,0.733
ANGPT1,CDH5,0.797
ANGPTL1,TIE1,0.732
ANGPTL1,LILRB2,0.807
ANGPTL1,TEK,0.866
ANK2,ERBB2,0.824
ANK2,SCN4B,0.862
ANK2,TRPM8,0.8
ANK2,SPTBN1,0.997
ANLN,DLGAP5,0.914
ANLN,CCNB1,0.86
ANLN,DEPDC1B,0.74
ANLN,CDC20,0.701
ANLN,TTK,0.704
ANLN,NUSAP1,0.712
ANLN,TYMS,0.729
ANLN,CCNA2,0.747
ANLN,EXO1,0.754
ANLN,UBE2C,0.773
ANLN,KIF4A,0.782
ANLN,RRM2,0.785
ANLN,NEK2,0.787
ANLN,CDCA8,0.789
ANLN,BUB1B,0.8
ANLN,MELK,0.831
ANLN,CENPF,0.842
ANLN,DEPDC1,0.847
ANLN,TOP2A,0.861
ANLN,HMMR,0.88
ANLN,ASPM,0.9
ANLN,TPX2,0.923
ANLN,CEP55,0.93
ANLN,KIF20A,0.949
ANOS1,ARSL,0.7
ANOS1,FGF2,0.781
ANOS1,PROK2,0.945
ANXA1,CDH1,0.776
ANXA1,EGFR,0.802
ANXA1,CXCL8,0.828
ANXA1,SOX2,0.701
ANXA1,ANXA2,0.989
ANXA1,PLA2G4A,0.813
ANXA1,S100A10,0.977
ANXA1,FPR2,0.999
ANXA2,EGFR,0.958
ANXA2,KCNK3,0.737
ANXA2,CAV1,0.922
ANXA2,MYC,0.951
ANXA1,ANXA2,0.989
ANXA2,S100A10,0.999
AOC1,INMT,0.912
AOC3,CD69,0.769
AOC3,FCGR3B,0.794
AOC3,CD19,0.795
AOC3,FCGR3A,0.795
ALDH3A1,AOC3,0.928
AOX1,UGT2B4,0.937
ADH1B,AOX1,0.952
AOX1,HSD17B6,0.918
APC,LRRK2,0.745
APC,CDH1,0.92
ARC,EGR1,0.851
ARC,FOSB,0.725
ARC,EGR3,0.722
ARC,SH3GL3,0.976
ARC,GRIA1,0.814
AREG,HBEGF,0.785
AREG,KRAS,0.766
AREG,EGF,0.998
AREG,ERBB2,0.959
AREG,EGFR,0.999
ADAMTS1,AREG,0.722
AREG,FGFR4,0.712
AREG,MET,0.804
AREG,TEK,0.708
ANOS1,ARSL,0.7
ASPA,GAD1,0.822
ASPM,DLGAP5,0.994
ASPM,CCNB1,0.952
ANLN,ASPM,0.9
ASPM,CDCA5,0.746
ASPM,BUB1B,0.974
ASPM,CCNB2,0.951
ASPM,MELK,0.946
ASPM,PCLAF,0.909
ASPM,TPX2,0.949
ASPM,TYMS,0.76
ASPM,UBE2C,0.943
ASPM,RRM2,0.854
ASPM,EXO1,0.848
ASPM,CENPF,0.987
ASPM,NEK2,0.916
ASPM,CDC45,0.703
ASPM,TK1,0.763
ASPM,ZWINT,0.818
ASPM,UBE2T,0.827
ASPM,DEPDC1,0.861
ASPM,HMMR,0.928
ASPM,HJURP,0.931
ASPM,NUSAP1,0.94
ASPM,CCNA2,0.944
ASPM,CEP55,0.95
ASPM,CDCA8,0.95
ASPM,KIF4A,0.952
ASPM,TTK,0.957
ASPM,CDC20,0.972
ASPM,KIF20A,0.975
ASPM,TOP2A,0.996
ATF3,PPP1R15A,0.896
ATF3,GADD45B,0.824
ATF3,EGR1,0.873
ATF3,FOSB,0.941
ATF3,EGR3,0.711
ATF3,KLF6,0.721
ATF3,MYC,0.737
ATF3,NR4A2,0.75
ATF3,NR4A1,0.772
ATF3,IL6,0.779
ATF3,CEBPG,0.834
ATF3,MAFF,0.868
ATP1A2,SCN1A,0.926
ATP1A2,FXYD1,0.946
B3GNT3,FUT2,0.95
BDNF,SLC6A4,0.922
BDNF,FGF2,0.84
BDNF,EGF,0.798
BDNF,ERBB2,0.746
BDNF,EGFR,0.877
BDNF,FGFR4,0.708
BDNF,CXCL8,0.713
BDNF,MET,0.742
BDNF,TAC1,0.84
BDNF,NTRK3,0.999
BDNF,MMP9,0.74
BDNF,TEK,0.739
BDNF,IL6,0.846
BDNF,GDNF,0.963
BDNF,SNCA,0.798
BDNF,NRN1,0.825
BDNF,GRIA1,0.828
BMP2,TGFBR3,0.825
BMP2,COMP,0.737
BMP2,IBSP,0.773
BMP2,SPARC,0.702
BMP2,FGF2,0.937
BMP2,CBFB,0.788
BMP2,SMAD9,0.872
BMP2,BMPER,0.895
ACVRL1,BMP2,0.916
BMP2,SPP1,0.921
BMP2,GREM1,0.995
BMP2,BMPER,0.895
BPIFA1,CETP,0.764
BRAF,MLH1,0.876
BRAF,KRAS,0.999
BRAF,SFN,0.885
BRAF,QKI,0.74
BRAF,PTEN,0.943
BRAF,CD274,0.799
BRAF,CDKN2A,0.892
BRAF,MYC,0.722
BTNL9,XDH,0.988
BUB1B,DLGAP5,0.981
BUB1B,E2F8,0.836
BUB1B,CCNB1,0.998
BUB1B,DEPDC1B,0.797
ANLN,BUB1B,0.8
BUB1B,CDCA5,0.851
BUB1B,TYMS,0.72
BUB1B,RAD54L,0.745
BUB1B,EXO1,0.807
BUB1B,CDC25C,0.809
BUB1B,CDC45,0.817
BUB1B,DEPDC1,0.85
BUB1B,PCLAF,0.875
BUB1B,HMMR,0.882
BUB1B,HJURP,0.897
BUB1B,RRM2,0.922
BUB1B,TPX2,0.936
BUB1B,CEP55,0.939
BUB1B,NUSAP1,0.953
BUB1B,MELK,0.953
BUB1B,KIF4A,0.968
ASPM,BUB1B,0.974
BUB1B,KIF20A,0.977
BUB1B,TOP2A,0.98
BUB1B,TTK,0.991
BUB1B,UBE2C,0.991
BUB1B,CCNB2,0.993
BUB1B,CCNA2,0.994
BUB1B,CDCA8,0.994
BUB1B,ZWINT,0.996
BUB1B,NEK2,0.999
BUB1B,CDC20,0.999
BUB1B,CENPF,0.999
C5AR1,CD93,0.708
C5AR1,CFP,0.766
C5AR1,CXCL8,0.789
C5AR1,CXCR2,0.783
C6,C8B,0.984
C6,C7,0.995
C6,C7,0.995
C7,CLU,0.847
C7,C8B,0.991
C8B,CPB2,0.716
C6,C8B,0.984
C8B,CLU,0.77
C7,C8B,0.991
CA3,CYP24A1,0.786
CA3,CA4,0.845
CA4,CYP24A1,0.77
CA3,CA4,0.845
CALCRL,RAMP3,0.999
CALCRL,RAMP2,0.999
ACTN2,CASQ2,0.703
CAT,SOD1,0.92
CAV1,CAV2,0.999
CAV1,CDH1,0.768
CAV1,ERBB2,0.735
CAV1,EGFR,0.999
CAV1,DLC1,0.785
CAV1,CAVIN2,0.946
CAV1,CDH5,0.712
CAV1,IL6,0.714
CAV1,CLDN5,0.733
CAV1,PTGS2,0.826
CAV1,PTEN,0.912
ANXA2,CAV1,0.922
CAV1,CD36,0.956
CAV1,CAVIN1,0.999
CAV2,CAVIN1,0.92
CAV2,EGFR,0.977
CAV1,CAV2,0.999
CAV2,CAVIN1,0.92
CAVIN1,EGFR,0.885
CAVIN1,CAVIN2,0.728
CAV1,CAVIN1,0.999
CAVIN1,S100A10,0.729
AKAP12,CAVIN1,0.793
CAVIN1,CAVIN2,0.728
CAV1,CAVIN2,0.946
CBFB,MMP13,0.794
CBFB,TAL1,0.843
CBFB,SOCS3,0.763
BMP2,CBFB,0.788
CBFB,SPP1,0.788
CBFB,RUNX3,0.999
CBFB,CLDN5,0.75
CBFB,LIFR,0.75
CBFB,ERG,0.821
CBFB,NR4A3,0.75
CBLC,EGFR,0.997
CBLC,FGFR4,0.726
CBLC,SH3GL3,0.814
CBLC,SH3GL2,0.8
CCL18,CXCL13,0.795
CCL18,CXCL3,0.734
CCL18,CXCL5,0.75
CCL18,CXCL8,0.855
CCL18,CXCR2,0.785
CCL18,CXCL2,0.704
CCNA2,DLGAP5,0.97
CCNA2,E2F8,0.816
CCNA2,CCNB1,0.995
ANLN,CCNA2,0.747
CCNA2,CDCA5,0.863
BUB1B,CCNA2,0.994
CCNA2,CCNB2,0.965
CCNA2,MELK,0.939
CCNA2,PCLAF,0.886
CCNA2,TPX2,0.954
CCNA2,TYMS,0.865
CCNA2,CDC25C,0.956
CCNA2,E2F1,0.999
CCNA2,UBE2C,0.994
CCNA2,RRM2,0.939
CCNA2,EXO1,0.879
CCNA2,CENPF,0.944
CCNA2,NEK2,0.943
ASPM,CCNA2,0.944
CCNA2,TTK,0.939
CCNA2,CEP55,0.923
CCNA2,CDC20,0.999
CCNA2,CDCA8,0.952
CCNA2,ZWINT,0.901
CCNA2,KIF4A,0.895
CCNA2,HMMR,0.921
CCNA2,KIF20A,0.974
CCNA2,CDC45,0.906
CCNA2,TOP2A,0.982
CCNA2,DEPDC1,0.894
CCNA2,HJURP,0.877
CCNA2,TK1,0.78
CCNA2,MYC,0.734
CCNA2,UHRF1,0.742
CCNA2,NUSAP1,0.922
CCNB1,GADD45B,0.97
CCNB1,DLGAP5,0.965
CCNB1,GINS1,0.711
CCNB1,CDKN2A,0.772
CCNB1,EXO1,0.773
CCNB1,PCLAF,0.796
CCNB1,CDC45,0.8
CCNB1,EGFR,0.804
CCNB1,RGCC,0.81
CCNB1,E2F1,0.834
CCNB1,TYMS,0.841
CCNB1,DEPDC1B,0.845
CCNB1,UBE2T,0.851
ANLN,CCNB1,0.86
CCNB1,CDCA5,0.869
CCNB1,DEPDC1,0.871
CCNB1,HJURP,0.871
CCNB1,MYC,0.872
CCNB1,TK1,0.879
CCNB1,RRM2,0.905
CCNB1,NEK2,0.91
CCNB1,NUSAP1,0.923
CCNB1,KIF4A,0.931
CCNB1,TTK,0.936
CCNB1,CEP55,0.94
CCNB1,HMMR,0.942
CCNB1,TPX2,0.949
CCNB1,ZWINT,0.95
ASPM,CCNB1,0.952
CCNB1,KIF20A,0.954
CCNB1,SFN,0.965
CCNB1,MELK,0.972
CCNB1,CDCA8,0.987
CCNB1,CENPF,0.988
CCNB1,TOP2A,0.989
CCNB1,UBE2C,0.99
CCNB1,CDC25C,0.991
CCNA2,CCNB1,0.995
CCNB1,CCNB2,0.998
BUB1B,CCNB1,0.998
CCNB1,CDC20,0.999
CCNB2,GADD45B,0.926
CCNB2,DLGAP5,0.974
CCNB2,GINS2,0.844
CCNB1,CCNB2,0.998
CCNB2,CDCA5,0.969
BUB1B,CCNB2,0.993
CCNB2,DEPDC1,0.724
CCNB2,EXO1,0.744
CCNB2,E2F1,0.785
CCNB2,KIF4A,0.864
CCNB2,TYMS,0.868
CCNB2,TK1,0.88
CCNB2,PCLAF,0.882
CCNB2,HMMR,0.888
CCNB2,NEK2,0.902
CCNB2,HJURP,0.905
CCNB2,CEP55,0.907
CCNB2,RRM2,0.913
CCNB2,SFN,0.919
CCNB2,ZWINT,0.92
CCNB2,KIF20A,0.938
CCNB2,CDC45,0.95
ASPM,CCNB2,0.951
CCNB2,TPX2,0.953
CCNB2,TTK,0.96
CCNB2,NUSAP1,0.962
CCNA2,CCNB2,0.965
CCNB2,UBE2C,0.968
CCNB2,CDCA8,0.974
CCNB2,CENPF,0.974
CCNB2,MELK,0.975
CCNB2,TOP2A,0.975
CCNB2,CDC25C,0.993
CCNB2,CDC20,0.999
CD19,GZMB,0.805
CD19,CD69,0.859
CD19,CXCL13,0.785
CD19,IL7R,0.808
AOC3,CD19,0.795
CD19,CD24,0.796
CD19,CD274,0.816
CD19,IL6,0.836
CD19,CD36,0.888
CD19,FCRLA,0.931
CD19,MME,0.954
CD19,FCGR3B,0.997
CD19,FCGR3A,0.997
CD19,CR2,0.999
CD1A,MME,0.759
CD1A,CD207,0.975
CD207,LAMP3,0.753
CD1A,CD207,0.975
CD24,CDH1,0.752
CD24,EGFR,0.806
CD19,CD24,0.796
CD24,SOX2,0.734
CD24,SELE,0.899
CD24,CR2,0.729
CD24,PECAM1,0.847
CD274,GZMB,0.784
CD274,KRAS,0.774
CD274,CDH1,0.718
CD274,ERBB2,0.798
CD274,EGFR,0.87
CD19,CD274,0.816
CD274,MET,0.743
CD274,CXCR2,0.708
CD274,KLRD1,0.78
CD274,FCGR3A,0.878
CD274,ROS1,0.761
CD274,PTEN,0.714
CD274,DDX53,0.719
CD274,PRF1,0.719
CD274,CXCL12,0.757
BRAF,CD274,0.799
CD274,IL6,0.799
ALK,CD274,0.818
CD274,FCGR3B,0.879
CD300LG,EMCN,0.716
CD36,COMP,0.953
CD36,COL1A1,0.72
CD36,FABP4,0.969
CD36,VWF,0.803
CD36,COL1A2,0.735
CD19,CD36,0.888
CD36,SELE,0.724
CAV1,CD36,0.956
CD36,THBS2,0.995
CD36,FCGR3A,0.928
AGER,CD36,0.734
CD36,IL6,0.73
CD36,PECAM1,0.851
CD36,LPL,0.877
CD36,FCGR3B,0.923
CD69,GZMB,0.838
CD69,IL6,0.72
CD69,CXCL8,0.756
CD69,CR2,0.761
AOC3,CD69,0.769
CD69,PRF1,0.799
CD69,FCGR3B,0.823
CD69,FCGR3A,0.826
CD19,CD69,0.859
CD69,IL7R,0.9
CD69,S1PR1,0.995
C5AR1,CD93,0.708
CD93,PECAM1,0.792
CDC20,DLGAP5,0.981
CCNB1,CDC20,0.999
ANLN,CDC20,0.701
CDC20,CDCA5,0.938
BUB1B,CDC20,0.999
CCNB2,CDC20,0.999
CDC20,MELK,0.964
CDC20,PCLAF,0.881
CDC20,TPX2,0.961
CDC20,TYMS,0.757
CDC20,CDC25C,0.9
CDC20,E2F1,0.828
CDC20,UBE2C,0.999
CDC20,RASSF1,0.808
CDC20,RRM2,0.907
CDC20,EXO1,0.796
CDC20,CENPF,0.99
CDC20,NEK2,0.999
ASPM,CDC20,0.972
CDC20,TTK,0.99
CDC20,CEP55,0.95
CDC20,DEPDC1,0.761
CDC20,HMMR,0.882
CDC20,TK1,0.883
CDC20,HJURP,0.925
CDC20,KIF4A,0.941
CDC20,CDC45,0.946
CDC20,NUSAP1,0.946
CDC20,ZWINT,0.968
CDC20,TOP2A,0.98
CDC20,KIF20A,0.981
CDC20,CDCA8,0.992
CCNA2,CDC20,0.999
CDC25C,DLGAP5,0.89
CCNB1,CDC25C,0.991
CDC25C,EGFR,0.772
CDC25C,CDCA5,0.739
BUB1B,CDC25C,0.809
CCNB2,CDC25C,0.993
CDC25C,MELK,0.821
CDC25C,HMMR,0.72
CDC25C,TTK,0.787
CDC25C,TOP2A,0.797
CDC25C,KIF4A,0.798
CDC25C,DEPDC1,0.808
CDC25C,NEK2,0.814
CDC25C,UBE2C,0.816
CDC25C,CDCA8,0.821
CDC25C,KIF20A,0.849
CDC25C,CDC45,0.856
CDC25C,HJURP,0.865
CDC20,CDC25C,0.9
CCNA2,CDC25C,0.956
CDC25C,SFN,0.966
CDC45,DLGAP5,0.921
CDC45,GINS2,0.999
CCNB1,CDC45,0.8
CDC45,GINS1,0.999
CDC45,CDCA5,0.937
BUB1B,CDC45,0.817
CCNB2,CDC45,0.95
CDC45,MELK,0.876
CDC45,PCLAF,0.833
CDC45,TPX2,0.766
CDC45,TYMS,0.884
CDC25C,CDC45,0.856
CDC45,E2F1,0.813
CDC45,UBE2C,0.836
CDC45,RRM2,0.87
CDC45,EXO1,0.963
CDC45,CENPF,0.776
ASPM,CDC45,0.703
CDC45,TTK,0.787
CDC45,CEP55,0.896
CDC45,RAD54L,0.856
CDC20,CDC45,0.946
CDC45,CDCA8,0.935
CDC45,ZWINT,0.842
CDC45,KIF4A,0.73
CDC45,HMMR,0.748
CDC45,KIF20A,0.797
CDC45,UBE2T,0.751
CDC45,TK1,0.836
CDC45,CDKN2A,0.86
CDC45,HJURP,0.882
CDC45,NUSAP1,0.895
CCNA2,CDC45,0.906
CDC45,TOP2A,0.917
CDCA5,DLGAP5,0.921
CCNB1,CDCA5,0.869
CDCA5,NEK2,0.722
CDCA5,TYMS,0.73
CDCA5,TTK,0.734
CDC25C,CDCA5,0.739
ASPM,CDCA5,0.746
CDCA5,UHRF1,0.762
CDCA5,UBE2T,0.823
CDCA5,HMMR,0.831
CDCA5,NUSAP1,0.832
CDCA5,UBE2C,0.835
BUB1B,CDCA5,0.851
CDCA5,CENPF,0.857
CDCA5,HJURP,0.861
CCNA2,CDCA5,0.863
CDCA5,CEP55,0.873
CDCA5,MELK,0.875
CDCA5,KIF20A,0.88
CDCA5,TPX2,0.883
CDCA5,KIF4A,0.887
CDCA5,ZWINT,0.908
CDCA5,TOP2A,0.917
CDC45,CDCA5,0.937
CDC20,CDCA5,0.938
CDCA5,CDCA8,0.961
CCNB2,CDCA5,0.969
CDCA8,DLGAP5,0.961
CDCA8,E2F8,0.769
CCNB1,CDCA8,0.987
ANLN,CDCA8,0.789
CDCA5,CDCA8,0.961
BUB1B,CDCA8,0.994
CCNB2,CDCA8,0.974
CDCA8,MELK,0.902
CDCA8,PCLAF,0.839
CDCA8,TPX2,0.919
CDC25C,CDCA8,0.821
CDCA8,UBE2C,0.966
CDCA8,RRM2,0.861
CDCA8,CENPF,0.962
CDCA8,NEK2,0.9
ASPM,CDCA8,0.95
CDCA8,TTK,0.946
CDCA8,CEP55,0.923
CDCA8,RAD54L,0.761
CDC20,CDCA8,0.992
CDCA8,TK1,0.704
CDCA8,UHRF1,0.743
CDCA8,DEPDC1,0.772
CDCA8,ZWINT,0.78
CDCA8,HMMR,0.864
CDCA8,TOP2A,0.92
CDCA8,HJURP,0.923
CDCA8,KIF4A,0.932
CDC45,CDCA8,0.935
CDCA8,NUSAP1,0.949
CCNA2,CDCA8,0.952
CDCA8,KIF20A,0.98
CDH1,KRAS,0.723
APC,CDH1,0.92
CDH1,MMP7,0.819
CDH1,CDKN2A,0.713
CD274,CDH1,0.718
CDH1,CXCL12,0.726
CDH1,SOX2,0.73
CDH1,MMP3,0.739
CD24,CDH1,0.752
CAV1,CDH1,0.768
ANXA1,CDH1,0.776
CDH1,MYC,0.804
CDH1,KLF4,0.809
CDH1,RPSA,0.829
CDH1,ITGA1,0.851
CDH1,EGF,0.852
CDH1,CTNND2,0.862
CDH1,PTEN,0.93
CDH1,ERVFRD-1,0.932
CDH1,S100A8,0.944
CDH1,MMP9,0.957
CDH1,MET,0.959
CDH1,CDH3,0.967
CDH1,ERBB2,0.97
CDH1,CDH5,0.985
CDH1,EGFR,0.999
CDH13,CDH3,0.728
CDH13,CDKN2A,0.747
CDH13,RASSF1,0.906
CDH19,CDH3,0.74
CDH1,CDH3,0.967
CDH19,CDH3,0.74
CDH13,CDH3,0.728
CDH5,LYVE1,0.707
CDH5,VWF,0.881
CDH1,CDH5,0.985
CDH5,EGFR,0.736
CDH5,ESAM,0.85
CDH5,EMCN,0.786
CDH5,ROBO4,0.707
CDH5,SELE,0.98
CDH5,PTPRB,0.982
CAV1,CDH5,0.712
CDH5,TIE1,0.807
CDH5,TEK,0.901
ACVRL1,CDH5,0.717
CDH5,CLDN5,0.993
ANGPT1,CDH5,0.797
CDH5,PECAM1,0.999
CDKN2A,MLH1,0.855
CDKN2A,KRAS,0.992
CCNB1,CDKN2A,0.772
CDH1,CDKN2A,0.713
CDKN2A,TP63,0.741
CDH13,CDKN2A,0.747
CDKN2A,ERBB2,0.773
CDKN2A,EGFR,0.91
CDKN2A,CDKN2B,0.951
CDKN2A,MGMT,0.876
CDKN2A,SOX2,0.706
CDKN2A,E2F1,0.969
CDKN2A,RASSF1,0.894
CDKN2A,PTEN,0.923
CDKN2A,RUNX3,0.789
CDC45,CDKN2A,0.86
CDKN2A,FHIT,0.701
BRAF,CDKN2A,0.892
CDKN2A,MYC,0.998
CDKN2A,CDKN2B,0.951
CDKN2B,MYC,0.966
CDO1,GAD1,0.932
CEBPD,SOX2,0.789
ATF3,CEBPG,0.834
CENPF,DLGAP5,0.976
CENPF,E2F8,0.803
CCNB1,CENPF,0.988
ANLN,CENPF,0.842
CDCA5,CENPF,0.857
BUB1B,CENPF,0.999
CCNB2,CENPF,0.974
CENPF,MELK,0.919
CENPF,PCLAF,0.898
CENPF,TPX2,0.954
CENPF,UBE2C,0.94
CENPF,RRM2,0.822
CENPF,EXO1,0.9
CDC45,CENPF,0.776
CENPF,TK1,0.782
CENPF,DEPDC1,0.844
CENPF,UBE2T,0.853
CENPF,KIF4A,0.879
CENPF,HMMR,0.927
CENPF,NUSAP1,0.944
CCNA2,CENPF,0.944
CENPF,HJURP,0.946
CENPF,ZWINT,0.953
CENPF,CEP55,0.959
CENPF,KIF20A,0.96
CDCA8,CENPF,0.962
CENPF,TTK,0.967
CENPF,NEK2,0.97
CENPF,TOP2A,0.974
ASPM,CENPF,0.987
CDC20,CENPF,0.99
CEP55,DLGAP5,0.999
CCNB1,CEP55,0.94
CEP55,DEPDC1B,0.834
ANLN,CEP55,0.93
CDCA5,CEP55,0.873
BUB1B,CEP55,0.939
CCNB2,CEP55,0.907
CEP55,MELK,0.956
CEP55,PCLAF,0.861
CEP55,TPX2,0.944
CEP55,TYMS,0.767
CEP55,UBE2C,0.938
CEP55,RRM2,0.945
CENPF,CEP55,0.959
CEP55,NEK2,0.912
ASPM,CEP55,0.95
CEP55,TTK,0.945
CEP55,UHRF1,0.76
CEP55,UBE2T,0.768
CEP55,TK1,0.802
CEP55,ZWINT,0.867
CEP55,DEPDC1,0.877
CDC45,CEP55,0.896
CEP55,HJURP,0.921
CDCA8,CEP55,0.923
CCNA2,CEP55,0.923
CEP55,HMMR,0.926
CEP55,TOP2A,0.928
CEP55,NUSAP1,0.93
CDC20,CEP55,0.95
CEP55,KIF4A,0.951
CEP55,KIF20A,0.962
BPIFA1,CETP,0.764
CETP,CLU,0.887
CETP,LPL,0.94
CFD,CFP,0.845
CFP,COMP,0.748
CFP,CLU,0.717
C5AR1,CFP,0.766
CFP,FCN1,0.809
CFD,CFP,0.845
CLDN11,ESAM,0.711
CLDN11,CLDN5,0.728
CLDN18,CLDN5,0.704
CLDN11,CLDN5,0.728
CLDN5,VWF,0.92
CLDN5,ESAM,0.97
CLDN5,ROBO4,0.732
CAV1,CLDN5,0.733
CLDN18,CLDN5,0.704
CLDN5,MMP9,0.756
CLDN5,IL6,0.708
CBFB,CLDN5,0.75
CLDN5,PECAM1,0.845
CDH5,CLDN5,0.993
CLEC14A,MMRN2,0.927
CETP,CLU,0.887
CFP,CLU,0.717
CLU,CP,0.794
CLU,MMP9,0.718
CLU,SPP1,0.73
C8B,CLU,0.77
CLU,LPL,0.773
C7,CLU,0.847
CLU,SNCA,0.861
CLU,SERPINA1,0.896
COL10A1,MMP11,0.812
COL10A1,COMP,0.768
COL10A1,COL1A1,0.781
COL10A1,IBSP,0.787
COL10A1,MMP13,0.936
COL10A1,COL1A2,0.755
COL10A1,COL3A1,0.762
COL10A1,COL5A2,0.753
COL10A1,COL11A1,0.877
COL11A1,MMP11,0.732
COL11A1,COL1A1,0.965
COL11A1,COL1A2,0.992
COL11A1,COL3A1,0.965
COL10A1,COL11A1,0.877
COL11A1,THBS2,0.898
COL11A1,COL5A1,0.877
COL11A1,COL5A2,0.976
COL17A1,LAMA3,0.972
COL1A1,MMP13,0.702
COL1A1,PCOLCE2,0.703
COL1A1,IBSP,0.713
CD36,COL1A1,0.72
COL1A1,SPP1,0.747
COL1A1,ITGA8,0.765
COL1A1,MMP1,0.767
COL10A1,COL1A1,0.781
COL1A1,CTHRC1,0.795
COL1A1,THBS2,0.828
COL1A1,MMP9,0.84
COL1A1,VWF,0.877
COL1A1,ITGA1,0.879
COL11A1,COL1A1,0.965
COL1A1,SPARC,0.968
COL1A1,COL5A1,0.994
COL1A1,COL5A2,0.995
COL1A1,COL3A1,0.999
COL1A1,COL1A2,0.999
COL1A1,COL1A2,0.999
COL1A2,SPARC,0.959
COL1A2,ITGA1,0.855
COL1A2,CXCL12,0.727
CD36,COL1A2,0.735
COL1A2,ITGA8,0.747
COL10A1,COL1A2,0.755
COL1A2,THBS2,0.858
COL1A2,MMP9,0.904
COL1A2,COL5A1,0.989
COL11A1,COL1A2,0.992
COL1A2,COL5A2,0.998
COL1A2,COL3A1,0.999
COL1A1,COL3A1,0.999
COL3A1,SPARC,0.911
COL3A1,SULF1,0.748
COL3A1,ITGA1,0.723
COL1A2,COL3A1,0.999
COL3A1,CXCL12,0.739
COL3A1,MMP9,0.745
COL3A1,TGFBR2,0.75
COL10A1,COL3A1,0.762
COL3A1,THBS2,0.804
COL11A1,COL3A1,0.965
COL3A1,COL5A1,0.983
COL3A1,COL5A2,0.998
COL1A1,COL5A1,0.994
COL1A2,COL5A1,0.989
COL3A1,COL5A1,0.983
COL5A1,THBS2,0.742
COL11A1,COL5A1,0.877
COL5A1,COL5A2,0.996
COL1A1,COL5A2,0.995
COL1A2,COL5A2,0.998
COL3A1,COL5A2,0.998
COL10A1,COL5A2,0.753
COL5A2,THBS2,0.824
COL11A1,COL5A2,0.976
COL5A1,COL5A2,0.996
COL6A6,ITGA8,0.767
COMP,ITGA1,0.72
BMP2,COMP,0.737
CFP,COMP,0.748
COL10A1,COMP,0.768
CD36,COMP,0.953
CLU,CP,0.794
CP,SERPINA1,0.944
C8B,CPB2,0.716
CPB2,SERPIND1,0.764
CPB2,THBD,0.958
CD69,CR2,0.761
CD19,CR2,0.999
CD24,CR2,0.729
CR2,MME,0.795
CRABP2,RARA,0.902
CRYAB,SNCA,0.863
CSF3,SELE,0.716
CSF3,CXCL12,0.786
CSF3,IL7R,0.79
CSF3,LIFR,0.817
CSF3,CXCL5,0.823
CSF3,SOCS3,0.856
CSF3,EGFR,0.857
CSF3,CXCL2,0.897
CSF3,EGF,0.957
CSF3,FGF2,0.961
CSF3,CXCL8,0.971
CSF3,IL6,0.988
CSPG4,FGF2,0.813
CSRNP1,GADD45B,0.858
CSTA,TGM1,0.888
COL1A1,CTHRC1,0.795
CDH1,CTNND2,0.862
CTNND2,PDZD2,0.925
CXCL12,MIF,0.737
CSF3,CXCL12,0.786
ACKR4,CXCL12,0.865
CDH1,CXCL12,0.726
CXCL12,FGF2,0.896
CXCL12,EGF,0.79
CXCL12,EGFR,0.897
CXCL12,CXCL13,0.964
CXCL12,CXCL3,0.85
CXCL12,CXCL5,0.905
CXCL12,PPBP,0.999
COL1A2,CXCL12,0.727
COL3A1,CXCL12,0.739
CXCL12,CXCL8,0.951
CXCL12,MET,0.902
CXCL12,CXCR2,0.998
CXCL12,SELE,0.727
CXCL12,CXCL14,0.998
CXCL12,MMP9,0.891
CXCL12,TEK,0.825
CD274,CXCL12,0.757
ANGPT1,CXCL12,0.704
CXCL12,SLIT2,0.733
CXCL12,PECAM1,0.745
CXCL12,IL6,0.811
CXCL12,CXCL2,0.999
ACKR4,CXCL13,0.992
CXCL13,MMP9,0.701
CXCL13,IL6,0.726
CXCL13,CXCL8,0.783
CD19,CXCL13,0.785
CCL18,CXCL13,0.795
CXCL13,CXCL2,0.824
CXCL13,CXCL3,0.844
CXCL13,PPBP,0.853
CXCL13,CXCL5,0.902
CXCL12,CXCL13,0.964
CXCL13,CXCR2,0.997
CXCL14,CXCL3,0.768
CXCL14,CXCL5,0.997
CXCL14,PPBP,0.996
CXCL14,CXCR2,0.802
CXCL14,CXCL2,0.995
CXCL12,CXCL14,0.998
CSF3,CXCL2,0.897
CXCL13,CXCL2,0.824
CXCL2,CXCL3,0.995
CXCL2,CXCL5,0.998
CXCL2,PPBP,0.775
CXCL2,CXCL8,0.982
CXCL2,CXCR2,0.999
CXCL14,CXCL2,0.995
CXCL2,PTGS2,0.819
CXCL12,CXCL2,0.999
CXCL2,IL6,0.966
CCL18,CXCL2,0.704
CXCL13,CXCL3,0.844
CCL18,CXCL3,0.734
CXCL3,PPBP,0.765
CXCL14,CXCL3,0.768
CXCL3,IL6,0.81
CXCL12,CXCL3,0.85
CXCL3,CXCL8,0.895
CXCL2,CXCL3,0.995
CXCL3,CXCL5,0.999
CXCL3,CXCR2,0.999
CSF3,CXCL5,0.823
CXCL13,CXCL5,0.902
CXCL3,CXCL5,0.999
CXCL5,MMP1,0.729
CCL18,CXCL5,0.75
CXCL5,MMP9,0.83
CXCL5,PPBP,0.833
CXCL5,IL6,0.862
ACKR1,CXCL5,0.897
CXCL12,CXCL5,0.905
CXCL5,CXCL8,0.951
CXCL14,CXCL5,0.997
CXCL2,CXCL5,0.998
CXCL5,CXCR2,0.999
CSF3,CXCL8,0.971
CD69,CXCL8,0.756
CXCL8,MMP13,0.732
CXCL8,VWF,0.962
CXCL8,FGF2,0.857
CXCL8,EGF,0.717
CXCL8,SSTR1,0.703
CXCL8,EGFR,0.792
CXCL13,CXCL8,0.783
CXCL3,CXCL8,0.895
CXCL5,CXCL8,0.951
CXCL8,MMP3,0.821
CXCL8,GPR37,0.721
CXCL8,SFTPD,0.702
BDNF,CXCL8,0.713
CXCL8,PECAM1,0.733
CXCL8,SPP1,0.755
CXCL8,MMP1,0.762
CXCL8,S100A8,0.763
AGTR1,CXCL8,0.782
C5AR1,CXCL8,0.789
CXCL8,IL33,0.799
CXCL8,EDN1,0.803
CXCL8,S100A12,0.815
ANXA1,CXCL8,0.828
CXCL8,SELE,0.851
CCL18,CXCL8,0.855
CXCL8,MMP9,0.88
CXCL12,CXCL8,0.951
CXCL8,PTGS2,0.975
CXCL2,CXCL8,0.982
CXCL8,IL6,0.991
CXCL8,CXCR2,0.999
ACKR1,CXCL8,0.999
CXCR2,MIF,0.993
CXCL13,CXCR2,0.997
CXCL3,CXCR2,0.999
CXCL5,CXCR2,0.999
CXCR2,PPBP,0.999
CXCL8,CXCR2,0.999
CD274,CXCR2,0.708
CXCR2,MMP9,0.78
C5AR1,CXCR2,0.783
CCL18,CXCR2,0.785
CXCL14,CXCR2,0.802
CXCR2,IL6,0.812
CXCR2,FCGR3B,0.884
CXCL12,CXCR2,0.998
CXCL2,CXCR2,0.999
CA4,CYP24A1,0.77
CA3,CYP24A1,0.786
DACH1,SIX4,0.724
DACH1,SIX1,0.939
DAPK1,MGMT,0.783
DAPK1,RASSF1,0.811
DCC,SLIT2,0.858
CD274,DDX53,0.719
DEPDC1,DLGAP5,0.881
CCNB1,DEPDC1,0.871
DEPDC1,DEPDC1B,0.798
ANLN,DEPDC1,0.847
BUB1B,DEPDC1,0.85
CCNB2,DEPDC1,0.724
DEPDC1,MELK,0.751
DEPDC1,TPX2,0.903
CDC25C,DEPDC1,0.808
CENPF,DEPDC1,0.844
DEPDC1,NEK2,0.847
ASPM,DEPDC1,0.861
DEPDC1,TTK,0.931
CEP55,DEPDC1,0.877
CDC20,DEPDC1,0.761
CDCA8,DEPDC1,0.772
DEPDC1,KIF4A,0.797
DEPDC1,HMMR,0.907
DEPDC1,KIF20A,0.9
DEPDC1,TOP2A,0.733
DEPDC1,NUSAP1,0.711
DEPDC1,HJURP,0.832
CCNA2,DEPDC1,0.894
DEPDC1B,DLGAP5,0.878
CCNB1,DEPDC1B,0.845
DEPDC1B,UBE2T,0.706
DEPDC1B,NEK2,0.723
ANLN,DEPDC1B,0.74
DEPDC1B,KIF20A,0.795
BUB1B,DEPDC1B,0.797
DEPDC1,DEPDC1B,0.798
DEPDC1B,HMMR,0.812
CEP55,DEPDC1B,0.834
DKK2,WIF1,0.802
CAV1,DLC1,0.785
DLG3,LIN7A,0.771
DLG3,GRIA1,0.815
DLG3,NEDD4L,0.922
DLGAP5,GINS2,0.72
DLGAP5,EXO1,0.787
DLGAP5,E2F8,0.799
DLGAP5,TK1,0.811
DEPDC1B,DLGAP5,0.878
DEPDC1,DLGAP5,0.881
DLGAP5,PCLAF,0.881
CDC25C,DLGAP5,0.89
ANLN,DLGAP5,0.914
DLGAP5,ZWINT,0.92
CDCA5,DLGAP5,0.921
CDC45,DLGAP5,0.921
DLGAP5,HJURP,0.946
DLGAP5,RRM2,0.95
CDCA8,DLGAP5,0.961
DLGAP5,KIF4A,0.962
DLGAP5,NEK2,0.963
DLGAP5,NUSAP1,0.965
CCNB1,DLGAP5,0.965
DLGAP5,UBE2C,0.968
CCNA2,DLGAP5,0.97
DLGAP5,KIF20A,0.97
CCNB2,DLGAP5,0.974
CENPF,DLGAP5,0.976
DLGAP5,TTK,0.977
DLGAP5,TPX2,0.978
DLGAP5,TOP2A,0.978
CDC20,DLGAP5,0.981
BUB1B,DLGAP5,0.981
DLGAP5,MELK,0.982
ASPM,DLGAP5,0.994
DLGAP5,HMMR,0.999
CEP55,DLGAP5,0.999
DUOX1,XDH,0.711
E2F1,E2F8,0.928
CCNB1,E2F1,0.834
E2F1,EGFR,0.734
CCNB2,E2F1,0.785
E2F1,TYMS,0.748
E2F1,RRM2,0.798
CDC45,E2F1,0.813
CDC20,E2F1,0.828
E2F1,TK1,0.836
E2F1,PTEN,0.839
CDKN2A,E2F1,0.969
E2F1,MYC,0.995
CCNA2,E2F1,0.999
DLGAP5,E2F8,0.799
E2F8,TK1,0.714
E2F8,KIF20A,0.722
E2F8,MELK,0.745
E2F8,NEK2,0.753
E2F8,ZWINT,0.766
CDCA8,E2F8,0.769
E2F8,HJURP,0.771
E2F8,TTK,0.786
CENPF,E2F8,0.803
E2F8,RRM2,0.805
E2F8,TOP2A,0.808
CCNA2,E2F8,0.816
BUB1B,E2F8,0.836
E2F1,E2F8,0.928
EDN1,VWF,0.898
EDN1,FGF2,0.762
EDN1,EGF,0.795
EDN1,SSTR1,0.7
ADRB2,EDN1,0.812
CXCL8,EDN1,0.803
AGTR2,EDN1,0.807
EDN1,MMP9,0.963
EDN1,EDNRB,0.999
EDN1,IL6,0.765
AGTR1,EDN1,0.898
EDNRB,GDNF,0.9
EDN1,EDNRB,0.999
EFEMP1,EGFR,0.877
EFEMP1,MFAP4,0.784
EFNA4,ERBB2,0.72
EFNA4,EGFR,0.728
EFNA4,MET,0.741
EFNA4,EPHA10,0.985
EFNA4,EPHB2,0.921
CSF3,EGF,0.957
EGF,HBEGF,0.992
EGF,KRAS,0.854
EGF,VWF,0.711
CDH1,EGF,0.852
EGF,FGF2,0.969
EGF,SH3GL2,0.704
EGF,IL7R,0.715
EGF,SPP1,0.715
CXCL8,EGF,0.717
EGF,SOX2,0.725
ANGPT1,EGF,0.729
EGF,SH3GL3,0.736
EGF,GDNF,0.741
EGF,MMP9,0.741
EGF,GHR,0.743
EGF,PTEN,0.746
EGF,MMP1,0.778
EGF,FGFR4,0.78
EGF,TAC1,0.78
EGF,LIFR,0.788
CXCL12,EGF,0.79
EDN1,EGF,0.795
BDNF,EGF,0.798
EGF,MYC,0.836
EGF,RSPO1,0.861
EGF,IL6,0.89
EGF,TEK,0.897
EGF,MET,0.945
AREG,EGF,0.998
EGF,ERBB2,0.999
EGF,EGFR,0.999
CAV2,EGFR,0.977
CSF3,EGFR,0.857
EGFR,HBEGF,0.999
EGFR,KRAS,0.997
CCNB1,EGFR,0.804
CDH1,EGFR,0.999
EGFR,EPAS1,0.821
EGFR,FGF2,0.957
EGF,EGFR,0.999
EGFR,EPN3,0.835
EGFR,ERBB2,0.999
EGFR,SPINK1,0.702
EGFR,SH2D3C,0.713
EGFR,GSTP1,0.713
EGFR,PLCB4,0.714
EFNA4,EGFR,0.728
EGFR,SNCA,0.728
E2F1,EGFR,0.734
CDH5,EGFR,0.736
EGFR,MMP3,0.737
EGFR,SOX2,0.758
CDC25C,EGFR,0.772
EGFR,FCGR3A,0.778
EGFR,LRIG3,0.779
CXCL8,EGFR,0.792
ANXA1,EGFR,0.802
CD24,EGFR,0.806
AKAP12,EGFR,0.81
EGFR,SPP1,0.812
EGFR,NEDD4L,0.818
EGFR,S100A10,0.819
EGFR,MGMT,0.821
EGFR,MMP9,0.827
EGFR,PTGS2,0.836
EGFR,SOCS3,0.841
EGFR,GPER1,0.843
ANGPT1,EGFR,0.85
CD274,EGFR,0.87
EGFR,MYC,0.875
EFEMP1,EGFR,0.877
BDNF,EGFR,0.877
EGFR,SH3GL3,0.881
EGFR,SFN,0.884
CAVIN1,EGFR,0.885
CXCL12,EGFR,0.897
CDKN2A,EGFR,0.91
EGFR,LAPTM4B,0.927
ANXA2,EGFR,0.958
EGFR,PTEN,0.969
EGFR,SH3GL2,0.972
EGFR,IL6,0.979
EGFR,MET,0.996
CBLC,EGFR,0.997
CAV1,EGFR,0.999
AREG,EGFR,0.999
EGR1,IL6,0.778
EGR1,PTEN,0.789
EGR1,NR4A2,0.808
ARC,EGR1,0.851
EGR1,MYC,0.873
EGR1,NR4A1,0.873
ATF3,EGR1,0.873
EGR1,EGR3,0.876
EGR1,FOSB,0.987
EGR1,EGR3,0.876
EGR3,FOSB,0.956
EGR3,NR4A3,0.709
ATF3,EGR3,0.711
ARC,EGR3,0.722
EGR3,NR4A1,0.85
EMCN,LYVE1,0.746
CD300LG,EMCN,0.716
EMCN,TEK,0.754
CDH5,EMCN,0.786
EMCN,PECAM1,0.803
EPAS1,KLF4,0.704
EGFR,EPAS1,0.821
EPAS1,SOX2,0.874
EPAS1,MYC,0.932
EPB41L3,SPTBN1,0.894
EFNA4,EPHA10,0.985
EFNA4,EPHB2,0.921
EGFR,EPN3,0.835
ERBB2,HBEGF,0.944
ERBB2,KRAS,0.966
CDH1,ERBB2,0.97
ERBB2,FGF2,0.857
EGF,ERBB2,0.999
ERBB2,NTRK3,0.717
EFNA4,ERBB2,0.72
CAV1,ERBB2,0.735
ANGPT1,ERBB2,0.736
BDNF,ERBB2,0.746
ERBB2,IL6,0.752
CDKN2A,ERBB2,0.773
ALK,ERBB2,0.775
ERBB2,FCGR3B,0.789
CD274,ERBB2,0.798
ADRB2,ERBB2,0.822
ANK2,ERBB2,0.824
ERBB2,PTGS2,0.828
ERBB2,FGFR4,0.829
ERBB2,FCGR3A,0.839
ERBB2,MET,0.847
ERBB2,PTEN,0.868
ERBB2,MYC,0.886
AREG,ERBB2,0.959
EGFR,ERBB2,0.999
ERCC4,MLH1,0.848
ERCC4,XRCC1,0.886
ERCC4,EXO1,0.83
ERCC4,UBE2T,0.832
ERCC4,ERCC5,0.998
ERCC5,MLH1,0.823
ERCC5,XRCC1,0.881
ERCC4,ERCC5,0.998
CBFB,ERG,0.821
ERO1A,PPP1R15A,0.726
CDH1,ERVFRD-1,0.932
CLDN11,ESAM,0.711
ESAM,VWF,0.77
ESAM,PECAM1,0.728
ESAM,SELE,0.743
CDH5,ESAM,0.85
CLDN5,ESAM,0.97
ETV4,GDNF,0.719
EXO1,MLH1,0.999
DLGAP5,EXO1,0.787
CCNB1,EXO1,0.773
EXO1,XRCC1,0.742
ANLN,EXO1,0.754
BUB1B,EXO1,0.807
CCNB2,EXO1,0.744
EXO1,MELK,0.9
EXO1,TPX2,0.807
EXO1,MGMT,0.709
EXO1,RMI2,0.887
ERCC4,EXO1,0.83
EXO1,TYMS,0.701
EXO1,RRM2,0.788
EXO1,ZWINT,0.724
EXO1,NUSAP1,0.742
EXO1,HJURP,0.746
CDC20,EXO1,0.796
EXO1,TOP2A,0.797
EXO1,RAD54L,0.832
ASPM,EXO1,0.848
CCNA2,EXO1,0.879
EXO1,TTK,0.896
CENPF,EXO1,0.9
CDC45,EXO1,0.963
EYA4,SIX4,0.803
EYA4,TCF21,0.805
EYA4,SIX1,0.895
FABP4,LPL,0.965
CD36,FABP4,0.969
FCGR3A,GZMB,0.799
CD69,FCGR3A,0.826
ERBB2,FCGR3A,0.839
EGFR,FCGR3A,0.778
FCGR3A,IL7R,0.858
AOC3,FCGR3A,0.795
CD19,FCGR3A,0.997
FCGR3A,KLRD1,0.801
FCGR3A,PECAM1,0.781
FCGR3A,IL6,0.796
FCGR3A,LILRB2,0.811
FCGR3A,MNDA,0.851
CD274,FCGR3A,0.878
FCGR3A,PRF1,0.891
CD36,FCGR3A,0.928
FCGR3A,FCGR3B,0.978
FCGR3B,GZMB,0.765
CD69,FCGR3B,0.823
ERBB2,FCGR3B,0.789
FCGR3B,IL7R,0.853
AOC3,FCGR3B,0.794
CD19,FCGR3B,0.997
CXCR2,FCGR3B,0.884
FCGR3B,KLRD1,0.795
FCGR3A,FCGR3B,0.978
FCGR3B,MNDA,0.705
FCGR3B,S100A12,0.724
CD274,FCGR3B,0.879
FCGR3B,IL6,0.796
FCGR3B,PRF1,0.889
CD36,FCGR3B,0.923
FCGR3B,PECAM1,0.744
CFP,FCN1,0.809
FCN1,FCN3,0.904
FCN1,PTX3,0.982
FCN1,FCN3,0.904
CD19,FCRLA,0.931
CSF3,FGF2,0.961
FGF2,HBEGF,0.829
FGF2,KRAS,0.82
ANOS1,FGF2,0.781
FGF2,TIE1,0.701
FGF2,GPC3,0.706
FGF2,MYC,0.708
FGF2,MMP1,0.737
FGF2,MMP3,0.743
FGF2,KLF4,0.743
EDN1,FGF2,0.762
FGF2,PTGS2,0.79
FGF2,PECAM1,0.801
CSPG4,FGF2,0.813
ANGPT1,FGF2,0.822
BDNF,FGF2,0.84
CXCL8,FGF2,0.857
ERBB2,FGF2,0.857
FGF2,GDNF,0.864
FGF2,IL6,0.882
CXCL12,FGF2,0.896
FGF2,MET,0.905
FGF2,MMP9,0.919
FGF2,SOX2,0.933
BMP2,FGF2,0.937
FGF2,TEK,0.941
EGFR,FGF2,0.957
EGF,FGF2,0.969
FGF2,PTX3,0.982
FGF2,FGFR4,0.999
FGFBP2,NKG7,0.77
FGFBP2,GNLY,0.85
FGFR4,KRAS,0.948
FGFR4,KLB,0.999
FGF2,FGFR4,0.999
EGF,FGFR4,0.78
ERBB2,FGFR4,0.829
BDNF,FGFR4,0.708
AREG,FGFR4,0.712
ANGPT1,FGFR4,0.716
CBLC,FGFR4,0.726
FGFR4,KL,0.992
FHIT,RASSF1,0.72
CDKN2A,FHIT,0.701
ADGRL2,FLRT3,0.872
ADGRL3,FLRT3,0.999
EGR1,FOSB,0.987
FOSB,MYC,0.712
ARC,FOSB,0.725
FOSB,NR4A3,0.736
FOSB,NR4A2,0.903
FOSB,NR4A1,0.907
ATF3,FOSB,0.941
EGR3,FOSB,0.956
FOXE1,PAX8,0.94
ANXA1,FPR2,0.999
FRAS1,ITGA8,0.94
FRAS1,NPNT,0.869
B3GNT3,FUT2,0.95
FXYD1,TAC1,0.756
ATP1A2,FXYD1,0.946
CDO1,GAD1,0.932
ASPA,GAD1,0.822
ALDH3A1,GAD1,0.926
ATF3,GADD45B,0.824
CSRNP1,GADD45B,0.858
CCNB2,GADD45B,0.926
CCNB1,GADD45B,0.97
GDF15,TGFBR2,0.96
GDNF,HBEGF,0.72
FGF2,GDNF,0.864
EGF,GDNF,0.741
GDNF,GFRA3,0.997
ETV4,GDNF,0.719
GDNF,SOX2,0.719
GDNF,NTRK3,0.972
EDNRB,GDNF,0.9
BDNF,GDNF,0.963
GDNF,GFRA3,0.997
EGF,GHR,0.743
GHR,SOCS3,0.85
GHR,IL6,0.749
GHR,SOCS2,0.993
GIMAP1,GIMAP7,0.833
GIMAP1,GIMAP8,0.893
GIMAP1,GIMAP7,0.833
GIMAP7,GIMAP8,0.895
GIMAP1,GIMAP8,0.893
GIMAP7,GIMAP8,0.895
GINS1,GINS2,0.999
CCNB1,GINS1,0.711
GINS1,UBE2C,0.701
GINS1,RRM2,0.819
GINS1,ZWINT,0.849
CDC45,GINS1,0.999
DLGAP5,GINS2,0.72
GINS2,TOP2A,0.711
GINS2,TYMS,0.743
CCNB2,GINS2,0.844
CDC45,GINS2,0.999
GINS1,GINS2,0.999
GJB2,GJB6,0.99
GJB2,GJB6,0.99
GNG11,PLCB4,0.703
GNG11,NMU,0.711
GNLY,GZMB,0.995
GNLY,NKG7,0.951
FGFBP2,GNLY,0.85
GNLY,KLRD1,0.904
GNLY,STX11,0.719
GNLY,LILRB2,0.703
GNLY,PRF1,0.999
GNLY,KLRF1,0.744
GOLM1,GPC3,0.736
GPC3,SALL4,0.729
FGF2,GPC3,0.706
GOLM1,GPC3,0.736
GPC3,HS6ST2,0.752
GPD1,PLPP2,0.85
GPER1,NMU,0.707
EGFR,GPER1,0.843
GPIHBP1,LPL,0.999
GPR37,SSTR1,0.701
CXCL8,GPR37,0.721
GPR37,SNCA,0.8
GPT2,PSAT1,0.724
GPX3,SOD1,0.887
GPX3,NQO1,0.733
GPX3,GSTM3,0.803
GPX3,XDH,0.881
GPX3,IL6,0.733
GPX3,MGST1,0.788
GPX3,GSTP1,0.84
GREM1,SCG5,0.761
BMP2,GREM1,0.995
ADRB2,GRIA1,0.706
ARC,GRIA1,0.814
DLG3,GRIA1,0.815
BDNF,GRIA1,0.828
GRIA1,SYN2,0.754
ADRB2,GRK5,0.91
ADRB1,GRK5,0.752
AGTR1,GRK5,0.739
ADH1B,GSTM3,0.721
ALDH3A1,GSTM3,0.726
GSTM3,GSTP1,0.758
GPX3,GSTM3,0.803
GSTM3,MGST1,0.812
GSTM3,GSTZ1,0.927
GSTP1,SOD1,0.718
EGFR,GSTP1,0.713
GSTP1,MGMT,0.725
ADH1B,GSTP1,0.767
GSTP1,NQO1,0.728
GSTP1,RASSF1,0.811
GSTM3,GSTP1,0.758
GSTP1,MTHFR,0.725
GPX3,GSTP1,0.84
GSTP1,MGST1,0.83
ALDH3A1,GSTP1,0.758
GSTP1,GSTZ1,0.945
GSTZ1,HGD,0.996
GSTM3,GSTZ1,0.927
GSTP1,GSTZ1,0.945
GUCY1A2,PDE5A,0.804
GUCY1A2,NOS1,0.912
FCGR3B,GZMB,0.765
GZMB,IL7R,0.772
GZMB,KLF2,0.783
CD274,GZMB,0.784
FCGR3A,GZMB,0.799
CD19,GZMB,0.805
CD69,GZMB,0.838
GZMB,KLRD1,0.863
GZMB,NKG7,0.917
GNLY,GZMB,0.995
GZMB,PRF1,0.999
HABP2,SERPIND1,0.809
HAS1,HYAL1,0.73
HBB,KLF1,0.889
GDNF,HBEGF,0.72
HBEGF,ZBTB16,0.758
HBEGF,ST6GALNAC5,0.766
HBEGF,MMP7,0.768
AREG,HBEGF,0.785
FGF2,HBEGF,0.829
HBEGF,PTGS2,0.83
HBEGF,MMP3,0.843
ERBB2,HBEGF,0.944
HBEGF,MMP9,0.95
EGF,HBEGF,0.992
EGFR,HBEGF,0.999
GSTZ1,HGD,0.996
DLGAP5,HJURP,0.946
E2F8,HJURP,0.771
CCNB1,HJURP,0.871
CDCA5,HJURP,0.861
BUB1B,HJURP,0.897
CCNB2,HJURP,0.905
HJURP,MELK,0.924
HJURP,PCLAF,0.763
HJURP,TPX2,0.892
CDC25C,HJURP,0.865
HJURP,UBE2C,0.924
HJURP,RRM2,0.866
EXO1,HJURP,0.746
CENPF,HJURP,0.946
HJURP,NEK2,0.812
ASPM,HJURP,0.931
HJURP,TTK,0.929
CEP55,HJURP,0.921
CDC20,HJURP,0.925
CDCA8,HJURP,0.923
HJURP,ZWINT,0.773
HJURP,KIF4A,0.918
HJURP,HMMR,0.878
HJURP,KIF20A,0.935
CDC45,HJURP,0.882
HJURP,TOP2A,0.911
DEPDC1,HJURP,0.832
HJURP,TK1,0.723
CCNA2,HJURP,0.877
HJURP,NUSAP1,0.926
DLGAP5,HMMR,0.999
HMMR,LYVE1,0.853
CCNB1,HMMR,0.942
DEPDC1B,HMMR,0.812
ANLN,HMMR,0.88
CDCA5,HMMR,0.831
BUB1B,HMMR,0.882
CCNB2,HMMR,0.888
HMMR,MELK,0.884
HMMR,PCLAF,0.754
HMMR,TPX2,0.979
CDC25C,HMMR,0.72
HMMR,UBE2C,0.896
HMMR,RRM2,0.807
CENPF,HMMR,0.927
HMMR,NEK2,0.87
ASPM,HMMR,0.928
HMMR,TTK,0.881
CEP55,HMMR,0.926
CDC20,HMMR,0.882
CDCA8,HMMR,0.864
HMMR,ZWINT,0.891
HMMR,KIF4A,0.877
CDC45,HMMR,0.748
HMMR,HYAL2,0.868
HJURP,HMMR,0.878
HMMR,NUSAP1,0.896
HMMR,TOP2A,0.902
DEPDC1,HMMR,0.907
HMMR,KIF20A,0.909
CCNA2,HMMR,0.921
GPC3,HS6ST2,0.752
HSD17B6,SRD5A1,0.976
AOX1,HSD17B6,0.918
AKAP12,HSPA12B,0.774
HAS1,HYAL1,0.73
HYAL2,LYVE1,0.732
HMMR,HYAL2,0.868
COL1A1,IBSP,0.713
IBSP,ITGA1,0.706
BMP2,IBSP,0.773
COL10A1,IBSP,0.787
IBSP,MMP3,0.922
IBSP,MMP9,0.928
IBSP,SPARC,0.931
IBSP,SPP1,0.991
IGF2BP3,KIF20A,0.714
IL1RL1,IL7R,0.727
IL1RL1,IL33,0.999
IL1RL1,IL33,0.999
IL33,IL37,0.705
CXCL8,IL33,0.799
IL33,IL6,0.798
IL33,IL37,0.705
IL6,MIF,0.708
CSF3,IL6,0.988
CD69,IL6,0.72
EGR1,IL6,0.778
IL6,KRAS,0.823
IL6,MMP13,0.757
IL6,VWF,0.716
IL6,MAP3K8,0.764
FGF2,IL6,0.882
EGF,IL6,0.89
ERBB2,IL6,0.752
EGFR,IL6,0.979
CXCL13,IL6,0.726
IL6,PTX3,0.806
CXCL3,IL6,0.81
CXCL5,IL6,0.862
IL6,MMP3,0.887
IL6,IL7R,0.916
CXCL8,IL6,0.991
CD19,IL6,0.836
IL6,MET,0.856
CXCR2,IL6,0.812
IL6,MMP1,0.854
IL6,SOCS3,0.947
IL6,SELE,0.884
CAV1,IL6,0.714
ATF3,IL6,0.779
IL6,PTGS2,0.96
FCGR3A,IL6,0.796
IL6,MMP9,0.959
EDN1,IL6,0.765
IL6,TEK,0.726
IL33,IL6,0.798
CD274,IL6,0.799
GPX3,IL6,0.733
IL6,SPP1,0.748
CXCL12,IL6,0.811
CLDN5,IL6,0.708
IL6,LPL,0.707
IL6,PECAM1,0.709
IL6,MYC,0.73
CD36,IL6,0.73
IL6,MMP12,0.743
GHR,IL6,0.749
FCGR3B,IL6,0.796
BDNF,IL6,0.846
IL6,LIFR,0.956
CXCL2,IL6,0.966
GZMB,IL7R,0.772
CSF3,IL7R,0.79
CD69,IL7R,0.9
IL1RL1,IL7R,0.727
EGF,IL7R,0.715
IL7R,PRF1,0.713
CD19,IL7R,0.808
FCGR3B,IL7R,0.853
FCGR3A,IL7R,0.858
IL6,IL7R,0.916
AOC1,INMT,0.912
COMP,ITGA1,0.72
COL1A1,ITGA1,0.879
IBSP,ITGA1,0.706
ITGA1,VWF,0.706
CDH1,ITGA1,0.851
ITGA1,THBS2,0.72
COL3A1,ITGA1,0.723
ITGA1,LAMA3,0.746
ITGA1,SPP1,0.747
ITGA1,ITGA8,0.795
COL1A2,ITGA1,0.855
COL1A1,ITGA8,0.765
ITGA8,VWF,0.708
ITGA1,ITGA8,0.795
COL1A2,ITGA8,0.747
ITGA8,LAMA3,0.81
COL6A6,ITGA8,0.767
ITGA8,THBS2,0.743
ITGA8,SPP1,0.904
FRAS1,ITGA8,0.94
ITGA8,NPNT,0.999
ANXA2,KCNK3,0.737
KCNK3,KCNK5,0.814
KCNK3,S100A10,0.957
KCNK3,KCNK5,0.814
DLGAP5,KIF20A,0.97
E2F8,KIF20A,0.722
CCNB1,KIF20A,0.954
IGF2BP3,KIF20A,0.714
DEPDC1B,KIF20A,0.795
ANLN,KIF20A,0.949
CDCA5,KIF20A,0.88
BUB1B,KIF20A,0.977
CCNB2,KIF20A,0.938
KIF20A,MELK,0.929
KIF20A,PCLAF,0.826
KIF20A,TPX2,0.972
CDC25C,KIF20A,0.849
KIF20A,UBE2C,0.961
KIF20A,RRM2,0.935
CENPF,KIF20A,0.96
KIF20A,NEK2,0.948
ASPM,KIF20A,0.975
KIF20A,TTK,0.923
CEP55,KIF20A,0.962
CDC20,KIF20A,0.981
CDCA8,KIF20A,0.98
KIF20A,ZWINT,0.887
KIF20A,KIF4A,0.992
HMMR,KIF20A,0.909
KIF20A,UHRF1,0.764
KIF20A,TK1,0.791
CDC45,KIF20A,0.797
DEPDC1,KIF20A,0.9
HJURP,KIF20A,0.935
KIF20A,NUSAP1,0.956
CCNA2,KIF20A,0.974
KIF20A,TOP2A,0.974
DLGAP5,KIF4A,0.962
CCNB1,KIF4A,0.931
ANLN,KIF4A,0.782
CDCA5,KIF4A,0.887
BUB1B,KIF4A,0.968
CCNB2,KIF4A,0.864
KIF4A,MELK,0.964
KIF4A,TPX2,0.965
CDC25C,KIF4A,0.798
KIF4A,UBE2C,0.905
KIF4A,RRM2,0.927
CENPF,KIF4A,0.879
KIF4A,NEK2,0.858
ASPM,KIF4A,0.952
KIF4A,TTK,0.921
CEP55,KIF4A,0.951
CDC20,KIF4A,0.941
CDCA8,KIF4A,0.932
KIF4A,ZWINT,0.848
KIF4A,TK1,0.718
CDC45,KIF4A,0.73
DEPDC1,KIF4A,0.797
HMMR,KIF4A,0.877
CCNA2,KIF4A,0.895
KIF4A,TOP2A,0.915
HJURP,KIF4A,0.918
KIF4A,NUSAP1,0.924
KIF20A,KIF4A,0.992
KISS1R,PROK2,0.918
FGFR4,KL,0.992
FGFR4,KLB,0.999
KLF1,LDB2,0.802
HBB,KLF1,0.889
KLF1,TAL1,0.928
GZMB,KLF2,0.783
KLF2,MYC,0.779
KLF2,SOX2,0.798
KLF2,S1PR1,0.856
KLF4,TBX3,0.878
CDH1,KLF4,0.809
EPAS1,KLF4,0.704
FGF2,KLF4,0.743
KLF4,SOX2,0.998
KLF4,MYC,0.945
ATF3,KLF6,0.721
GZMB,KLRD1,0.863
KLRD1,NKG7,0.907
CD274,KLRD1,0.78
FCGR3B,KLRD1,0.795
FCGR3A,KLRD1,0.801
KLRD1,KLRF1,0.815
GNLY,KLRD1,0.904
KLRD1,PRF1,0.951
KLRD1,KLRF1,0.815
KLRF1,PRF1,0.734
GNLY,KLRF1,0.744
KRAS,MLH1,0.868
KRAS,RUNX3,0.71
KRAS,PTGS2,0.718
CDH1,KRAS,0.723
KRAS,RASAL1,0.741
KRAS,PAX8,0.747
KRAS,NTRK3,0.757
AREG,KRAS,0.766
CD274,KRAS,0.774
FGF2,KRAS,0.82
IL6,KRAS,0.823
EGF,KRAS,0.854
KRAS,ROS1,0.862
KRAS,MYC,0.872
KRAS,NOS1,0.903
KRAS,PTEN,0.936
AGER,KRAS,0.944
FGFR4,KRAS,0.948
ERBB2,KRAS,0.966
KRAS,MET,0.979
KRAS,RASSF1,0.987
ALK,KRAS,0.989
CDKN2A,KRAS,0.992
EGFR,KRAS,0.997
BRAF,KRAS,0.999
KRT15,KRT6A,0.766
KRT6A,SPRR1A,0.713
KRT15,KRT6A,0.766
LAMA3,MMP7,0.701
ITGA1,LAMA3,0.746
ITGA8,LAMA3,0.81
COL17A1,LAMA3,0.972
CD207,LAMP3,0.753
EGFR,LAPTM4B,0.927
KLF1,LDB2,0.802
LDB2,TAL1,0.995
LGR4,RSPO1,0.999
CSF3,LIFR,0.817
EGF,LIFR,0.788
IL6,LIFR,0.956
CBFB,LIFR,0.75
ANGPTL1,LILRB2,0.807
FCGR3A,LILRB2,0.811
LILRB2,MNDA,0.797
GNLY,LILRB2,0.703
DLG3,LIN7A,0.771
CETP,LPL,0.94
FABP4,LPL,0.965
CLU,LPL,0.773
LPL,PLPP2,0.913
IL6,LPL,0.707
CD36,LPL,0.877
GPIHBP1,LPL,0.999
EGFR,LRIG3,0.779
LRIG3,ROS1,0.74
APC,LRRK2,0.745
LRRK2,SH3GL3,0.872
LRRK2,SH3GL2,0.887
LRRK2,SFN,0.975
LRRK2,SNCA,0.986
CDH5,LYVE1,0.707
LYVE1,VWF,0.724
HYAL2,LYVE1,0.732
EMCN,LYVE1,0.746
LYVE1,PECAM1,0.822
HMMR,LYVE1,0.853
ATF3,MAFF,0.868
IL6,MAP3K8,0.764
MARCO,SCGB3A2,0.789
MDK,PTPRB,0.825
ALK,MDK,0.997
DLGAP5,MELK,0.982
E2F8,MELK,0.745
CCNB1,MELK,0.972
ANLN,MELK,0.831
CDCA5,MELK,0.875
BUB1B,MELK,0.953
CCNB2,MELK,0.975
MELK,UBE2T,0.706
MELK,TYMS,0.737
DEPDC1,MELK,0.751
MELK,TK1,0.792
CDC25C,MELK,0.821
MELK,NEK2,0.822
MELK,PCLAF,0.871
CDC45,MELK,0.876
HMMR,MELK,0.884
EXO1,MELK,0.9
CDCA8,MELK,0.902
MELK,ZWINT,0.903
CENPF,MELK,0.919
HJURP,MELK,0.924
KIF20A,MELK,0.929
MELK,NUSAP1,0.93
MELK,TTK,0.931
MELK,RRM2,0.933
CCNA2,MELK,0.939
ASPM,MELK,0.946
MELK,UBE2C,0.948
MELK,TOP2A,0.955
CEP55,MELK,0.956
MELK,TPX2,0.958
KIF4A,MELK,0.964
CDC20,MELK,0.964
KRAS,MET,0.979
CDH1,MET,0.959
FGF2,MET,0.905
EGF,MET,0.945
ERBB2,MET,0.847
EGFR,MET,0.996
EFNA4,MET,0.741
BDNF,MET,0.742
CD274,MET,0.743
MET,MMP9,0.746
MET,PTEN,0.755
ANGPT1,MET,0.77
MET,SH3GL3,0.782
AREG,MET,0.804
IL6,MET,0.856
CXCL12,MET,0.902
MET,S100A8,0.927
MFAP4,MFAP5,0.713
EFEMP1,MFAP4,0.784
MFAP4,MFAP5,0.713
MGMT,MLH1,0.866
MGMT,XRCC1,0.731
EGFR,MGMT,0.821
EXO1,MGMT,0.709
MGMT,PTEN,0.711
GSTP1,MGMT,0.725
DAPK1,MGMT,0.783
MGMT,RASSF1,0.868
CDKN2A,MGMT,0.876
ADH1B,MGST1,0.701
GSTM3,MGST1,0.812
GPX3,MGST1,0.788
ALDH3A1,MGST1,0.719
GSTP1,MGST1,0.83
IL6,MIF,0.708
CXCL12,MIF,0.737
MIF,SOD1,0.744
CXCR2,MIF,0.993
MLH1,TGFBR2,0.702
MLH1,RASSF1,0.721
MLH1,XRCC1,0.773
ERCC5,MLH1,0.823
MLH1,PTEN,0.83
ERCC4,MLH1,0.848
CDKN2A,MLH1,0.855
MGMT,MLH1,0.866
KRAS,MLH1,0.868
BRAF,MLH1,0.876
EXO1,MLH1,0.999
MME,PAX8,0.719
CD1A,MME,0.759
CD19,MME,0.954
MME,TAC1,0.721
CR2,MME,0.795
MMP1,MMP11,0.772
COL1A1,MMP1,0.767
MMP1,MMP7,0.878
FGF2,MMP1,0.737
EGF,MMP1,0.778
CXCL5,MMP1,0.729
MMP1,MMP3,0.985
CXCL8,MMP1,0.762
MMP1,PTGS2,0.757
IL6,MMP1,0.854
MMP1,MMP9,0.974
COL11A1,MMP11,0.732
MMP11,MMP7,0.75
MMP1,MMP11,0.772
COL10A1,MMP11,0.812
MMP12,MMP7,0.737
MMP12,MMP3,0.764
IL6,MMP12,0.743
COL1A1,MMP13,0.702
CXCL8,MMP13,0.732
IL6,MMP13,0.757
CBFB,MMP13,0.794
COL10A1,MMP13,0.936
IBSP,MMP3,0.922
HBEGF,MMP3,0.843
MMP3,MMP7,0.787
CDH1,MMP3,0.739
FGF2,MMP3,0.743
EGFR,MMP3,0.737
MMP12,MMP3,0.764
CXCL8,MMP3,0.821
IL6,MMP3,0.887
MMP3,MMP9,0.956
MMP1,MMP3,0.985
MMP3,SPP1,0.997
MMP11,MMP7,0.75
HBEGF,MMP7,0.768
LAMA3,MMP7,0.701
MMP12,MMP7,0.737
MMP3,MMP7,0.787
CDH1,MMP7,0.819
MMP1,MMP7,0.878
MMP7,MMP9,0.883
MMP7,SPP1,0.941
COL1A1,MMP9,0.84
IBSP,MMP9,0.928
HBEGF,MMP9,0.95
MMP7,MMP9,0.883
MMP9,VWF,0.805
CDH1,MMP9,0.957
FGF2,MMP9,0.919
EGF,MMP9,0.741
MMP9,SCUBE3,0.845
EGFR,MMP9,0.827
CXCL13,MMP9,0.701
CXCL5,MMP9,0.83
COL1A2,MMP9,0.904
MMP3,MMP9,0.956
COL3A1,MMP9,0.745
CXCL8,MMP9,0.88
CLU,MMP9,0.718
MET,MMP9,0.746
CXCR2,MMP9,0.78
MMP1,MMP9,0.974
MMP9,THBS2,0.968
MMP9,PTGS2,0.815
MMP9,S100A12,0.707
MMP9,PTEN,0.766
MMP9,MYC,0.704
BDNF,MMP9,0.74
MMP9,PECAM1,0.743
CLDN5,MMP9,0.756
MMP9,RECK,0.758
CXCL12,MMP9,0.891
MMP9,SPP1,0.947
IL6,MMP9,0.959
EDN1,MMP9,0.963
MMRN1,VWF,0.72
MMRN2,USHBP1,0.754
MMRN2,ROBO4,0.736
CLEC14A,MMRN2,0.927
FCGR3A,MNDA,0.851
FCGR3B,MNDA,0.705
LILRB2,MNDA,0.797
MTHFR,TYMS,0.991
GSTP1,MTHFR,0.725
MUC16,MUC20,0.865
MUC16,MUC5B,0.867
MUC16,MUC20,0.865
MUC20,MUC5B,0.917
MUC16,MUC5B,0.867
AGR2,MUC5B,0.726
MUC20,MUC5B,0.917
EGR1,MYC,0.873
FOSB,MYC,0.712
KLF2,MYC,0.779
KRAS,MYC,0.872
CCNB1,MYC,0.872
CDH1,MYC,0.804
EPAS1,MYC,0.932
FGF2,MYC,0.708
EGF,MYC,0.836
ERBB2,MYC,0.886
EGFR,MYC,0.875
CDKN2B,MYC,0.966
MYC,SOX2,0.958
ATF3,MYC,0.737
E2F1,MYC,0.995
ANXA2,MYC,0.951
MYC,PTGS2,0.715
MYC,PTEN,0.908
MMP9,MYC,0.704
KLF4,MYC,0.945
ALK,MYC,0.896
MYC,RUNX3,0.837
IL6,MYC,0.73
CDKN2A,MYC,0.998
BRAF,MYC,0.722
CCNA2,MYC,0.734
MYC,TFAP2A,0.938
ACTN2,NEBL,0.808
EGFR,NEDD4L,0.818
NEDD4L,SCNN1G,0.997
NEDD4L,SFN,0.916
DLG3,NEDD4L,0.922
DLGAP5,NEK2,0.963
E2F8,NEK2,0.753
CCNB1,NEK2,0.91
DEPDC1B,NEK2,0.723
ANLN,NEK2,0.787
CDCA5,NEK2,0.722
BUB1B,NEK2,0.999
CCNB2,NEK2,0.902
MELK,NEK2,0.822
NEK2,TPX2,0.942
CDC25C,NEK2,0.814
NEK2,UBE2C,0.923
NEK2,RRM2,0.724
CENPF,NEK2,0.97
NEK2,ZWINT,0.785
HJURP,NEK2,0.812
NEK2,TTK,0.845
DEPDC1,NEK2,0.847
KIF4A,NEK2,0.858
HMMR,NEK2,0.87
CDCA8,NEK2,0.9
NEK2,NUSAP1,0.905
CEP55,NEK2,0.912
ASPM,NEK2,0.916
NEK2,TOP2A,0.928
CCNA2,NEK2,0.943
KIF20A,NEK2,0.948
CDC20,NEK2,0.999
NFIB,SOX2,0.757
GZMB,NKG7,0.917
FGFBP2,NKG7,0.77
KLRD1,NKG7,0.907
NKG7,PRF1,0.933
GNLY,NKG7,0.951
GNG11,NMU,0.711
GPER1,NMU,0.707
KRAS,NOS1,0.903
GUCY1A2,NOS1,0.912
NOS1,XDH,0.923
ITGA8,NPNT,0.999
FRAS1,NPNT,0.869
GSTP1,NQO1,0.728
GPX3,NQO1,0.733
EGR1,NR4A1,0.873
FOSB,NR4A1,0.907
EGR3,NR4A1,0.85
ATF3,NR4A1,0.772
NR4A1,NR4A2,0.782
NR4A1,NR4A3,0.817
EGR1,NR4A2,0.808
FOSB,NR4A2,0.903
ATF3,NR4A2,0.75
NR4A2,SNCA,0.748
NR4A1,NR4A2,0.782
NR4A2,NR4A3,0.842
FOSB,NR4A3,0.736
EGR3,NR4A3,0.709
NR4A2,NR4A3,0.842
CBFB,NR4A3,0.75
NR4A1,NR4A3,0.817
BDNF,NRN1,0.825
KRAS,NTRK3,0.757
ERBB2,NTRK3,0.717
GDNF,NTRK3,0.972
BDNF,NTRK3,0.999
DLGAP5,NUSAP1,0.965
CCNB1,NUSAP1,0.923
ANLN,NUSAP1,0.712
CDCA5,NUSAP1,0.832
BUB1B,NUSAP1,0.953
CCNB2,NUSAP1,0.962
MELK,NUSAP1,0.93
NUSAP1,PCLAF,0.914
NUSAP1,TPX2,0.964
NUSAP1,TYMS,0.905
NUSAP1,UBE2C,0.964
NUSAP1,RRM2,0.951
EXO1,NUSAP1,0.742
CENPF,NUSAP1,0.944
NEK2,NUSAP1,0.905
ASPM,NUSAP1,0.94
NUSAP1,TTK,0.926
CEP55,NUSAP1,0.93
CDC20,NUSAP1,0.946
CDCA8,NUSAP1,0.949
NUSAP1,ZWINT,0.902
KIF4A,NUSAP1,0.924
HMMR,NUSAP1,0.896
KIF20A,NUSAP1,0.956
CDC45,NUSAP1,0.895
NUSAP1,TOP2A,0.999
DEPDC1,NUSAP1,0.711
HJURP,NUSAP1,0.926
NUSAP1,TK1,0.747
CCNA2,NUSAP1,0.922
KRAS,PAX8,0.747
MME,PAX8,0.719
FOXE1,PAX8,0.94
DLGAP5,PCLAF,0.881
CCNB1,PCLAF,0.796
BUB1B,PCLAF,0.875
CCNB2,PCLAF,0.882
MELK,PCLAF,0.871
PCLAF,TPX2,0.724
HMMR,PCLAF,0.754
HJURP,PCLAF,0.763
PCLAF,UBE2T,0.785
PCLAF,TTK,0.81
PCLAF,TK1,0.82
KIF20A,PCLAF,0.826
CDC45,PCLAF,0.833
CDCA8,PCLAF,0.839
PCLAF,UHRF1,0.854
PCLAF,TYMS,0.859
CEP55,PCLAF,0.861
CDC20,PCLAF,0.881
CCNA2,PCLAF,0.886
CENPF,PCLAF,0.898
PCLAF,RRM2,0.907
ASPM,PCLAF,0.909
PCLAF,ZWINT,0.913
NUSAP1,PCLAF,0.914
PCLAF,TOP2A,0.92
PCLAF,UBE2C,0.938
COL1A1,PCOLCE2,0.703
GUCY1A2,PDE5A,0.804
ADCY8,PDE5A,0.863
CTNND2,PDZD2,0.925
CD93,PECAM1,0.792
LYVE1,PECAM1,0.822
PECAM1,VWF,0.918
FGF2,PECAM1,0.801
ESAM,PECAM1,0.728
EMCN,PECAM1,0.803
CXCL8,PECAM1,0.733
PECAM1,SELE,0.959
FCGR3A,PECAM1,0.781
MMP9,PECAM1,0.743
PECAM1,TIE1,0.827
PECAM1,TEK,0.842
CXCL12,PECAM1,0.745
CLDN5,PECAM1,0.845
IL6,PECAM1,0.709
CD36,PECAM1,0.851
FCGR3B,PECAM1,0.744
CD24,PECAM1,0.847
CDH5,PECAM1,0.999
PIP5K1B,PLCB4,0.724
PIP5K1B,PTEN,0.917
PITX2,TFAP2A,0.701
PLA2G1B,PTGS2,0.748
PLA2G1B,PLA2G4A,0.814
PLA2G1B,PLA2G4A,0.814
ANXA1,PLA2G4A,0.813
PLA2G4A,PTGS2,0.962
GNG11,PLCB4,0.703
PIP5K1B,PLCB4,0.724
EGFR,PLCB4,0.714
PLCB4,PTEN,0.915
GPD1,PLPP2,0.85
PLPP2,UGT8,0.929
PLPP2,SGPP2,0.964
LPL,PLPP2,0.913
PPBP,VWF,0.773
CXCL13,PPBP,0.853
CXCL3,PPBP,0.765
CXCL5,PPBP,0.833
CXCL2,PPBP,0.775
ACKR1,PPBP,0.836
CXCL14,PPBP,0.996
CXCR2,PPBP,0.999
CXCL12,PPBP,0.999
ERO1A,PPP1R15A,0.726
ATF3,PPP1R15A,0.896
GZMB,PRF1,0.999
NKG7,PRF1,0.933
CD69,PRF1,0.799
IL7R,PRF1,0.713
KLRD1,PRF1,0.951
PRF1,STX11,0.826
FCGR3A,PRF1,0.891
CD274,PRF1,0.719
KLRF1,PRF1,0.734
FCGR3B,PRF1,0.889
GNLY,PRF1,0.999
PRKCI,RHOJ,0.823
PRKCI,PTEN,0.933
KISS1R,PROK2,0.918
ANOS1,PROK2,0.945
GPT2,PSAT1,0.724
MLH1,PTEN,0.83
EGR1,PTEN,0.789
KRAS,PTEN,0.936
CDH1,PTEN,0.93
EGF,PTEN,0.746
PIP5K1B,PTEN,0.917
ERBB2,PTEN,0.868
EGFR,PTEN,0.969
PRKCI,PTEN,0.933
MGMT,PTEN,0.711
MET,PTEN,0.755
PTEN,SOX2,0.743
CAV1,PTEN,0.912
E2F1,PTEN,0.839
CD274,PTEN,0.714
ALK,PTEN,0.722
MMP9,PTEN,0.766
MYC,PTEN,0.908
PLCB4,PTEN,0.915
CDKN2A,PTEN,0.923
BRAF,PTEN,0.943
PTGDS,PTGS2,0.945
HBEGF,PTGS2,0.83
KRAS,PTGS2,0.718
FGF2,PTGS2,0.79
ERBB2,PTGS2,0.828
EGFR,PTGS2,0.836
CXCL8,PTGS2,0.975
PLA2G1B,PTGS2,0.748
MMP1,PTGS2,0.757
CAV1,PTGS2,0.826
PLA2G4A,PTGS2,0.962
PTGS2,XDH,0.704
MYC,PTGS2,0.715
MMP9,PTGS2,0.815
CXCL2,PTGS2,0.819
PTGDS,PTGS2,0.945
IL6,PTGS2,0.96
ANGPT1,PTPRB,0.705
PTPRB,TIE1,0.75
MDK,PTPRB,0.825
PTPRB,TEK,0.896
CDH5,PTPRB,0.982
FGF2,PTX3,0.982
IL6,PTX3,0.806
FCN1,PTX3,0.982
BRAF,QKI,0.74
BUB1B,RAD54L,0.745
EXO1,RAD54L,0.832
CDCA8,RAD54L,0.761
CDC45,RAD54L,0.856
RAMP2,RAMP3,0.991
RAMP2,VIPR1,0.942
CALCRL,RAMP2,0.999
RAMP3,VIPR1,0.753
RAMP2,RAMP3,0.991
CALCRL,RAMP3,0.999
ADCY8,RAPGEF4,0.971
ADRB2,RAPGEF4,0.753
CRABP2,RARA,0.902
RARA,ZBTB16,0.997
KRAS,RASAL1,0.741
MLH1,RASSF1,0.721
KRAS,RASSF1,0.987
CDH13,RASSF1,0.906
MGMT,RASSF1,0.868
FHIT,RASSF1,0.72
CDC20,RASSF1,0.808
DAPK1,RASSF1,0.811
GSTP1,RASSF1,0.811
CDKN2A,RASSF1,0.894
RECK,SPARC,0.761
MMP9,RECK,0.758
CCNB1,RGCC,0.81
PRKCI,RHOJ,0.823
EXO1,RMI2,0.887
CDH5,ROBO4,0.707
CLDN5,ROBO4,0.732
MMRN2,ROBO4,0.736
ROBO4,SLIT2,0.998
KRAS,ROS1,0.862
LRIG3,ROS1,0.74
CD274,ROS1,0.761
CDH1,RPSA,0.829
DLGAP5,RRM2,0.95
E2F8,RRM2,0.805
CCNB1,RRM2,0.905
GINS1,RRM2,0.819
ANLN,RRM2,0.785
BUB1B,RRM2,0.922
CCNB2,RRM2,0.913
MELK,RRM2,0.933
PCLAF,RRM2,0.907
RRM2,TPX2,0.943
RRM2,TYMS,0.939
E2F1,RRM2,0.798
RRM2,UBE2C,0.931
NEK2,RRM2,0.724
EXO1,RRM2,0.788
HMMR,RRM2,0.807
RRM2,TTK,0.82
CENPF,RRM2,0.822
RRM2,UHRF1,0.85
ASPM,RRM2,0.854
CDCA8,RRM2,0.861
HJURP,RRM2,0.866
CDC45,RRM2,0.87
CDC20,RRM2,0.907
RRM2,TK1,0.914
KIF4A,RRM2,0.927
KIF20A,RRM2,0.935
CCNA2,RRM2,0.939
RRM2,ZWINT,0.942
CEP55,RRM2,0.945
NUSAP1,RRM2,0.951
RRM2,TOP2A,0.956
ABCA4,RS1,0.771
EGF,RSPO1,0.861
LGR4,RSPO1,0.999
KRAS,RUNX3,0.71
RUNX3,SPP1,0.827
CDKN2A,RUNX3,0.789
MYC,RUNX3,0.837
CBFB,RUNX3,0.999
EGFR,S100A10,0.819
KCNK3,S100A10,0.957
ANXA2,S100A10,0.999
CAVIN1,S100A10,0.729
S100A10,S100A3,0.74
ANXA1,S100A10,0.977
CXCL8,S100A12,0.815
S100A12,S100A8,0.995
MMP9,S100A12,0.707
FCGR3B,S100A12,0.724
AGER,S100A12,0.999
S100A2,S100A3,0.767
S100A10,S100A3,0.74
S100A2,S100A3,0.767
CDH1,S100A8,0.944
CXCL8,S100A8,0.763
MET,S100A8,0.927
S100A12,S100A8,0.995
AGER,S100P,0.962
CD69,S1PR1,0.995
KLF2,S1PR1,0.856
GPC3,SALL4,0.729
SALL4,TBX3,0.829
SALL4,SOX2,0.983
SCEL,SULF1,0.752
GREM1,SCG5,0.761
SCGB1A1,SFTPD,0.837
SCGB1A1,SFTPC,0.95
SCGB1A1,SCGB3A2,0.95
SCGB1A1,SCGB3A2,0.95
MARCO,SCGB3A2,0.789
SCGB3A2,SFTPC,0.85
ATP1A2,SCN1A,0.926
SCN1A,SCN4B,0.996
SCN4B,SCNN1G,0.906
SCN1A,SCN4B,0.996
ANK2,SCN4B,0.862
SCN4B,SCN7A,0.936
SCN4B,SCN7A,0.936
SCN4B,SCNN1G,0.906
NEDD4L,SCNN1G,0.997
MMP9,SCUBE3,0.845
SCUBE3,TGFBR2,0.875
CSF3,SELE,0.716
SELE,VWF,0.806
ESAM,SELE,0.743
CXCL8,SELE,0.851
CD36,SELE,0.724
CXCL12,SELE,0.727
SELE,THBD,0.734
IL6,SELE,0.884
CD24,SELE,0.899
PECAM1,SELE,0.959
CDH5,SELE,0.98
CP,SERPINA1,0.944
CLU,SERPINA1,0.896
CPB2,SERPIND1,0.764
HABP2,SERPIND1,0.809
SERPIND1,THBD,0.846
CCNB1,SFN,0.965
SFN,TP63,0.716
EGFR,SFN,0.884
CCNB2,SFN,0.919
LRRK2,SFN,0.975
CDC25C,SFN,0.966
BRAF,SFN,0.885
NEDD4L,SFN,0.916
SCGB1A1,SFTPC,0.95
SCGB3A2,SFTPC,0.85
AGER,SFTPC,0.87
SFTPC,SFTPD,0.99
SCGB1A1,SFTPD,0.837
CXCL8,SFTPD,0.702
SFTPC,SFTPD,0.99
AGER,SFTPD,0.776
SGPP2,UGT8,0.934
PLPP2,SGPP2,0.964
EGFR,SH2D3C,0.713
EGF,SH3GL2,0.704
EGFR,SH3GL2,0.972
LRRK2,SH3GL2,0.887
SH3GL2,SH3GL3,0.931
CBLC,SH3GL2,0.8
EGF,SH3GL3,0.736
EGFR,SH3GL3,0.881
LRRK2,SH3GL3,0.872
MET,SH3GL3,0.782
CBLC,SH3GL3,0.814
SH3GL2,SH3GL3,0.931
ARC,SH3GL3,0.976
SHOX2,TBX3,0.736
EYA4,SIX1,0.895
DACH1,SIX1,0.939
DACH1,SIX4,0.724
EYA4,SIX4,0.803
BDNF,SLC6A4,0.922
ABCC3,SLCO1A2,0.721
ROBO4,SLIT2,0.998
CXCL12,SLIT2,0.733
DCC,SLIT2,0.858
BMP2,SMAD9,0.872
ACVRL1,SMAD9,0.91
SNCA,SOD1,0.897
EGFR,SNCA,0.728
LRRK2,SNCA,0.986
GPR37,SNCA,0.8
CLU,SNCA,0.861
NR4A2,SNCA,0.748
BDNF,SNCA,0.798
CRYAB,SNCA,0.863
SOCS2,SOCS3,0.962
GHR,SOCS2,0.993
CSF3,SOCS3,0.856
EGFR,SOCS3,0.841
CBFB,SOCS3,0.763
GHR,SOCS3,0.85
IL6,SOCS3,0.947
SOCS2,SOCS3,0.962
MIF,SOD1,0.744
CAT,SOD1,0.92
GSTP1,SOD1,0.718
GPX3,SOD1,0.887
SNCA,SOD1,0.897
SALL4,SOX2,0.983
KLF2,SOX2,0.798
SOX2,TBX3,0.907
CDH1,SOX2,0.73
EPAS1,SOX2,0.874
FGF2,SOX2,0.933
SOX2,TP63,0.93
EGF,SOX2,0.725
EGFR,SOX2,0.758
ANXA1,SOX2,0.701
CDKN2A,SOX2,0.706
GDNF,SOX2,0.719
CD24,SOX2,0.734
PTEN,SOX2,0.743
NFIB,SOX2,0.757
CEBPD,SOX2,0.789
MYC,SOX2,0.958
KLF4,SOX2,0.998
COL1A1,SPARC,0.968
IBSP,SPARC,0.931
BMP2,SPARC,0.702
SPARC,THBS2,0.735
RECK,SPARC,0.761
SPARC,VWF,0.765
COL3A1,SPARC,0.911
COL1A2,SPARC,0.959
SPARC,SPP1,0.984
AGR2,SPDEF,0.784
EGFR,SPINK1,0.702
COL1A1,SPP1,0.747
IBSP,SPP1,0.991
SPARC,SPP1,0.984
MMP7,SPP1,0.941
SPP1,VWF,0.807
EGF,SPP1,0.715
EGFR,SPP1,0.812
ITGA1,SPP1,0.747
MMP3,SPP1,0.997
CXCL8,SPP1,0.755
CLU,SPP1,0.73
SPP1,THBS2,0.726
MMP9,SPP1,0.947
ITGA8,SPP1,0.904
BMP2,SPP1,0.921
IL6,SPP1,0.748
CBFB,SPP1,0.788
RUNX3,SPP1,0.827
SPRR1A,TGM1,0.743
KRT6A,SPRR1A,0.713
EPB41L3,SPTBN1,0.894
ANK2,SPTBN1,0.997
SRD5A1,UGT2B4,0.743
HSD17B6,SRD5A1,0.976
EDN1,SSTR1,0.7
GPR37,SSTR1,0.701
CXCL8,SSTR1,0.703
ST6GALNAC1,ST6GALNAC5,0.712
ST6GALNAC1,ST6GALNAC5,0.712
HBEGF,ST6GALNAC5,0.766
GNLY,STX11,0.719
PRF1,STX11,0.826
COL3A1,SULF1,0.748
SCEL,SULF1,0.752
GRIA1,SYN2,0.754
ACTN2,SYNPO2,0.736
EGF,TAC1,0.78
MME,TAC1,0.721
FXYD1,TAC1,0.756
BDNF,TAC1,0.84
KLF1,TAL1,0.928
CBFB,TAL1,0.843
LDB2,TAL1,0.995
SALL4,TBX3,0.829
SHOX2,TBX3,0.736
KLF4,TBX3,0.878
SOX2,TBX3,0.907
EYA4,TCF21,0.805
ANGPTL1,TEK,0.866
TEK,VWF,0.757
FGF2,TEK,0.941
EGF,TEK,0.897
EMCN,TEK,0.754
PTPRB,TEK,0.896
TEK,TIE1,0.827
AREG,TEK,0.708
IL6,TEK,0.726
BDNF,TEK,0.739
CXCL12,TEK,0.825
PECAM1,TEK,0.842
CDH5,TEK,0.901
ANGPT1,TEK,0.999
MYC,TFAP2A,0.938
PITX2,TFAP2A,0.701
TGFBR2,TGFBR3,0.986
MLH1,TGFBR2,0.702
GDF15,TGFBR2,0.96
SCUBE3,TGFBR2,0.875
COL3A1,TGFBR2,0.75
ADAM12,TGFBR2,0.853
ALK,TGFBR2,0.947
ACVRL1,TGFBR2,0.992
BMP2,TGFBR3,0.825
TGFBR2,TGFBR3,0.986
SPRR1A,TGM1,0.743
CSTA,TGM1,0.888
ABCA12,TGM1,0.952
CPB2,THBD,0.958
SERPIND1,THBD,0.846
THBD,VWF,0.912
SELE,THBD,0.734
COL1A1,THBS2,0.828
SPARC,THBS2,0.735
ITGA1,THBS2,0.72
COL1A2,THBS2,0.858
COL3A1,THBS2,0.804
SPP1,THBS2,0.726
COL5A1,THBS2,0.742
ITGA8,THBS2,0.743
COL5A2,THBS2,0.824
COL11A1,THBS2,0.898
MMP9,THBS2,0.968
CD36,THBS2,0.995
ANGPTL1,TIE1,0.732
FGF2,TIE1,0.701
PTPRB,TIE1,0.75
CDH5,TIE1,0.807
PECAM1,TIE1,0.827
TEK,TIE1,0.827
ANGPT1,TIE1,0.998
DLGAP5,TK1,0.811
E2F8,TK1,0.714
CCNB1,TK1,0.879
CCNB2,TK1,0.88
MELK,TK1,0.792
PCLAF,TK1,0.82
TK1,TPX2,0.792
TK1,TYMS,0.991
E2F1,TK1,0.836
TK1,UBE2C,0.873
RRM2,TK1,0.914
CENPF,TK1,0.782
ASPM,TK1,0.763
CEP55,TK1,0.802
CDC20,TK1,0.883
CDCA8,TK1,0.704
TK1,ZWINT,0.898
KIF4A,TK1,0.718
KIF20A,TK1,0.791
CDC45,TK1,0.836
TK1,TOP2A,0.806
HJURP,TK1,0.723
TK1,UBE2T,0.705
NUSAP1,TK1,0.747
CCNA2,TK1,0.78
DLGAP5,TOP2A,0.978
E2F8,TOP2A,0.808
GINS2,TOP2A,0.711
CCNB1,TOP2A,0.989
ANLN,TOP2A,0.861
CDCA5,TOP2A,0.917
BUB1B,TOP2A,0.98
CCNB2,TOP2A,0.975
MELK,TOP2A,0.955
PCLAF,TOP2A,0.92
TOP2A,TPX2,0.942
TOP2A,TYMS,0.96
CDC25C,TOP2A,0.797
TOP2A,UBE2C,0.973
RRM2,TOP2A,0.956
EXO1,TOP2A,0.797
CENPF,TOP2A,0.974
NEK2,TOP2A,0.928
ASPM,TOP2A,0.996
TOP2A,TTK,0.958
CEP55,TOP2A,0.928
CDC20,TOP2A,0.98
CDCA8,TOP2A,0.92
TOP2A,ZWINT,0.875
KIF4A,TOP2A,0.915
HMMR,TOP2A,0.902
KIF20A,TOP2A,0.974
CDC45,TOP2A,0.917
DEPDC1,TOP2A,0.733
TK1,TOP2A,0.806
TOP2A,UHRF1,0.855
HJURP,TOP2A,0.911
CCNA2,TOP2A,0.982
NUSAP1,TOP2A,0.999
SFN,TP63,0.716
CDKN2A,TP63,0.741
SOX2,TP63,0.93
DLGAP5,TPX2,0.978
CCNB1,TPX2,0.949
ANLN,TPX2,0.923
CDCA5,TPX2,0.883
BUB1B,TPX2,0.936
CCNB2,TPX2,0.953
MELK,TPX2,0.958
PCLAF,TPX2,0.724
CDC45,TPX2,0.766
TK1,TPX2,0.792
TPX2,UBE2T,0.799
EXO1,TPX2,0.807
HJURP,TPX2,0.892
DEPDC1,TPX2,0.903
TPX2,ZWINT,0.913
CDCA8,TPX2,0.919
TPX2,TTK,0.935
TOP2A,TPX2,0.942
NEK2,TPX2,0.942
RRM2,TPX2,0.943
CEP55,TPX2,0.944
ASPM,TPX2,0.949
CENPF,TPX2,0.954
CCNA2,TPX2,0.954
CDC20,TPX2,0.961
NUSAP1,TPX2,0.964
KIF4A,TPX2,0.965
TPX2,UBE2C,0.965
KIF20A,TPX2,0.972
HMMR,TPX2,0.979
ANK2,TRPM8,0.8
DLGAP5,TTK,0.977
E2F8,TTK,0.786
CCNB1,TTK,0.936
ANLN,TTK,0.704
CDCA5,TTK,0.734
BUB1B,TTK,0.991
CCNB2,TTK,0.96
MELK,TTK,0.931
PCLAF,TTK,0.81
TPX2,TTK,0.935
CDC25C,TTK,0.787
TTK,UBE2C,0.911
RRM2,TTK,0.82
EXO1,TTK,0.896
CENPF,TTK,0.967
NEK2,TTK,0.845
ASPM,TTK,0.957
TTK,ZWINT,0.766
CDC45,TTK,0.787
HMMR,TTK,0.881
KIF4A,TTK,0.921
KIF20A,TTK,0.923
NUSAP1,TTK,0.926
HJURP,TTK,0.929
DEPDC1,TTK,0.931
CCNA2,TTK,0.939
CEP55,TTK,0.945
CDCA8,TTK,0.946
TOP2A,TTK,0.958
CDC20,TTK,0.99
GINS2,TYMS,0.743
CCNB1,TYMS,0.841
ANLN,TYMS,0.729
CDCA5,TYMS,0.73
BUB1B,TYMS,0.72
CCNB2,TYMS,0.868
MELK,TYMS,0.737
PCLAF,TYMS,0.859
EXO1,TYMS,0.701
E2F1,TYMS,0.748
CDC20,TYMS,0.757
ASPM,TYMS,0.76
CEP55,TYMS,0.767
TYMS,ZWINT,0.845
TYMS,UBE2C,0.858
CCNA2,TYMS,0.865
CDC45,TYMS,0.884
NUSAP1,TYMS,0.905
RRM2,TYMS,0.939
TOP2A,TYMS,0.96
TK1,TYMS,0.991
MTHFR,TYMS,0.991
DLGAP5,UBE2C,0.968
CCNB1,UBE2C,0.99
GINS1,UBE2C,0.701
ANLN,UBE2C,0.773
CDCA5,UBE2C,0.835
BUB1B,UBE2C,0.991
CCNB2,UBE2C,0.968
MELK,UBE2C,0.948
PCLAF,UBE2C,0.938
TPX2,UBE2C,0.965
TYMS,UBE2C,0.858
CDC25C,UBE2C,0.816
UBE2C,UBE2T,0.794
CDC45,UBE2C,0.836
TK1,UBE2C,0.873
UBE2C,ZWINT,0.878
HMMR,UBE2C,0.896
KIF4A,UBE2C,0.905
TTK,UBE2C,0.911
NEK2,UBE2C,0.923
HJURP,UBE2C,0.924
RRM2,UBE2C,0.931
CEP55,UBE2C,0.938
CENPF,UBE2C,0.94
ASPM,UBE2C,0.943
KIF20A,UBE2C,0.961
NUSAP1,UBE2C,0.964
CDCA8,UBE2C,0.966
TOP2A,UBE2C,0.973
CCNA2,UBE2C,0.994
CDC20,UBE2C,0.999
CCNB1,UBE2T,0.851
DEPDC1B,UBE2T,0.706
CDCA5,UBE2T,0.823
MELK,UBE2T,0.706
PCLAF,UBE2T,0.785
TPX2,UBE2T,0.799
ERCC4,UBE2T,0.832
UBE2C,UBE2T,0.794
CENPF,UBE2T,0.853
ASPM,UBE2T,0.827
CEP55,UBE2T,0.768
UBE2T,ZWINT,0.73
CDC45,UBE2T,0.751
TK1,UBE2T,0.705
UBE2T,UHRF1,0.709
SRD5A1,UGT2B4,0.743
ADH1B,UGT2B4,0.71
AOX1,UGT2B4,0.937
PLPP2,UGT8,0.929
SGPP2,UGT8,0.934
CDCA5,UHRF1,0.762
PCLAF,UHRF1,0.854
RRM2,UHRF1,0.85
CEP55,UHRF1,0.76
CDCA8,UHRF1,0.743
UHRF1,ZWINT,0.702
KIF20A,UHRF1,0.764
TOP2A,UHRF1,0.855
UBE2T,UHRF1,0.709
CCNA2,UHRF1,0.742
ADGRL3,UNC5CL,0.969
ADGRL2,UNC5CL,0.97
MMRN2,USHBP1,0.754
RAMP3,VIPR1,0.753
RAMP2,VIPR1,0.942
COL1A1,VWF,0.877
SPARC,VWF,0.765
LYVE1,VWF,0.724
ITGA1,VWF,0.706
ITGA8,VWF,0.708
EGF,VWF,0.711
IL6,VWF,0.716
MMRN1,VWF,0.72
ANGPT1,VWF,0.755
TEK,VWF,0.757
ESAM,VWF,0.77
PPBP,VWF,0.773
CD36,VWF,0.803
MMP9,VWF,0.805
SELE,VWF,0.806
SPP1,VWF,0.807
CDH5,VWF,0.881
EDN1,VWF,0.898
THBD,VWF,0.912
PECAM1,VWF,0.918
CLDN5,VWF,0.92
CXCL8,VWF,0.962
DKK2,WIF1,0.802
DUOX1,XDH,0.711
BTNL9,XDH,0.988
PTGS2,XDH,0.704
GPX3,XDH,0.881
NOS1,XDH,0.923
MLH1,XRCC1,0.773
MGMT,XRCC1,0.731
EXO1,XRCC1,0.742
ERCC5,XRCC1,0.881
ERCC4,XRCC1,0.886
HBEGF,ZBTB16,0.758
RARA,ZBTB16,0.997
DLGAP5,ZWINT,0.92
E2F8,ZWINT,0.766
CCNB1,ZWINT,0.95
GINS1,ZWINT,0.849
CDCA5,ZWINT,0.908
BUB1B,ZWINT,0.996
CCNB2,ZWINT,0.92
MELK,ZWINT,0.903
PCLAF,ZWINT,0.913
TPX2,ZWINT,0.913
TYMS,ZWINT,0.845
UBE2C,ZWINT,0.878
RRM2,ZWINT,0.942
EXO1,ZWINT,0.724
CENPF,ZWINT,0.953
NEK2,ZWINT,0.785
ASPM,ZWINT,0.818
TTK,ZWINT,0.766
CEP55,ZWINT,0.867
CDC20,ZWINT,0.968
CDCA8,ZWINT,0.78
UHRF1,ZWINT,0.702
UBE2T,ZWINT,0.73
HJURP,ZWINT,0.773
CDC45,ZWINT,0.842
KIF4A,ZWINT,0.848
TOP2A,ZWINT,0.875
KIF20A,ZWINT,0.887
HMMR,ZWINT,0.891
TK1,ZWINT,0.898
CCNA2,ZWINT,0.901
NUSAP1,ZWINT,0.902
