SYMBOL,degree,is_biomarker
A2M,34,0
AATF,6,0
ABAT,6,0
ABCA1,12,0
ABCC4,2,0
ABCG1,6,0
ABCG2,12,0
ABL2,2,0
ACACA,8,0
ACER3,4,0
ACSBG1,8,0
ACSL1,16,1
ACSL4,14,0
ACSL6,8,0
ACTA1,28,0
ACTA2,36,0
ACTC1,20,0
ACTG2,22,0
ACTN4,30,1
ADA2,2,0
ADAM12,8,0
ADAM22,4,0
ADAM28,2,0
ADAMTS2,4,0
ADAP1,2,0
ADAP2,2,0
ADCY2,22,0
ADCY8,24,0
ADCYAP1R1,2,0
ADD3,6,1
ADGRG1,2,0
ADGRL3,10,0
ADO,2,1
AGT,40,0
AHCY,2,0
AHRR,2,0
AIF1,46,0
AJUBA,2,0
AK5,4,0
AKR1C3,4,0
ALDH1A1,22,1
ALDH1A2,6,0
ALDH1A3,6,0
ALDH1L1,10,0
ALDH5A1,12,0
ALOX5,16,1
AMACR,4,1
AMMECR1,4,0
AMPH,18,0
ANKRD1,2,0
ANLN,22,0
ANO1,4,0
ANP32E,2,0
ANPEP,22,0
AOPEP,2,0
APBB1IP,18,0
APBB2,2,0
APC2,4,0
APEH,2,0
APLNR,10,0
APOC1,18,0
APOD,8,1
APOE,84,0
ARF3,4,0
ARHGAP24,2,0
ARHGAP26,4,0
ARHGEF6,8,0
ARPP19,2,0
ARPP21,2,0
ASCL1,18,0
ASTN2,6,0
ATG16L1,6,0
ATP1A2,8,0
ATP1B2,4,0
ATP2B2,2,0
ATP5MC2,4,0
ATP6V0D2,4,0
ATP6V1E1,4,1
ATRX,20,1
AURKA,38,1
B4GALNT3,2,0
BAALC,2,0
BACE2,2,0
BAG2,2,0
BBOX1,4,0
BCAN,8,1
BCAS1,2,0
BCHE,8,0
BCL11A,12,0
BCL11B,4,0
BCL6,24,1
BDNF,72,0
BLID,2,0
BLNK,12,0
BMP1,18,0
BMP4,44,0
BMP7,22,0
BMPR1B,10,1
BOC,4,0
BRAF,38,1
BRPF1,2,0
BST1,4,0
BST2,20,0
C15orf40,2,0
C1QA,40,0
C1QB,36,0
C1QC,18,0
C1R,22,0
C1S,24,0
C3,44,1
C3AR1,26,0
C5,6,0
CA2,4,0
CACNA1E,8,0
CACNA2D1,16,0
CACNB2,16,0
CACNB4,22,0
CACNG3,18,0
CALCRL,2,0
CALD1,20,0
CALU,8,0
CAMK2A,50,0
CAMK2B,40,0
CAP2,2,0
CARD16,4,0
CASP1,38,0
CASP14,2,0
CASP8,30,1
CAV1,56,1
CAV2,8,0
CAVIN1,16,0
CAVIN3,4,0
CBLIF,2,0
CBX3,6,1
CCDC65,2,0
CCL18,10,0
CCL3,34,1
CCL4,22,0
CCL8,4,1
CCN1,6,0
CCNA1,24,1
CCNA2,52,1
CCNB1IP1,2,0
CCNB2,42,1
CCND1,62,1
CCND2,16,0
CCR1,34,0
CD14,22,0
CD163,42,1
CD248,6,0
CD27,26,0
CD276,10,1
CD300A,2,0
CD44,150,1
CD53,18,0
CD74,34,1
CD83,6,0
CD84,2,0
CD86,54,0
CDC25B,16,1
CDCA7L,4,0
CDH12,8,0
CDH13,12,0
CDH18,4,0
CDH4,6,0
CDH8,10,0
CDK2,46,1
CDK6,30,0
CDKN2A,46,1
CEBPA,32,1
CEBPD,16,0
CELF2,2,0
CELF5,2,0
CENPP,2,0
CENPV,2,0
CEP97,2,0
CFD,2,0
CFL2,22,0
CHI3L1,2,1
CHM,8,0
CHST9,2,0
CLASRP,6,0
CLDN5,12,0
CLEC7A,24,0
CLU,56,0
CMPK2,22,0
CNN1,20,0
CNN2,2,0
CNR1,12,0
CNTNAP2,10,0
COBL,4,0
COL11A1,8,0
COL14A1,8,0
COL18A1,22,0
COL1A1,72,0
COL4A1,42,1
COL4A5,26,0
COL8A1,6,0
COLGALT1,2,0
CORO1A,6,0
COX19,2,0
CP,18,0
CPPED1,2,0
CPS1,6,1
CREB3L1,2,0
CRHR1,4,0
CRP,46,1
CRY2,6,1
CSF1R,128,0
CSPG4,8,1
CST3,16,0
CSTA,10,0
CTLA4,34,0
CTNNA2,22,0
CTNND2,8,0
CTSH,6,0
CTSS,38,0
CWC27,10,0
CX3CL1,24,0
CX3CR1,36,0
CXCL16,12,0
CYBB,44,0
CYP1B1,14,0
CYP24A1,4,0
CYP2C8,18,0
CYSLTR1,2,0
DAB2,10,1
DAGLB,2,0
DCAF1,8,0
DCDC2,2,0
DCLK1,4,0
DCX,18,0
DDX10,2,0
DDX17,12,1
DDX5,22,1
DEPDC7,2,0
DGKD,2,0
DGKG,4,0
DGKZ,4,0
DHCR24,2,0
DISC1,8,0
DLC1,6,0
DLG1,18,0
DLK1,4,0
DLL1,8,0
DMTN,4,0
DNAJC10,8,1
DNER,8,0
DOCK1,2,0
DOCK11,2,0
DOCK5,2,0
DPP6,8,0
DPP7,2,0
DPP9,2,0
DSCAM,8,0
DSCAML1,2,0
DSG2,10,0
DSP,18,0
DTNA,6,0
DTX1,6,1
EDN1,20,0
EDNRB,8,0
EGF,126,0
EGFL7,2,1
EGFR,212,1
EGLN3,6,0
EIF3L,2,0
EIF4EBP1,4,0
ELAVL4,4,0
ELOA,4,0
ELOVL2,4,0
ELOVL6,6,0
EN1,2,1
ENAH,8,0
ENTPD1,14,0
EPCAM,26,0
EPHA2,60,0
EPHB1,4,0
EPHB2,2,0
ERG,2,0
ERP44,2,0
ETNK1,2,1
EVA1A,2,0
EVI2B,6,0
EVL,8,0
EXT1,6,0
EYA1,2,0
F13A1,6,1
FABP7,8,1
FAF1,4,0
FAM20C,6,0
FAM241A,2,0
FANCD2,14,1
FAP,2,0
FARP2,6,0
FBLIM1,6,1
FBN1,38,0
FCER1G,52,1
FCGR2A,38,0
FGF1,44,1
FGF10,32,1
FGF11,2,1
FGF13,34,1
FGF14,2,1
FGF16,26,1
FGF17,44,1
FGF18,34,1
FGF19,24,1
FGF2,96,1
FGF20,28,1
FGF21,8,1
FGF22,30,1
FGF23,42,1
FGF3,36,1
FGF4,42,1
FGF5,36,1
FGF6,32,1
FGF7,38,1
FGF8,48,1
FGF9,34,1
FGL2,6,0
FHL2,6,0
FKBP5,10,0
FLG,6,0
FLNA,48,1
FLNB,26,0
FLNC,40,0
FLRT3,10,0
FN1,186,1
FOLH1,2,0
FOS,68,1
FOSL2,4,0
FOXC2,6,0
FOXL1,4,0
FPR1,10,0
FRAS1,2,0
FREM2,2,1
FRMD6,4,0
FRZB,2,0
FSTL1,10,0
FSTL3,2,0
FTL,4,1
FTO,10,0
FXYD6,2,0
FYB1,6,0
FZD6,12,0
GABRB1,2,0
GABRB2,6,0
GAD1,30,0
GADD45G,4,0
GAP43,18,0
GAS1,8,0
GAS2,2,0
GATA6,14,0
GATM,10,0
GBP2,4,0
GCN1,4,0
GDF15,6,1
GDF5,12,0
GFAP,50,1
GFER,6,0
GGCT,6,1
GHDC,2,0
GIMAP1,10,0
GIMAP2,4,0
GIMAP4,8,0
GIMAP6,10,0
GIMAP7,10,0
GIMAP8,8,0
GIT2,6,1
GLI1,18,1
GLMN,10,0
GLRX,12,0
GLS2,12,1
GLUL,16,0
GLYAT,2,0
GMFG,2,0
GNG4,16,0
GNG5,10,1
GNGT1,8,0
GOT1,12,1
GPHN,12,0
GPNMB,6,0
GPX2,30,1
GPX3,30,0
GPX8,26,0
GREM1,8,0
GRIA2,24,0
GRIA3,16,0
GRIN1,22,0
GRIN2A,30,0
GRK5,4,0
GRN,8,1
GSTT2B,12,0
GTF2A1L,2,0
GUCY1A1,4,0
GUCY1B1,4,0
H2BC12,8,1
HACD1,6,0
HACD2,6,0
HAVCR2,20,0
HBB,4,0
HCK,42,0
HCLS1,26,0
HCST,14,0
HDAC8,4,0
HDGF,20,1
HDLBP,4,0
HERC5,28,0
HERC6,24,0
HES1,10,1
HES6,4,0
HEY1,14,0
HHIP,6,1
HIRA,2,0
HJURP,22,1
HLA-DMA,22,0
HLA-DMB,20,0
HLA-DOA,20,0
HLA-DPA1,26,0
HLA-DPB1,20,0
HLA-DQB1,22,0
HLA-DRA,38,1
HLA-DRB1,32,0
HLA-DRB5,24,0
HLA-F,26,0
HMGA2,18,0
HMGB1,30,1
HMOX1,24,0
HNMT,2,0
HPGDS,20,0
HPSE,2,0
HS3ST1,2,0
HS3ST2,2,0
HSPA5,40,1
ICAM2,10,0
ID4,8,0
IDH1,36,1
IDH2,22,1
IFI35,44,0
IFI44,34,0
IFI44L,32,0
IFI6,30,0
IFIT3,38,0
IFITM1,24,0
IGF2BP3,8,0
IGF2R,10,0
IGFBP3,18,0
IGSF6,2,0
IKZF1,12,0
IL10RA,26,0
IL11,20,0
IL13RA2,14,1
IL17D,4,0
IL17RB,6,0
IL1R1,30,1
IL1RAPL1,2,0
IL2RB,20,0
IL33,14,1
IL4R,22,1
IL5RA,14,0
IL6R,30,0
INA,6,1
INF2,8,0
INHBA,4,0
INPP5A,4,0
IRF8,24,0
ISL2,4,1
ITFG2,2,0
ITGA11,42,0
ITGA2,70,0
ITGA3,56,0
ITGA4,62,0
ITGA5,70,0
ITGA9,42,1
ITGAD,8,0
ITGAM,104,0
ITGB2,112,0
ITGB3BP,2,1
ITPKB,2,0
ITPR1,20,0
JAM2,4,0
JUN,62,1
JUP,14,0
KALRN,6,0
KAT6B,6,0
KCNAB2,12,0
KCNC1,6,0
KCNE3,6,0
KCNJ10,6,0
KCNJ16,2,0
KCNJ6,4,0
KCNN2,8,0
KCNN3,10,0
KCNQ2,22,0
KCNQ3,12,0
KCNQ5,6,0
KCTD13,8,0
KDELR2,2,0
KDELR3,2,0
KHDRBS1,20,0
KIAA1549L,2,0
KIF15,22,0
KIF17,10,0
KIF7,6,0
KIT,104,1
KITLG,30,0
KLF4,20,1
KLRD1,24,0
KPNA2,16,1
KRT18,12,0
KRT19,14,0
KRT7,20,0
KRT8,18,0
LACC1,2,0
LAIR1,2,0
LAMA4,28,1
LAMB1,28,1
LAMC1,32,0
LAMC2,22,0
LAPTM5,20,0
LBP,6,1
LCP2,48,0
LDB3,4,0
LDLR,4,0
LGALS1,8,1
LGALS3BP,4,1
LHFPL4,2,0
LIF,24,0
LILRB1,10,0
LIN28B,10,0
LIPC,24,0
LMCD1,2,0
LMF1,4,0
LMNA,8,0
LMO2,14,0
LMO3,2,0
LMO7,2,0
LOXL1,12,0
LPAR1,6,0
LPAR3,6,0
LPAR5,6,0
LPCAT2,4,0
LPIN1,12,0
LPL,46,0
LPP,2,0
LRG1,2,1
LRIG1,4,0
LRRC7,8,0
LRRK2,20,0
LRRTM4,6,0
LSM2,10,0
LSM8,10,0
LTBP2,10,0
LTF,20,0
LUC7L3,8,0
LY86,10,0
LYN,62,1
LYZ,2,0
MACROD2,2,0
MAFB,10,0
MAGI2,2,0
MAN1B1,2,0
MAOA,10,0
MAP2,12,1
MAP3K5,12,0
MAPT,30,0
MASP1,12,0
MCF2,4,0
MCM2,16,1
MCM7,18,1
MDK,10,1
ME1,8,0
MEGF6,2,0
MELK,34,0
MERTK,2,0
MFAP2,6,0
MFAP5,10,0
MFNG,2,0
MGAT4A,2,0
MGMT,18,1
MGST1,12,0
MICA,2,0
MICAL2,2,0
MICALL1,4,0
MISP,2,0
MKI67,24,1
MLPH,6,0
MME,24,1
MMP14,24,1
MMP19,2,1
MMP26,2,1
MMP9,110,1
MN1,2,0
MNDA,14,0
MRC1,30,0
MREG,6,0
MRTFB,4,0
MS4A4A,10,0
MS4A6A,14,0
MS4A7,6,0
MSC,2,0
MSH6,14,1
MSI1,4,1
MSR1,8,0
MST1,2,1
MSX1,6,0
MTSS1,6,0
MTUS1,6,0
MX1,38,0
MYB,14,1
MYBPC1,2,0
MYC,108,1
MYH9,30,0
MYL9,22,0
MYLK,22,0
MYO1C,6,1
MYO5A,8,0
MYO9A,2,0
MYOCD,10,0
NAMPT,8,1
NANOG,50,1
NAV2,2,0
NBEA,6,0
NCALD,4,0
NCAM1,42,0
NCAN,10,0
NCKAP1L,8,1
NDC80,26,0
NDUFA1,8,1
NDUFA13,12,1
NDUFAF6,2,0
NDUFB8,12,1
NDUFS3,20,0
NDUFS5,8,1
NECTIN3,2,0
NEGR1,2,0
NELFA,4,0
NELL1,4,0
NES,46,1
NETO1,2,0
NF2,12,0
NFATC4,2,0
NFE2L2,30,1
NFE2L3,4,0
NFIA,4,0
NFKBIA,36,1
NGF,38,1
NID1,20,0
NKAIN1,2,1
NKX2-1,6,1
NLGN1,14,0
NLRC4,16,1
NLRP2,8,0
NLRP3,26,0
NOSTRIN,2,0
NOTCH1,40,1
NOVA1,8,0
NOXO1,2,0
NPAS2,8,1
NPPB,6,0
NPR3,2,0
NPY,8,0
NQO1,14,0
NR2F2,12,0
NRARP,6,0
NRCAM,16,0
NRG1,14,0
NRG2,6,0
NRN1,4,0
NRXN1,16,0
NRXN3,8,0
NT5E,30,0
NTF3,10,0
NTN1,10,1
NTN4,2,0
NTRK2,58,1
NUB1,2,0
NUDT6,2,0
NUP153,8,0
NXPH1,2,0
OAS1,36,0
OCA2,4,0
OLFM1,2,0
OLFML3,2,0
OLIG1,12,0
OLIG2,26,1
OPN4,2,1
OTUD5,2,0
P2RX7,12,0
P2RY1,8,0
P2RY12,16,0
P2RY13,4,0
P4HB,14,1
PACSIN2,8,0
PAG1,2,0
PAICS,2,1
PAK3,8,0
PAPPA,10,0
PARD6A,2,1
PARP15,2,0
PARP9,26,1
PARVA,12,0
PATZ1,2,1
PAWR,6,0
PC,14,0
PCBP4,2,0
PCSK1N,2,0
PDE1C,8,0
PDE4B,16,0
PDE4D,12,0
PDE4DIP,4,0
PDE8B,2,0
PDGFC,16,0
PDIA4,6,1
PDIA6,10,1
PDK4,2,0
PDLIM5,4,0
PDLIM7,6,0
PDRG1,4,1
PDZD2,2,0
PECAM1,76,1
PERP,6,0
PF4,26,1
PHACTR1,6,0
PHEX,2,0
PHF20,2,1
PHKA1,2,0
PHLDB2,8,0
PIK3AP1,8,0
PIK3CA,66,1
PIK3CG,24,0
PIK3R1,76,0
PIK3R5,12,0
PIWIL1,2,1
PLA2G4A,14,0
PLA2G4C,6,0
PLA2G7,16,0
PLA2R1,6,0
PLAG1,2,0
PLAGL1,4,0
PLAU,30,0
PLAUR,20,1
PLCB4,22,0
PLEK,22,0
PLK1,42,1
PLK2,4,0
PLP1,8,0
PLPP3,18,0
PLPP4,10,1
PLTP,16,0
PLXDC1,4,0
PLXNA4,16,0
PLXNB1,6,1
PLXNC1,2,0
PMAIP1,2,0
PNPLA3,18,0
POGLUT2,2,0
POMGNT1,2,1
POSTN,20,1
POU2F1,6,0
POU5F1,50,1
PPARG,54,1
PPFIA4,4,1
PPFIBP1,4,0
PPFIBP2,4,0
PPP2R2B,12,0
PPP2R2C,6,0
PPP3CB,6,0
PRCP,4,0
PRICKLE1,4,0
PRKACB,66,0
PRKCA,52,1
PRKCB,40,0
PRKCG,40,1
PRKCZ,26,0
PRKRIP1,2,0
PROM1,34,1
PROS1,2,1
PROX1,4,1
PRRT2,8,0
PSMB9,10,0
PTBP1,8,1
PTCH1,10,0
PTGS1,10,0
PTHLH,8,0
PTN,12,1
PTPMT1,2,0
PTPRC,116,0
PTPRF,6,0
PTPRK,2,0
PTPRZ1,16,1
PTTG1,22,1
PTX3,18,1
PWWP3B,6,0
RAB27B,12,0
RAB5A,14,1
RAB5B,6,1
RAB5C,6,1
RAD51AP1,14,0
RAMP1,2,0
RAP1A,42,0
RAP1B,40,1
RAP1GAP,4,0
RAP1GAP2,4,0
RAPGEF5,6,0
RASD2,4,0
RASGRF2,6,0
RASGRP1,12,0
RASSF1,12,1
RASSF2,4,0
RASSF4,2,0
RBFOX1,6,0
RBFOX3,24,1
RBM15B,4,0
RBM24,2,0
RBPMS,2,0
RCAN2,2,0
RCVRN,4,1
RECK,6,0
RFFL,2,0
RGCC,2,0
RGMA,4,0
RGS1,4,0
RGS11,2,0
RGS17,2,0
RGS4,4,0
RHOD,6,0
RHOJ,4,1
RHOU,2,0
RNASE6,4,0
RNASET2,2,0
RND1,12,0
RND2,6,0
RNF121,2,0
ROBO4,6,0
ROCK1,10,1
ROR1,4,0
RORA,10,0
RPAP2,6,0
RPAP3,4,0
RPS4Y1,8,0
RPS6KA2,4,0
RRAGD,4,0
RRAS2,28,0
RRM2,44,0
RSAD2,36,0
RSPH3,6,0
RTN4,4,1
RTP4,24,0
RUNX1,54,1
RUNX1T1,10,0
RUNX2,52,0
RUNX3,20,1
S100A8,10,1
S100A9,10,1
S100B,26,0
S1PR1,4,0
SAMD9L,20,0
SAMHD1,22,0
SARS1,2,0
SCAPER,6,0
SCARB2,42,0
SCG2,4,0
SCG3,2,0
SCIN,20,0
SCN1A,20,0
SCN3A,8,0
SCN9A,8,0
SCRG1,2,0
SCUBE3,4,0
SDC1,88,0
SDC2,12,0
SEC24D,4,0
SELENOM,2,0
SELENOP,10,0
SELL,38,1
SEMA3C,4,0
SEMA6A,6,0
SEMA6D,8,0
SEPTIN12,2,0
SEPTIN2,4,0
SERPINA1,22,1
SERPINA3,8,0
SERPINE1,32,1
SERPINF1,8,0
SERPING1,22,0
SERTAD4,2,0
SF3B1,20,1
SFRP1,6,1
SFRP2,8,1
SFTPB,6,0
SGMS1,4,0
SGMS2,4,0
SH3GL2,12,0
SHMT2,10,1
SHROOM3,2,0
SIGLEC10,2,0
SIPA1L2,4,0
SIX3,2,0
SKA3,12,0
SLA,4,0
SLAMF1,6,1
SLC17A6,6,0
SLC1A2,18,0
SLC1A3,18,0
SLC1A5,4,1
SLC24A4,2,0
SLC25A23,4,0
SLC2A1,10,0
SLC40A1,4,0
SLC4A4,2,0
SLC6A1,6,0
SLCO2B1,4,0
SLIT1,6,0
SLIT2,4,0
SLITRK3,2,0
SMAD1,8,1
SNAP25,24,0
SNCA,32,0
SNCAIP,6,0
SNTB1,6,0
SNTG1,4,0
SOCS3,12,1
SORBS1,6,0
SORCS3,2,0
SORL1,10,0
SOS2,10,0
SOSTDC1,4,0
SOX1,12,1
SOX2,70,1
SOX5,4,1
SOX6,4,1
SPAG4,2,1
SPARCL1,6,0
SPCS2,2,0
SPDL1,6,1
SPHK1,12,0
SPI1,48,1
SPP1,56,1
SPRED1,4,0
SPRY1,4,0
SPTA1,4,0
SPTBN1,10,0
SPTBN4,12,0
SRA1,6,0
SRPX2,4,1
SRRM1,18,0
SRSF1,22,1
ST8SIA4,2,0
STAB1,2,0
STAT1,120,1
STC2,2,0
STIL,2,0
STK17A,2,0
STON2,4,0
SULT1B1,4,0
SUPT20H,2,0
SYBU,2,0
SYK,60,0
SYN2,6,0
SYNE2,4,0
SYNGR1,2,0
SYNJ2,8,0
SYNPR,2,0
SYTL4,4,0
SYTL5,2,0
TAF15,4,0
TAF1D,2,0
TAGAP,4,0
TAGLN,22,0
TBPL1,4,1
TCF12,14,0
TDP2,2,0
TENM1,4,0
TENM2,4,0
TENM4,4,0
TERT,22,1
TES,2,0
TF,6,0
TFAM,6,1
TFAP2C,4,0
TGFA,22,0
TGFB1,108,0
TGFBI,8,1
TGFBR2,22,1
TGFBR3,10,0
TGM2,4,0
THBS1,56,1
THBS4,14,0
THOC3,2,0
THRB,6,0
THSD7A,6,0
TIMELESS,14,1
TIMP1,32,1
TIMP3,12,1
TIMP4,10,0
TLL2,2,0
TLN1,56,1
TLN2,44,0
TLR1,24,0
TLR2,86,0
TLR3,26,0
TLR5,16,0
TLR7,24,0
TLR9,32,1
TM4SF1,2,0
TMEM98,2,0
TMOD1,14,0
TNC,12,1
TNFRSF10D,4,0
TNFRSF1A,36,1
TNFRSF1B,18,0
TNFRSF21,2,1
TNFSF13,4,1
TNFSF13B,12,0
TNFSF8,2,0
TNR,6,0
TP53,196,1
TPBG,4,0
TPM1,26,0
TPM2,30,0
TPM3,16,1
TREM2,32,0
TRIL,2,0
TRIM55,2,0
TRIM9,4,0
TRIOBP,2,1
TRPC4,6,0
TRPC7,2,0
TSLP,22,0
TSPAN8,6,0
TSPYL5,2,0
TTF1,16,1
TTF2,12,0
TUBB6,4,0
TXNDC5,2,1
TYROBP,70,0
UBA1,8,1
UBASH3B,6,0
UBE2C,34,1
UBE2E2,4,1
UBE2L6,20,0
ULBP2,8,0
UPP2,2,0
USP24,4,0
USP7,14,1
VAMP8,6,0
VCAM1,60,0
VEGFC,24,0
VIM,30,1
VLDLR,16,0
VPS33B,6,1
VPS8,4,0
VSIG4,18,0
VTN,70,1
VWF,50,1
WDR1,8,0
WEE1,16,1
WNT2B,6,0
WNT5B,8,0
WT1,14,1
XAF1,30,0
XDH,8,0
XRCC2,4,1
XRCC5,14,1
ZBED6,2,0
ZBTB16,6,0
ZC3H11A,4,0
ZEB1,26,0
ZFPM2,8,0
ZNF3,2,0
ZUP1,4,0
