from	to
ACKR1	ACKR4
ACKR1	CXCL5
ACKR1	PPBP
ACKR1	CXCL8
ACKR4	CXCL12
ACKR4	CXCL13
ACTN2	CASQ2
ACTN2	LDB3
ACVRL1	TGFBR2
ACVRL1	BMP2
ACVRL1	SMAD9
ACVRL1	CDH5
ADCY8	PDE5A
ADCY8	RAPGEF4
ADGRL2	UNC5CL
ADGRL2	FLRT3
ADGRL3	UNC5CL
ADGRL3	FLRT3
ADH1B	UGT2B4
ADH1B	MGST1
ADH1B	GSTM3
ADH1B	GSTP1
ADH1B	ALDH3A1
ADH1B	AOX1
ADRB1	ADRB2
ADRB1	GRK5
ADRB2	ERBB2
ADRB2	GRIA1
ADRB2	RAPGEF4
ADRB2	EDN1
ADRB2	AGTR1
ADRB2	GRK5
ADRB2	AKAP12
AGER	KRAS
AGER	SFTPC
AGER	S100A12
AGER	SFTPD
AGER	CD36
AGR2	MUC5B
AGTR1	CXCL8
AGTR1	AGTR2
AGTR1	EDN1
AGTR1	GRK5
AGTR2	EDN1
AKAP12	EGFR
AKAP12	CAVIN1
AKAP12	ANGPT1
ALDH3A1	AOC3
ALDH3A1	GAD1
ALDH3A1	GSTM3
ALDH3A1	MGST1
ALDH3A1	GSTP1
ALK	KRAS
ALK	ERBB2
ALK	TGFBR2
ALK	PTEN
ALK	CD274
ALK	MYC
ALK	MDK
ANGPT1	VWF
ANGPT1	FGF2
ANGPT1	EGF
ANGPT1	ERBB2
ANGPT1	EGFR
ANGPT1	FGFR4
ANGPT1	MET
ANGPT1	PTPRB
ANGPT1	TIE1
ANGPT1	TEK
ANGPT1	CXCL12
ANGPT1	CDH5
ANGPTL1	TIE1
ANGPTL1	LILRB2
ANGPTL1	TEK
ANK2	ERBB2
ANK2	SCN4B
ANK2	SPTBN1
ANLN	DLGAP5
ANLN	CCNB1
ANLN	DEPDC1B
ANLN	CDC20
ANLN	TTK
ANLN	NUSAP1
ANLN	TYMS
ANLN	CCNA2
ANLN	EXO1
ANLN	UBE2C
ANLN	BIRC5
ANLN	KIF4A
ANLN	RRM2
ANLN	NEK2
ANLN	CDCA8
ANLN	BUB1B
ANLN	MELK
ANLN	CENPF
ANLN	DEPDC1
ANLN	TOP2A
ANLN	HMMR
ANLN	ASPM
ANLN	TPX2
ANLN	CEP55
ANLN	KIF20A
ANOS1	FGF2
ANOS1	PROK2
ANXA1	CDH1
ANXA1	EGFR
ANXA1	CXCL8
ANXA1	SOX2
ANXA1	ANXA2
ANXA1	PLA2G4A
ANXA1	S100A10
ANXA2	EGFR
ANXA2	KCNK3
ANXA2	CAV1
ANXA2	MYC
ANXA2	S100A10
AOC3	CD69
AOC3	FCGR3B
AOC3	CD19
AOC3	FCGR3A
AOX1	UGT2B4
AOX1	HSD17B6
APC	LRRK2
APC	CDH1
ARC	EGR1
ARC	FOSB
ARC	EGR3
ARC	SH3GL3
ARC	GRIA1
AREG	HBEGF
AREG	KRAS
AREG	EGF
AREG	ERBB2
AREG	EGFR
AREG	FGFR4
AREG	MET
AREG	TEK
ASPM	DLGAP5
ASPM	CCNB1
ASPM	CDCA5
ASPM	BUB1B
ASPM	CCNB2
ASPM	MELK
ASPM	PCLAF
ASPM	TPX2
ASPM	BIRC5
ASPM	TYMS
ASPM	UBE2C
ASPM	RRM2
ASPM	EXO1
ASPM	CENPF
ASPM	NEK2
ASPM	CDC45
ASPM	TK1
ASPM	ZWINT
ASPM	UBE2T
ASPM	DEPDC1
ASPM	HMMR
ASPM	HJURP
ASPM	NUSAP1
ASPM	CCNA2
ASPM	CEP55
ASPM	CDCA8
ASPM	KIF4A
ASPM	TTK
ASPM	CDC20
ASPM	KIF20A
ASPM	TOP2A
ATF3	PPP1R15A
ATF3	GADD45B
ATF3	EGR1
ATF3	FOSB
ATF3	EGR3
ATF3	MYC
ATF3	NR4A2
ATF3	NR4A1
ATF3	IL6
ATP1A2	SCN1A
ATP1A2	FXYD1
BDNF	FGF2
BDNF	EGF
BDNF	ERBB2
BDNF	EGFR
BDNF	FGFR4
BDNF	CXCL8
BDNF	MET
BDNF	TAC1
BDNF	NTRK3
BDNF	MMP9
BDNF	TEK
BDNF	IL6
BDNF	GDNF
BDNF	SNCA
BDNF	GRIA1
BIRC5	DLGAP5
BIRC5	CCNB1
BIRC5	DEPDC1B
BIRC5	ERBB2
BIRC5	CDCA5
BIRC5	BUB1B
BIRC5	CCNB2
BIRC5	MELK
BIRC5	PCLAF
BIRC5	TPX2
BIRC5	UHRF1
BIRC5	UBE2T
BIRC5	CDC25C
BIRC5	DEPDC1
BIRC5	EXO1
BIRC5	MYC
BIRC5	TYMS
BIRC5	CDC45
BIRC5	HMMR
BIRC5	RRM2
BIRC5	HJURP
BIRC5	CEP55
BIRC5	ZWINT
BIRC5	TK1
BIRC5	KIF4A
BIRC5	TTK
BIRC5	NEK2
BIRC5	NUSAP1
BIRC5	CCNA2
BIRC5	CENPF
BIRC5	KIF20A
BIRC5	TOP2A
BIRC5	UBE2C
BIRC5	CDC20
BIRC5	CDCA8
BMP2	TGFBR3
BMP2	COMP
BMP2	IBSP
BMP2	SPARC
BMP2	FGF2
BMP2	CBFB
BMP2	SMAD9
BMP2	SPP1
BMP2	GREM1
BRAF	MLH1
BRAF	KRAS
BRAF	SFN
BRAF	PTEN
BRAF	CD274
BRAF	CDKN2A
BRAF	MYC
BUB1B	DLGAP5
BUB1B	E2F8
BUB1B	CCNB1
BUB1B	DEPDC1B
BUB1B	CDCA5
BUB1B	TYMS
BUB1B	RAD54L
BUB1B	EXO1
BUB1B	CDC25C
BUB1B	CDC45
BUB1B	DEPDC1
BUB1B	PCLAF
BUB1B	HMMR
BUB1B	HJURP
BUB1B	RRM2
BUB1B	TPX2
BUB1B	CEP55
BUB1B	NUSAP1
BUB1B	MELK
BUB1B	KIF4A
BUB1B	KIF20A
BUB1B	TOP2A
BUB1B	TTK
BUB1B	UBE2C
BUB1B	CCNB2
BUB1B	CCNA2
BUB1B	CDCA8
BUB1B	ZWINT
BUB1B	NEK2
BUB1B	CDC20
BUB1B	CENPF
C5AR1	CD93
C5AR1	CFP
C5AR1	CXCL8
C5AR1	CXCR2
C6	C8B
C6	C7
C7	CLU
C7	C8B
C8B	CPB2
C8B	CLU
CA3	CYP24A1
CA3	CA4
CA4	CYP24A1
CALCRL	RAMP3
CALCRL	RAMP2
CASQ2	LDB3
CAV1	CAV2
CAV1	CDH1
CAV1	ERBB2
CAV1	EGFR
CAV1	CAVIN2
CAV1	CDH5
CAV1	IL6
CAV1	CLDN5
CAV1	PTGS2
CAV1	PTEN
CAV1	CD36
CAV1	CAVIN1
CAV2	CAVIN1
CAV2	EGFR
CAVIN1	EGFR
CAVIN1	CAVIN2
CAVIN1	S100A10
CBFB	MMP13
CBFB	TAL1
CBFB	SOCS3
CBFB	SPP1
CBFB	RUNX3
CBFB	CLDN5
CBFB	LIFR
CBFB	NR4A3
CBLC	EGFR
CBLC	FGFR4
CBLC	SH3GL3
CBLC	SH3GL2
CCL18	CXCL13
CCL18	CXCL3
CCL18	CXCL5
CCL18	CXCL8
CCL18	CXCR2
CCL18	CXCL2
CCNA2	DLGAP5
CCNA2	E2F8
CCNA2	CCNB1
CCNA2	CDCA5
CCNA2	CCNB2
CCNA2	MELK
CCNA2	PCLAF
CCNA2	TPX2
CCNA2	TYMS
CCNA2	CDC25C
CCNA2	E2F1
CCNA2	UBE2C
CCNA2	RRM2
CCNA2	EXO1
CCNA2	CENPF
CCNA2	NEK2
CCNA2	TTK
CCNA2	CEP55
CCNA2	CDC20
CCNA2	CDCA8
CCNA2	ZWINT
CCNA2	KIF4A
CCNA2	HMMR
CCNA2	KIF20A
CCNA2	CDC45
CCNA2	TOP2A
CCNA2	DEPDC1
CCNA2	HJURP
CCNA2	TK1
CCNA2	MYC
CCNA2	UHRF1
CCNA2	NUSAP1
CCNB1	GADD45B
CCNB1	DLGAP5
CCNB1	GINS1
CCNB1	CDKN2A
CCNB1	EXO1
CCNB1	PCLAF
CCNB1	CDC45
CCNB1	EGFR
CCNB1	E2F1
CCNB1	TYMS
CCNB1	DEPDC1B
CCNB1	UBE2T
CCNB1	CDCA5
CCNB1	DEPDC1
CCNB1	HJURP
CCNB1	MYC
CCNB1	TK1
CCNB1	RRM2
CCNB1	NEK2
CCNB1	NUSAP1
CCNB1	KIF4A
CCNB1	TTK
CCNB1	CEP55
CCNB1	HMMR
CCNB1	TPX2
CCNB1	ZWINT
CCNB1	KIF20A
CCNB1	SFN
CCNB1	MELK
CCNB1	CDCA8
CCNB1	CENPF
CCNB1	TOP2A
CCNB1	UBE2C
CCNB1	CDC25C
CCNB1	CCNB2
CCNB1	CDC20
CCNB2	GADD45B
CCNB2	DLGAP5
CCNB2	GINS2
CCNB2	CDCA5
CCNB2	DEPDC1
CCNB2	EXO1
CCNB2	E2F1
CCNB2	KIF4A
CCNB2	TYMS
CCNB2	TK1
CCNB2	PCLAF
CCNB2	HMMR
CCNB2	NEK2
CCNB2	HJURP
CCNB2	CEP55
CCNB2	RRM2
CCNB2	SFN
CCNB2	ZWINT
CCNB2	KIF20A
CCNB2	CDC45
CCNB2	TPX2
CCNB2	TTK
CCNB2	NUSAP1
CCNB2	UBE2C
CCNB2	CDCA8
CCNB2	CENPF
CCNB2	MELK
CCNB2	TOP2A
CCNB2	CDC25C
CCNB2	CDC20
CD19	GZMB
CD19	CD69
CD19	CXCL13
CD19	IL7R
CD19	CD24
CD19	CD274
CD19	IL6
CD19	CD36
CD19	MME
CD19	FCGR3B
CD19	FCGR3A
CD19	CR2
CD1A	MME
CD1A	CD207
CD24	CDH1
CD24	EGFR
CD24	SOX2
CD24	SELE
CD24	CR2
CD24	PECAM1
CD274	GZMB
CD274	KRAS
CD274	CDH1
CD274	ERBB2
CD274	EGFR
CD274	MET
CD274	CXCR2
CD274	KLRD1
CD274	FCGR3A
CD274	ROS1
CD274	PTEN
CD274	DDX53
CD274	PRF1
CD274	CXCL12
CD274	IL6
CD274	FCGR3B
CD36	COMP
CD36	COL1A1
CD36	FABP4
CD36	VWF
CD36	COL1A2
CD36	SELE
CD36	THBS2
CD36	FCGR3A
CD36	IL6
CD36	PECAM1
CD36	LPL
CD36	FCGR3B
CD69	GZMB
CD69	IL6
CD69	CXCL8
CD69	CR2
CD69	PRF1
CD69	FCGR3B
CD69	FCGR3A
CD69	IL7R
CD69	S1PR1
CD93	PECAM1
CDC20	DLGAP5
CDC20	CDCA5
CDC20	MELK
CDC20	PCLAF
CDC20	TPX2
CDC20	TYMS
CDC20	CDC25C
CDC20	E2F1
CDC20	UBE2C
CDC20	RASSF1
CDC20	RRM2
CDC20	EXO1
CDC20	CENPF
CDC20	NEK2
CDC20	TTK
CDC20	CEP55
CDC20	DEPDC1
CDC20	HMMR
CDC20	TK1
CDC20	HJURP
CDC20	KIF4A
CDC20	CDC45
CDC20	NUSAP1
CDC20	ZWINT
CDC20	TOP2A
CDC20	KIF20A
CDC20	CDCA8
CDC25C	DLGAP5
CDC25C	EGFR
CDC25C	CDCA5
CDC25C	MELK
CDC25C	HMMR
CDC25C	TTK
CDC25C	TOP2A
CDC25C	KIF4A
CDC25C	DEPDC1
CDC25C	NEK2
CDC25C	UBE2C
CDC25C	CDCA8
CDC25C	KIF20A
CDC25C	CDC45
CDC25C	HJURP
CDC25C	SFN
CDC45	DLGAP5
CDC45	GINS2
CDC45	GINS1
CDC45	CDCA5
CDC45	MELK
CDC45	PCLAF
CDC45	TPX2
CDC45	TYMS
CDC45	E2F1
CDC45	UBE2C
CDC45	RRM2
CDC45	EXO1
CDC45	CENPF
CDC45	TTK
CDC45	CEP55
CDC45	RAD54L
CDC45	CDCA8
CDC45	ZWINT
CDC45	KIF4A
CDC45	HMMR
CDC45	KIF20A
CDC45	UBE2T
CDC45	TK1
CDC45	CDKN2A
CDC45	HJURP
CDC45	NUSAP1
CDC45	TOP2A
CDCA5	DLGAP5
CDCA5	NEK2
CDCA5	TYMS
CDCA5	TTK
CDCA5	UHRF1
CDCA5	UBE2T
CDCA5	HMMR
CDCA5	NUSAP1
CDCA5	UBE2C
CDCA5	CENPF
CDCA5	HJURP
CDCA5	CEP55
CDCA5	MELK
CDCA5	KIF20A
CDCA5	TPX2
CDCA5	KIF4A
CDCA5	ZWINT
CDCA5	TOP2A
CDCA5	CDCA8
CDCA8	DLGAP5
CDCA8	E2F8
CDCA8	MELK
CDCA8	PCLAF
CDCA8	TPX2
CDCA8	UBE2C
CDCA8	RRM2
CDCA8	CENPF
CDCA8	NEK2
CDCA8	TTK
CDCA8	CEP55
CDCA8	RAD54L
CDCA8	TK1
CDCA8	UHRF1
CDCA8	DEPDC1
CDCA8	ZWINT
CDCA8	HMMR
CDCA8	TOP2A
CDCA8	HJURP
CDCA8	KIF4A
CDCA8	NUSAP1
CDCA8	KIF20A
CDH1	KRAS
CDH1	MMP7
CDH1	CDKN2A
CDH1	CXCL12
CDH1	SOX2
CDH1	MMP3
CDH1	MYC
CDH1	KLF4
CDH1	ITGA1
CDH1	EGF
CDH1	CTNND2
CDH1	PTEN
CDH1	S100A8
CDH1	MMP9
CDH1	MET
CDH1	CDH3
CDH1	ERBB2
CDH1	CDH5
CDH1	EGFR
CDH13	CDH3
CDH13	CDKN2A
CDH13	RASSF1
CDH5	LYVE1
CDH5	VWF
CDH5	EGFR
CDH5	ESAM
CDH5	EMCN
CDH5	ROBO4
CDH5	SELE
CDH5	PTPRB
CDH5	TIE1
CDH5	TEK
CDH5	CLDN5
CDH5	PECAM1
CDKN2A	MLH1
CDKN2A	KRAS
CDKN2A	TP63
CDKN2A	ERBB2
CDKN2A	EGFR
CDKN2A	CDKN2B
CDKN2A	MGMT
CDKN2A	SOX2
CDKN2A	E2F1
CDKN2A	RASSF1
CDKN2A	PTEN
CDKN2A	RUNX3
CDKN2A	FHIT
CDKN2A	MYC
CDKN2B	MYC
CEACAM5	KRAS
CEACAM5	EGFR
CEACAM5	ERBB2
CENPF	DLGAP5
CENPF	E2F8
CENPF	MELK
CENPF	PCLAF
CENPF	TPX2
CENPF	UBE2C
CENPF	RRM2
CENPF	EXO1
CENPF	TK1
CENPF	DEPDC1
CENPF	UBE2T
CENPF	KIF4A
CENPF	HMMR
CENPF	NUSAP1
CENPF	HJURP
CENPF	ZWINT
CENPF	CEP55
CENPF	KIF20A
CENPF	TTK
CENPF	NEK2
CENPF	TOP2A
CEP55	DLGAP5
CEP55	DEPDC1B
CEP55	MELK
CEP55	PCLAF
CEP55	TPX2
CEP55	TYMS
CEP55	UBE2C
CEP55	RRM2
CEP55	NEK2
CEP55	TTK
CEP55	UHRF1
CEP55	UBE2T
CEP55	TK1
CEP55	ZWINT
CEP55	DEPDC1
CEP55	HJURP
CEP55	HMMR
CEP55	TOP2A
CEP55	NUSAP1
CEP55	KIF4A
CEP55	KIF20A
CETP	CLU
CETP	LPL
CFP	COMP
CFP	MASP1
CFP	CLU
CFP	FCN1
CLDN11	ESAM
CLDN11	CLDN5
CLDN5	VWF
CLDN5	ESAM
CLDN5	ROBO4
CLDN5	MMP9
CLDN5	IL6
CLDN5	PECAM1
CLU	CP
CLU	MMP9
CLU	SPP1
CLU	LPL
CLU	SNCA
CLU	SERPINA1
COL10A1	MMP11
COL10A1	COMP
COL10A1	COL1A1
COL10A1	IBSP
COL10A1	MMP13
COL10A1	COL1A2
COL10A1	COL3A1
COL10A1	COL5A2
COL10A1	COL11A1
COL11A1	MMP11
COL11A1	COL1A1
COL11A1	COL1A2
COL11A1	COL3A1
COL11A1	THBS2
COL11A1	COL5A1
COL11A1	COL5A2
COL1A1	MMP13
COL1A1	IBSP
COL1A1	SPP1
COL1A1	ITGA8
COL1A1	MMP1
COL1A1	THBS2
COL1A1	MMP9
COL1A1	VWF
COL1A1	ITGA1
COL1A1	SPARC
COL1A1	COL5A1
COL1A1	COL5A2
COL1A1	COL3A1
COL1A1	COL1A2
COL1A2	SPARC
COL1A2	ITGA1
COL1A2	CXCL12
COL1A2	ITGA8
COL1A2	THBS2
COL1A2	MMP9
COL1A2	COL5A1
COL1A2	COL5A2
COL1A2	COL3A1
COL3A1	SPARC
COL3A1	SULF1
COL3A1	ITGA1
COL3A1	CXCL12
COL3A1	MMP9
COL3A1	TGFBR2
COL3A1	THBS2
COL3A1	COL5A1
COL3A1	COL5A2
COL5A1	THBS2
COL5A1	COL5A2
COL5A2	THBS2
COMP	ITGA1
CP	SERPINA1
CPB2	SERPIND1
CPB2	THBD
CR2	MME
CRYAB	LDB3
CRYAB	SNCA
CSF3	SELE
CSF3	CXCL12
CSF3	IL7R
CSF3	LIFR
CSF3	CXCL5
CSF3	SOCS3
CSF3	EGFR
CSF3	CXCL2
CSF3	EGF
CSF3	FGF2
CSF3	CXCL8
CSF3	IL6
CTAG1B	MMP7
CTAG1B	DDX53
CXCL12	MIF
CXCL12	FGF2
CXCL12	EGF
CXCL12	EGFR
CXCL12	CXCL13
CXCL12	CXCL3
CXCL12	CXCL5
CXCL12	PPBP
CXCL12	CXCL8
CXCL12	MET
CXCL12	CXCR2
CXCL12	SELE
CXCL12	CXCL14
CXCL12	MMP9
CXCL12	TEK
CXCL12	SLIT2
CXCL12	PECAM1
CXCL12	IL6
CXCL12	CXCL2
CXCL13	MMP9
CXCL13	IL6
CXCL13	CXCL8
CXCL13	CXCL2
CXCL13	CXCL3
CXCL13	PPBP
CXCL13	CXCL5
CXCL13	CXCR2
CXCL14	CXCL3
CXCL14	CXCL5
CXCL14	PPBP
CXCL14	CXCR2
CXCL14	CXCL2
CXCL2	CXCL3
CXCL2	CXCL5
CXCL2	PPBP
CXCL2	CXCL8
CXCL2	CXCR2
CXCL2	PTGS2
CXCL2	IL6
CXCL3	PPBP
CXCL3	IL6
CXCL3	CXCL8
CXCL3	CXCL5
CXCL3	CXCR2
CXCL5	MMP1
CXCL5	MMP9
CXCL5	PPBP
CXCL5	IL6
CXCL5	CXCL8
CXCL5	CXCR2
CXCL8	MMP13
CXCL8	VWF
CXCL8	FGF2
CXCL8	EGF
CXCL8	SSTR1
CXCL8	EGFR
CXCL8	MMP3
CXCL8	GPR37
CXCL8	SFTPD
CXCL8	PECAM1
CXCL8	SPP1
CXCL8	MMP1
CXCL8	S100A8
CXCL8	IL33
CXCL8	EDN1
CXCL8	S100A12
CXCL8	SELE
CXCL8	MMP9
CXCL8	PTGS2
CXCL8	IL6
CXCL8	CXCR2
CXCR2	MIF
CXCR2	PPBP
CXCR2	MMP9
CXCR2	IL6
CXCR2	FCGR3B
DACH1	SIX4
DACH1	SIX1
DAPK1	MGMT
DAPK1	RASSF1
DEPDC1	DLGAP5
DEPDC1	DEPDC1B
DEPDC1	MELK
DEPDC1	TPX2
DEPDC1	NEK2
DEPDC1	TTK
DEPDC1	KIF4A
DEPDC1	HMMR
DEPDC1	KIF20A
DEPDC1	TOP2A
DEPDC1	NUSAP1
DEPDC1	HJURP
DEPDC1B	DLGAP5
DEPDC1B	UBE2T
DEPDC1B	NEK2
DEPDC1B	KIF20A
DEPDC1B	HMMR
DLG3	GRIA1
DLG3	NEDD4L
DLGAP5	GINS2
DLGAP5	EXO1
DLGAP5	E2F8
DLGAP5	TK1
DLGAP5	PCLAF
DLGAP5	ZWINT
DLGAP5	HJURP
DLGAP5	RRM2
DLGAP5	KIF4A
DLGAP5	NEK2
DLGAP5	NUSAP1
DLGAP5	UBE2C
DLGAP5	KIF20A
DLGAP5	TTK
DLGAP5	TPX2
DLGAP5	TOP2A
DLGAP5	MELK
DLGAP5	HMMR
E2F1	E2F8
E2F1	EGFR
E2F1	TYMS
E2F1	RRM2
E2F1	TK1
E2F1	PTEN
E2F1	MYC
E2F8	TK1
E2F8	KIF20A
E2F8	MELK
E2F8	NEK2
E2F8	ZWINT
E2F8	HJURP
E2F8	TTK
E2F8	RRM2
E2F8	TOP2A
EDN1	VWF
EDN1	FGF2
EDN1	EGF
EDN1	SSTR1
EDN1	MMP9
EDN1	EDNRB
EDN1	IL6
EDNRB	GDNF
EFEMP1	EGFR
EFEMP1	MFAP4
EFNA4	ERBB2
EFNA4	EGFR
EFNA4	MET
EGF	HBEGF
EGF	KRAS
EGF	VWF
EGF	FGF2
EGF	SH3GL2
EGF	IL7R
EGF	SPP1
EGF	SOX2
EGF	SH3GL3
EGF	GDNF
EGF	MMP9
EGF	GHR
EGF	PTEN
EGF	MMP1
EGF	FGFR4
EGF	TAC1
EGF	LIFR
EGF	MYC
EGF	RSPO1
EGF	IL6
EGF	TEK
EGF	MET
EGF	ERBB2
EGF	EGFR
EGFR	HBEGF
EGFR	KRAS
EGFR	EPAS1
EGFR	FGF2
EGFR	ERBB2
EGFR	GSTP1
EGFR	PLCB4
EGFR	SNCA
EGFR	MMP3
EGFR	SOX2
EGFR	FCGR3A
EGFR	LRIG3
EGFR	SPP1
EGFR	NEDD4L
EGFR	S100A10
EGFR	MGMT
EGFR	MMP9
EGFR	PTGS2
EGFR	SOCS3
EGFR	GPER1
EGFR	MYC
EGFR	SH3GL3
EGFR	SFN
EGFR	PTEN
EGFR	SH3GL2
EGFR	IL6
EGFR	MET
EGR1	IL6
EGR1	PTEN
EGR1	NR4A2
EGR1	MYC
EGR1	NR4A1
EGR1	EGR3
EGR1	FOSB
EGR3	FOSB
EGR3	NR4A3
EGR3	NR4A1
EMCN	LYVE1
EMCN	TEK
EMCN	PECAM1
EPAS1	KLF4
EPAS1	SOX2
EPAS1	MYC
ERBB2	HBEGF
ERBB2	KRAS
ERBB2	FGF2
ERBB2	NTRK3
ERBB2	IL6
ERBB2	FCGR3B
ERBB2	PTGS2
ERBB2	FGFR4
ERBB2	FCGR3A
ERBB2	MET
ERBB2	PTEN
ERBB2	MYC
ERCC4	MLH1
ERCC4	XRCC1
ERCC4	EXO1
ERCC4	UBE2T
ERCC4	ERCC5
ERCC5	MLH1
ERCC5	XRCC1
ESAM	VWF
ESAM	PECAM1
ESAM	SELE
EXO1	MLH1
EXO1	XRCC1
EXO1	MELK
EXO1	TPX2
EXO1	MGMT
EXO1	TYMS
EXO1	RRM2
EXO1	ZWINT
EXO1	NUSAP1
EXO1	HJURP
EXO1	TOP2A
EXO1	RAD54L
EXO1	TTK
EYA4	SIX4
EYA4	SIX1
FABP4	LPL
FCGR3A	GZMB
FCGR3A	IL7R
FCGR3A	KLRD1
FCGR3A	PECAM1
FCGR3A	IL6
FCGR3A	LILRB2
FCGR3A	MNDA
FCGR3A	PRF1
FCGR3A	FCGR3B
FCGR3B	GZMB
FCGR3B	IL7R
FCGR3B	KLRD1
FCGR3B	MNDA
FCGR3B	S100A12
FCGR3B	IL6
FCGR3B	PRF1
FCGR3B	PECAM1
FCN1	FCN3
FCN1	PTX3
FCN1	MASP1
FCN3	MASP1
FGF2	HBEGF
FGF2	KRAS
FGF2	TIE1
FGF2	GPC3
FGF2	MYC
FGF2	MMP1
FGF2	MMP3
FGF2	KLF4
FGF2	PTGS2
FGF2	PECAM1
FGF2	GDNF
FGF2	IL6
FGF2	MET
FGF2	MMP9
FGF2	SOX2
FGF2	TEK
FGF2	PTX3
FGF2	FGFR4
FGFBP2	NKG7
FGFBP2	GNLY
FGFR4	KRAS
FHIT	RASSF1
FOSB	MYC
FOSB	NR4A3
FOSB	NR4A2
FOSB	NR4A1
FRAS1	ITGA8
FRAS1	NPNT
FXYD1	TAC1
GDNF	HBEGF
GDNF	SOX2
GDNF	NTRK3
GHR	SOCS3
GHR	IL6
GHR	SOCS2
GIMAP1	GIMAP6
GIMAP1	GIMAP7
GIMAP1	GIMAP8
GIMAP6	GIMAP8
GIMAP6	GIMAP7
GIMAP7	GIMAP8
GINS1	GINS2
GINS1	UBE2C
GINS1	RRM2
GINS1	ZWINT
GINS2	TOP2A
GINS2	TYMS
GNG11	PLCB4
GNG11	NMU
GNLY	GZMB
GNLY	NKG7
GNLY	KLRD1
GNLY	STX11
GNLY	LILRB2
GNLY	PRF1
GNLY	KLRF1
GPC3	SALL4
GPER1	NMU
GPR37	SSTR1
GPR37	SNCA
GPX3	SOD1
GPX3	NQO1
GPX3	GSTM3
GPX3	XDH
GPX3	IL6
GPX3	MGST1
GPX3	GSTP1
GSTM3	GSTP1
GSTM3	MGST1
GSTM3	GSTZ1
GSTP1	SOD1
GSTP1	MGMT
GSTP1	NQO1
GSTP1	RASSF1
GSTP1	MTHFR
GSTP1	MGST1
GSTP1	GSTZ1
GUCY1A2	PDE5A
GUCY1A2	NOS1
GZMB	IL7R
GZMB	KLF2
GZMB	KLRD1
GZMB	NKG7
GZMB	PRF1
HBEGF	ZBTB16
HBEGF	ST6GALNAC5
HBEGF	MMP7
HBEGF	PTGS2
HBEGF	MMP3
HBEGF	MMP9
HJURP	MELK
HJURP	PCLAF
HJURP	TPX2
HJURP	UBE2C
HJURP	RRM2
HJURP	NEK2
HJURP	TTK
HJURP	ZWINT
HJURP	KIF4A
HJURP	HMMR
HJURP	KIF20A
HJURP	TOP2A
HJURP	TK1
HJURP	NUSAP1
HMMR	LYVE1
HMMR	MELK
HMMR	PCLAF
HMMR	TPX2
HMMR	UBE2C
HMMR	RRM2
HMMR	NEK2
HMMR	TTK
HMMR	ZWINT
HMMR	KIF4A
HMMR	HYAL2
HMMR	NUSAP1
HMMR	TOP2A
HMMR	KIF20A
HSD17B6	SRD5A1
HYAL2	LYVE1
IBSP	ITGA1
IBSP	MMP3
IBSP	MMP9
IBSP	SPARC
IBSP	SPP1
IL1RL1	IL7R
IL1RL1	IL33
IL33	IL6
IL6	MIF
IL6	KRAS
IL6	MMP13
IL6	VWF
IL6	PTX3
IL6	MMP3
IL6	IL7R
IL6	MET
IL6	MMP1
IL6	SOCS3
IL6	SELE
IL6	PTGS2
IL6	MMP9
IL6	TEK
IL6	SPP1
IL6	LPL
IL6	PECAM1
IL6	MYC
IL6	MMP12
IL6	LIFR
IL7R	PRF1
ITGA1	VWF
ITGA1	THBS2
ITGA1	LAMA3
ITGA1	SPP1
ITGA1	ITGA8
ITGA8	VWF
ITGA8	LAMA3
ITGA8	THBS2
ITGA8	SPP1
ITGA8	NPNT
KCNK3	S100A10
KIF20A	MELK
KIF20A	PCLAF
KIF20A	TPX2
KIF20A	UBE2C
KIF20A	RRM2
KIF20A	NEK2
KIF20A	TTK
KIF20A	ZWINT
KIF20A	KIF4A
KIF20A	UHRF1
KIF20A	TK1
KIF20A	NUSAP1
KIF20A	TOP2A
KIF4A	MELK
KIF4A	TPX2
KIF4A	UBE2C
KIF4A	RRM2
KIF4A	NEK2
KIF4A	TTK
KIF4A	ZWINT
KIF4A	TK1
KIF4A	TOP2A
KIF4A	NUSAP1
KLF1	LDB2
KLF1	TAL1
KLF2	MYC
KLF2	SOX2
KLF2	S1PR1
KLF4	TBX3
KLF4	SOX2
KLF4	MYC
KLRD1	NKG7
KLRD1	KLRF1
KLRD1	PRF1
KLRF1	PRF1
KRAS	MLH1
KRAS	RUNX3
KRAS	PTGS2
KRAS	PAX8
KRAS	NTRK3
KRAS	ROS1
KRAS	MYC
KRAS	NOS1
KRAS	PTEN
KRAS	MET
KRAS	RASSF1
KRT6A	SPRR1A
LAMA3	MMP7
LDB2	TAL1
LILRB2	MNDA
LPL	PLPP2
LRIG3	ROS1
LRRK2	SH3GL3
LRRK2	SH3GL2
LRRK2	SFN
LRRK2	SNCA
LYVE1	VWF
LYVE1	PECAM1
MDK	PTPRB
MELK	UBE2T
MELK	TYMS
MELK	TK1
MELK	NEK2
MELK	PCLAF
MELK	ZWINT
MELK	NUSAP1
MELK	TTK
MELK	RRM2
MELK	UBE2C
MELK	TOP2A
MELK	TPX2
MET	MMP9
MET	PTEN
MET	SH3GL3
MET	S100A8
MGMT	MLH1
MGMT	XRCC1
MGMT	PTEN
MGMT	RASSF1
MIF	SOD1
MLH1	TGFBR2
MLH1	RASSF1
MLH1	XRCC1
MLH1	PTEN
MME	PAX8
MME	TAC1
MMP1	MMP11
MMP1	MMP7
MMP1	MMP3
MMP1	PTGS2
MMP1	MMP9
MMP11	MMP7
MMP12	MMP7
MMP12	MMP3
MMP3	MMP7
MMP3	MMP9
MMP3	SPP1
MMP7	MMP9
MMP7	SPP1
MMP9	VWF
MMP9	SCUBE3
MMP9	THBS2
MMP9	PTGS2
MMP9	S100A12
MMP9	PTEN
MMP9	MYC
MMP9	PECAM1
MMP9	RECK
MMP9	SPP1
MMRN2	ROBO4
MTHFR	TYMS
MUC16	MUC20
MUC16	MUC5B
MUC20	MUC5B
MYC	SOX2
MYC	PTGS2
MYC	PTEN
MYC	RUNX3
MYC	TFAP2A
NEDD4L	SCNN1G
NEDD4L	SFN
NEK2	TPX2
NEK2	UBE2C
NEK2	RRM2
NEK2	ZWINT
NEK2	TTK
NEK2	NUSAP1
NEK2	TOP2A
NKG7	PRF1
NOS1	XDH
NR4A1	NR4A2
NR4A1	NR4A3
NR4A2	SNCA
NR4A2	NR4A3
NUSAP1	PCLAF
NUSAP1	TPX2
NUSAP1	TYMS
NUSAP1	UBE2C
NUSAP1	RRM2
NUSAP1	TTK
NUSAP1	ZWINT
NUSAP1	TOP2A
NUSAP1	TK1
PCLAF	TPX2
PCLAF	UBE2T
PCLAF	TTK
PCLAF	TK1
PCLAF	UHRF1
PCLAF	TYMS
PCLAF	RRM2
PCLAF	ZWINT
PCLAF	TOP2A
PCLAF	UBE2C
PECAM1	VWF
PECAM1	SELE
PECAM1	TIE1
PECAM1	TEK
PIP5K1B	PLCB4
PIP5K1B	PTEN
PLA2G1B	PTGS2
PLA2G1B	PLA2G4A
PLA2G4A	PTGS2
PLCB4	PTEN
PLPP2	UGT8
PLPP2	SGPP2
PPBP	VWF
PRF1	STX11
PRKCI	PTEN
PTEN	SOX2
PTGS2	XDH
PTPRB	TIE1
PTPRB	TEK
RAMP2	RAMP3
RAMP2	VIPR1
RAMP3	VIPR1
RARA	ZBTB16
RECK	SPARC
ROBO4	SLIT2
RRM2	TPX2
RRM2	TYMS
RRM2	UBE2C
RRM2	TTK
RRM2	UHRF1
RRM2	TK1
RRM2	ZWINT
RRM2	TOP2A
RUNX3	SPP1
S100A10	S100A3
S100A12	S100A8
SALL4	TBX3
SALL4	SOX2
SCGB1A1	SFTPD
SCGB1A1	SFTPC
SCGB1A1	SCGB3A2
SCGB3A2	SFTPC
SCN1A	SCN4B
SCN4B	SCNN1G
SCUBE3	TGFBR2
SELE	VWF
SELE	THBD
SERPIND1	THBD
SFN	TP63
SFTPC	SFTPD
SGPP2	UGT8
SH3GL2	SH3GL3
SNCA	SOD1
SOCS2	SOCS3
SOX2	TBX3
SOX2	TP63
SPARC	THBS2
SPARC	VWF
SPARC	SPP1
SPP1	VWF
SPP1	THBS2
SPRR1A	TGM1
SRD5A1	UGT2B4
TEK	VWF
TEK	TIE1
TGFBR2	TGFBR3
THBD	VWF
TK1	TPX2
TK1	TYMS
TK1	UBE2C
TK1	ZWINT
TK1	TOP2A
TK1	UBE2T
TOP2A	TPX2
TOP2A	TYMS
TOP2A	UBE2C
TOP2A	TTK
TOP2A	ZWINT
TOP2A	UHRF1
TPX2	UBE2T
TPX2	ZWINT
TPX2	TTK
TPX2	UBE2C
TTK	UBE2C
TTK	ZWINT
TYMS	ZWINT
TYMS	UBE2C
UBE2C	UBE2T
UBE2C	ZWINT
UBE2T	ZWINT
UBE2T	UHRF1
UHRF1	ZWINT
