"name","selected","shared name"
"ACKR1","false","ACKR1"
"ACKR4","false","ACKR4"
"CXCL5","false","CXCL5"
"PPBP","false","PPBP"
"CXCL8","false","CXCL8"
"CXCL12","false","CXCL12"
"CXCL13","false","CXCL13"
"ACTN2","false","ACTN2"
"CASQ2","false","CASQ2"
"SYNPO2","false","SYNPO2"
"NEBL","false","NEBL"
"LDB3","false","LDB3"
"ACVRL1","false","ACVRL1"
"TGFBR2","false","TGFBR2"
"BMP2","false","BMP2"
"SMAD9","false","SMAD9"
"CDH5","false","CDH5"
"ADAM12","false","ADAM12"
"ADAMTS1","false","ADAMTS1"
"AREG","false","AREG"
"ADCY8","false","ADCY8"
"PDE5A","false","PDE5A"
"RAPGEF4","false","RAPGEF4"
"ADH1B","false","ADH1B"
"UGT2B4","false","UGT2B4"
"MGST1","false","MGST1"
"GSTM3","false","GSTM3"
"GSTP1","false","GSTP1"
"ALDH3A1","false","ALDH3A1"
"AOX1","false","AOX1"
"ADRB1","false","ADRB1"
"ADRB2","false","ADRB2"
"GRK5","false","GRK5"
"ERBB2","false","ERBB2"
"GRIA1","false","GRIA1"
"EDN1","false","EDN1"
"AGTR1","false","AGTR1"
"AKAP12","false","AKAP12"
"AGER","false","AGER"
"KRAS","false","KRAS"
"S100P","false","S100P"
"SFTPC","false","SFTPC"
"S100A12","false","S100A12"
"SFTPD","false","SFTPD"
"CD36","false","CD36"
"AGTR2","false","AGTR2"
"HSPA12B","false","HSPA12B"
"EGFR","false","EGFR"
"CAVIN1","false","CAVIN1"
"ANGPT1","false","ANGPT1"
"AKR1B10","false","AKR1B10"
"AOC3","false","AOC3"
"GAD1","false","GAD1"
"ALK","false","ALK"
"PTEN","false","PTEN"
"CD274","false","CD274"
"MYC","false","MYC"
"ALKAL2","false","ALKAL2"
"MDK","false","MDK"
"VWF","false","VWF"
"FGF2","false","FGF2"
"EGF","false","EGF"
"FGFR4","false","FGFR4"
"MET","false","MET"
"PTPRB","false","PTPRB"
"TIE1","false","TIE1"
"TEK","false","TEK"
"ANGPTL1","false","ANGPTL1"
"LILRB2","false","LILRB2"
"ANK2","false","ANK2"
"SCN4B","false","SCN4B"
"TRPM8","false","TRPM8"
"SPTBN1","false","SPTBN1"
"ANLN","false","ANLN"
"DLGAP5","false","DLGAP5"
"CCNB1","false","CCNB1"
"DEPDC1B","false","DEPDC1B"
"CDC20","false","CDC20"
"TTK","false","TTK"
"NUSAP1","false","NUSAP1"
"TYMS","false","TYMS"
"CCNA2","false","CCNA2"
"EXO1","false","EXO1"
"UBE2C","false","UBE2C"
"BIRC5","false","BIRC5"
"KIF4A","false","KIF4A"
"RRM2","false","RRM2"
"NEK2","false","NEK2"
"CDCA8","false","CDCA8"
"BUB1B","false","BUB1B"
"MELK","false","MELK"
"CENPF","false","CENPF"
"DEPDC1","false","DEPDC1"
"TOP2A","false","TOP2A"
"HMMR","false","HMMR"
"ASPM","false","ASPM"
"TPX2","false","TPX2"
"CEP55","false","CEP55"
"KIF20A","false","KIF20A"
"ANOS1","false","ANOS1"
"ARSL","false","ARSL"
"PROK2","false","PROK2"
"ANXA1","false","ANXA1"
"CDH1","false","CDH1"
"SOX2","false","SOX2"
"ANXA2","false","ANXA2"
"PLA2G4A","false","PLA2G4A"
"S100A10","false","S100A10"
"FPR2","false","FPR2"
"KCNK3","false","KCNK3"
"CAV1","false","CAV1"
"CD69","false","CD69"
"FCGR3B","false","FCGR3B"
"CD19","false","CD19"
"FCGR3A","false","FCGR3A"
"HSD17B6","false","HSD17B6"
"APC","false","APC"
"LRRK2","false","LRRK2"
"ARC","false","ARC"
"EGR1","false","EGR1"
"FOSB","false","FOSB"
"EGR3","false","EGR3"
"SH3GL3","false","SH3GL3"
"HBEGF","false","HBEGF"
"ASPA","false","ASPA"
"CDCA5","false","CDCA5"
"CCNB2","false","CCNB2"
"PCLAF","false","PCLAF"
"CDC45","false","CDC45"
"TK1","false","TK1"
"ZWINT","false","ZWINT"
"UBE2T","false","UBE2T"
"HJURP","false","HJURP"
"ATF3","false","ATF3"
"PPP1R15A","false","PPP1R15A"
"GADD45B","false","GADD45B"
"KLF6","false","KLF6"
"NR4A2","false","NR4A2"
"NR4A1","false","NR4A1"
"IL6","false","IL6"
"CEBPG","false","CEBPG"
"MAFF","false","MAFF"
"ATP1A2","false","ATP1A2"
"SCN1A","false","SCN1A"
"FXYD1","false","FXYD1"
"BDNF","false","BDNF"
"SLC6A4","false","SLC6A4"
"TAC1","false","TAC1"
"NTRK3","false","NTRK3"
"MMP9","false","MMP9"
"GDNF","false","GDNF"
"SNCA","false","SNCA"
"NRN1","false","NRN1"
"UHRF1","false","UHRF1"
"CDC25C","false","CDC25C"
"TGFBR3","false","TGFBR3"
"COMP","false","COMP"
"IBSP","false","IBSP"
"SPARC","false","SPARC"
"CBFB","false","CBFB"
"BMPER","false","BMPER"
"SPP1","false","SPP1"
"GREM1","false","GREM1"
"BPIFA1","false","BPIFA1"
"CETP","false","CETP"
"BRAF","false","BRAF"
"MLH1","false","MLH1"
"SFN","false","SFN"
"QKI","false","QKI"
"CDKN2A","false","CDKN2A"
"BTNL9","false","BTNL9"
"XDH","false","XDH"
"E2F8","false","E2F8"
"RAD54L","false","RAD54L"
"C5AR1","false","C5AR1"
"CD93","false","CD93"
"CFP","false","CFP"
"CXCR2","false","CXCR2"
"C6","false","C6"
"C8B","false","C8B"
"C7","false","C7"
"CLU","false","CLU"
"CPB2","false","CPB2"
"CAT","false","CAT"
"SOD1","false","SOD1"
"CAV2","false","CAV2"
"DLC1","false","DLC1"
"CAVIN2","false","CAVIN2"
"CLDN5","false","CLDN5"
"PTGS2","false","PTGS2"
"NOSTRIN","false","NOSTRIN"
"MMP13","false","MMP13"
"TAL1","false","TAL1"
"SOCS3","false","SOCS3"
"RUNX3","false","RUNX3"
"LIFR","false","LIFR"
"ERG","false","ERG"
"NR4A3","false","NR4A3"
"CBLC","false","CBLC"
"SH3GL2","false","SH3GL2"
"CCL18","false","CCL18"
"CXCL3","false","CXCL3"
"CXCL2","false","CXCL2"
"E2F1","false","E2F1"
"GINS1","false","GINS1"
"RGCC","false","RGCC"
"GINS2","false","GINS2"
"GZMB","false","GZMB"
"IL7R","false","IL7R"
"CD24","false","CD24"
"FCRLA","false","FCRLA"
"MME","false","MME"
"CR2","false","CR2"
"CD1A","false","CD1A"
"CD207","false","CD207"
"LAMP3","false","LAMP3"
"SELE","false","SELE"
"PECAM1","false","PECAM1"
"KLRD1","false","KLRD1"
"ROS1","false","ROS1"
"DDX53","false","DDX53"
"PRF1","false","PRF1"
"CD300LG","false","CD300LG"
"EMCN","false","EMCN"
"COL1A1","false","COL1A1"
"FABP4","false","FABP4"
"COL1A2","false","COL1A2"
"THBS2","false","THBS2"
"LPL","false","LPL"
"S1PR1","false","S1PR1"
"RASSF1","false","RASSF1"
"MMP7","false","MMP7"
"MMP3","false","MMP3"
"KLF4","false","KLF4"
"RPSA","false","RPSA"
"ITGA1","false","ITGA1"
"CTNND2","false","CTNND2"
"ERVFRD-1","false","ERVFRD-1"
"S100A8","false","S100A8"
"CDH3","false","CDH3"
"CDH13","false","CDH13"
"CDH19","false","CDH19"
"LYVE1","false","LYVE1"
"ESAM","false","ESAM"
"ROBO4","false","ROBO4"
"TP63","false","TP63"
"CDKN2B","false","CDKN2B"
"MGMT","false","MGMT"
"FHIT","false","FHIT"
"CDO1","false","CDO1"
"CEACAM1","false","CEACAM1"
"CEACAM5","false","CEACAM5"
"CEBPD","false","CEBPD"
"CFD","false","CFD"
"MASP1","false","MASP1"
"FCN1","false","FCN1"
"CLDN11","false","CLDN11"
"CLDN18","false","CLDN18"
"CLEC14A","false","CLEC14A"
"MMRN2","false","MMRN2"
"CP","false","CP"
"SERPINA1","false","SERPINA1"
"COL10A1","false","COL10A1"
"MMP11","false","MMP11"
"COL3A1","false","COL3A1"
"COL5A2","false","COL5A2"
"COL11A1","false","COL11A1"
"COL5A1","false","COL5A1"
"COL17A1","false","COL17A1"
"LAMA3","false","LAMA3"
"PCOLCE2","false","PCOLCE2"
"ITGA8","false","ITGA8"
"MMP1","false","MMP1"
"CTHRC1","false","CTHRC1"
"SULF1","false","SULF1"
"COL6A6","false","COL6A6"
"SERPIND1","false","SERPIND1"
"THBD","false","THBD"
"CRABP2","false","CRABP2"
"RARA","false","RARA"
"CRYAB","false","CRYAB"
"CSF3","false","CSF3"
"CSPG4","false","CSPG4"
"CSRNP1","false","CSRNP1"
"CTAG1B","false","CTAG1B"
"PDZD2","false","PDZD2"
"MIF","false","MIF"
"CXCL14","false","CXCL14"
"SLIT2","false","SLIT2"
"SSTR1","false","SSTR1"
"GPR37","false","GPR37"
"IL33","false","IL33"
"DAPK1","false","DAPK1"
"DCC","false","DCC"
"DLG3","false","DLG3"
"SHANK3","false","SHANK3"
"LIN7A","false","LIN7A"
"NEDD4L","false","NEDD4L"
"DUOX1","false","DUOX1"
"EDNRB","false","EDNRB"
"EFEMP1","false","EFEMP1"
"MFAP4","false","MFAP4"
"EFNA4","false","EFNA4"
"EPHA10","false","EPHA10"
"EPHB2","false","EPHB2"
"GHR","false","GHR"
"RSPO1","false","RSPO1"
"EPAS1","false","EPAS1"
"EPN3","false","EPN3"
"SPINK1","false","SPINK1"
"SH2D3C","false","SH2D3C"
"PLCB4","false","PLCB4"
"LRIG3","false","LRIG3"
"GPER1","false","GPER1"
"LAPTM4B","false","LAPTM4B"
"EPB41L3","false","EPB41L3"
"ERCC4","false","ERCC4"
"XRCC1","false","XRCC1"
"ERCC5","false","ERCC5"
"ERO1A","false","ERO1A"
"ETV4","false","ETV4"
"RMI2","false","RMI2"
"MNDA","false","MNDA"
"FCN3","false","FCN3"
"PTX3","false","PTX3"
"GPC3","false","GPC3"
"FGFBP2","false","FGFBP2"
"NKG7","false","NKG7"
"GNLY","false","GNLY"
"KLB","false","KLB"
"KL","false","KL"
"FOXE1","false","FOXE1"
"PAX8","false","PAX8"
"FRAS1","false","FRAS1"
"NPNT","false","NPNT"
"GDF15","false","GDF15"
"GFRA3","false","GFRA3"
"SOCS2","false","SOCS2"
"GNG11","false","GNG11"
"NMU","false","NMU"
"STX11","false","STX11"
"KLRF1","false","KLRF1"
"GOLM1","false","GOLM1"
"SALL4","false","SALL4"
"HS6ST2","false","HS6ST2"
"GPD1","false","GPD1"
"PLPP2","false","PLPP2"
"GPIHBP1","false","GPIHBP1"
"GPX3","false","GPX3"
"NQO1","false","NQO1"
"SCG5","false","SCG5"
"SYN2","false","SYN2"
"GSTZ1","false","GSTZ1"
"MTHFR","false","MTHFR"
"HGD","false","HGD"
"GUCY1A2","false","GUCY1A2"
"NOS1","false","NOS1"
"KLF2","false","KLF2"
"H2AC8","false","H2AC8"
"HABP2","false","HABP2"
"HBB","false","HBB"
"KLF1","false","KLF1"
"ZBTB16","false","ZBTB16"
"ST6GALNAC5","false","ST6GALNAC5"
"HYAL2","false","HYAL2"
"SRD5A1","false","SRD5A1"
"IGF2BP3","false","IGF2BP3"
"IL1RL1","false","IL1RL1"
"IL37","false","IL37"
"MAP3K8","false","MAP3K8"
"MMP12","false","MMP12"
"KCNK5","false","KCNK5"
"KISS1R","false","KISS1R"
"LDB2","false","LDB2"
"TBX3","false","TBX3"
"RASAL1","false","RASAL1"
"LGR4","false","LGR4"
"MARCO","false","MARCO"
"SCGB3A2","false","SCGB3A2"
"MFAP5","false","MFAP5"
"SCUBE3","false","SCUBE3"
"RECK","false","RECK"
"MMRN1","false","MMRN1"
"USHBP1","false","USHBP1"
"TFAP2A","false","TFAP2A"
"SCNN1G","false","SCNN1G"
"NFIB","false","NFIB"
"PIP5K1B","false","PIP5K1B"
"PITX2","false","PITX2"
"PLA2G1B","false","PLA2G1B"
"UGT8","false","UGT8"
"SGPP2","false","SGPP2"
"PRKCI","false","PRKCI"
"RHOJ","false","RHOJ"
"PSMB5","false","PSMB5"
"PTGDS","false","PTGDS"
"S100A3","false","S100A3"
"S100A2","false","S100A2"
"SCEL","false","SCEL"
"SCGB1A1","false","SCGB1A1"
"SCN7A","false","SCN7A"
"SMTNL2","false","SMTNL2"
"SHOX2","false","SHOX2"
"ST6GALNAC1","false","ST6GALNAC1"
