"","x"
"1","COL10A1"
"2","OCIAD2"
"3","HSPA12B"
"4","CDH5"
"5","MNX1"
"6","LOC101928718///FAM212B"
"7","BTNL9"
"8","TMPRSS4"
"9","FOXF1"
"10","RASIP1"
"11","SPTBN1"
"12","CCM2L"
"13",""
"14","SERTM1"
"15","RTKN2"
"16","PTPRB"
"17","MMRN2"
"18","DLG3"
"19","RASAL1"
"20","EDNRB"
"21","KCNK3"
"22","ROBO4"
"23","GNG11"
"24","TAL1"
"25","GOLM1"
"26","S1PR1"
"27","FENDRR"
"28","ABCC3"
"29","ASPA"
"30","EPN3"
"31","EXOSC7///CLEC3B"
"32","TEK"
"33","SEMA3G"
"34","LGI3"
"35","FAM189A1"
"36","DENND2A"
"37","FAM107A"
"38","CA4"
"39","CLDN5"
"40","ECSCR"
"41","SFN"
"42","RAMP3"
"43","GRK5"
"44","CLEC14A"
"45","MASP1"
"46","FRMD5"
"47","SERINC2"
"48","CALCRL"
"49","EMCN"
"50","C10orf67"
"51","ARHGEF26"
"52","STX11"
"53","SGPP2"
"54","DPP6"
"55","GPM6A"
"56","KL"
"57","KANK3"
"58","ADAMTSL3"
"59","TMEM184A"
"60","USHBP1"
"61","STXBP6"
"62","FHL5"
"63","SPP1"
"64","MYCT1"
"65","AGER"
"66","PLPP2"
"67","SDPR"
"68","THBD"
"69","AFF3"
"70","CD300LG"
"71","ETV4"
"72","B3GNT3"
"73","AFAP1-AS1"
"74","FGFR4"
"75","CAV1"
"76","LYVE1"
"77","MT1M"
"78","GCNT3"
"79","EPHA10"
"80","PLAC9"
"81","CCDC85A"
"82","CAV2"
"83","SNCA"
"84","ANKRD22"
"85","RNF182"
"86","KCNT2"
"87","CDCA7"
"88","IGSF9"
"89","XDH"
"90","FLJ30901///SCUBE1"
"91","TRIM2"
"92","HS6ST2"
"93","SEMA6A"
"94","APOLD1"
"95","SBK1"
"96","AOC3"
"97","AGTR1"
"98","CD24"
"99","ANGPTL1"
"100","FAM162B"
"101","NCKAP5"
"102","HBA2///HBA1"
"103","TNXB///TNXA"
"104","FAM150B"
"105","CDH19"
"106","CTHRC1"
"107","HNF4G"
"108","SH3GL3"
"109","IGSF10"
"110","LRRTM4"
"111","ATP10B"
"112","UBE2T"
"113","KIF26B"
"114","FHL1"
"115","LINC00673///LINC00511"
"116","BLACAT1"
"117","FABP4"
"118","CCBE1"
"119","PTPN5"
"120","PROM2"
"121","TTLL7"
"122","NEBL"
"123","SPDEF"
"124","CDO1"
"125","SIX4"
"126","KIAA0101"
"127","CD36"
"128","CDH3"
"129","GPER1"
"130","KDELR3"
"131","TGFBR3"
"132","PDK4"
"133","TOX3"
"134","FIBIN"
"135","UNC5CL"
"136","TOP2A"
"137","SALL4"
"138","PODXL2"
"139","FAT3"
"140","BDNF"
"141","ACTN2"
"142","SMPDL3B"
"143","CDCA8"
"144","SLC6A4"
"145","DACH1"
"146","METTL7B"
"147","BIK"
"148","RMST"
"149","TFAP2A"
"150","TINCR"
"151","SLC19A3"
"152","SOX7"
"153","TMEM100"
"154","LINC00472"
"155","SOSTDC1"
"156","ADAMTS9-AS1"
"157","LOC400568"
"158","NOSTRIN"
"159","RXFP1"
"160","ADAMTS1"
"161","GPM6B"
"162","HMMR"
"163","FLJ34503"
"164","RAD54L"
"165","LRRN3"
"166","NOS1"
"167","HMGB3"
"168","STK32A"
"169","SYT16"
"170","ANXA8L1///ANXA8"
"171","MME"
"172","MMP11"
"173","PCOLCE2"
"174","BMPER"
"175","FAM189A2"
"176","SUGCT"
"177","LOC101927069"
"178","LINC00968"
"179","FGFBP2"
"180","GRIA1"
"181","DCC"
"182","WASIR2"
"183","E2F8"
"184","CFD"
"185","GPD1"
"186","FMO2"
"187","SGCG"
"188","LOC286191"
"189","GLB1L2"
"190","ZBTB16"
"191","HBG2///HBG1"
"192","SMIM22"
"193","ADGRL3"
"194","CDC42EP2"
"195","TCF21"
"196","CCNA2"
"197","C2CD4A"
"198","FERMT1"
"199","GPA33"
"200","ERVFRD-1"
"201","GJB2"
"202","CLIC5"
"203","TRHDE"
"204","BCL2L15"
"205","PROK2"
"206","DEPDC1"
"207","SH3GL2"
"208","ACADL"
"209","FREM3"
"210","TGM1"
"211","ADRB1"
"212","AKAP12"
"213","GPIHBP1"
"214","EXOC3L1"
"215","RSPO1"
"216","KRT80"
"217","HBB"
"218","COL11A1"
"219","FCN3"
"220","GDF10"
"221","MCEMP1"
"222","ID4"
"223","WFDC2"
"224","TSPAN7"
"225","CCDC141"
"226","LOC100996760"
"227","ADRA1A"
"228","KLHDC8A"
"229","CXCL13"
"230","RRM2"
"231","HABP2"
"232","ZBED2"
"233","CLDN18"
"234","COL1A1"
"235","ANKRD29"
"236","ADAMTS8"
"237","ANLN"
"238","NXF3"
"239","FAM83A"
"240","SPINK1"
"241","RS1"
"242","MMP12"
"243","ANKRD20A12P///ANKRD20A8P///ANKRD20A4///ANKRD20A2///ANKRD20A3///ANKRD20A5P///ANKRD20A1"
"244","SSTR1"
"245","INMT"
"246","INSC"
"247","KLF4"
"248","CST1"
"249","SFTPC"
"250","GKN2"
"251","HIGD1B"
"252","C8B"
"253","MUC20"
"254","NTRK3"
"255","IL6"
"256","NTNG1"
"257","EGF"
"258","SIX1"
"259","ADGRF1"
"260","KISS1R"
"261","HYAL1"
"262","S100A3"
"263","CSPG4"
"264","MARCO"
"265","CP"
"266","VIPR1"
"267","SYNPO2L"
"268","ENDOU"
"269","CELSR1"
"270","TIE1"
"271","COL6A6"
"272","COMP"
"273","RGS17"
"274","C12orf49"
"275","CFP"
"276","SYN2"
"277","SCN4B"
"278","TAC1"
"279","MMRN1"
"280","TRHDE-AS1"
"281","SORBS2"
"282","LEPROT///LEPR"
"283","MMP13"
"284","DEPDC1B"
"285","CRABP2"
"286","ARC"
"287","CT45A8///CT45A9///CT45A10///CT45A7///CT45A2///CT45A1///CT45A6///CT45A5///CT45A3"
"288","DLGAP5"
"289","NECAB1"
"290","EPHB2"
"291","ADGRB3"
"292","SLC14A1"
"293","TNNC1"
"294","TMEM132C"
"295","LDB3"
"296","FLJ35700"
"297","LINC00312"
"298","ABCA8"
"299","LOC105379426"
"300","CDC25C"
"301","MMP9"
"302","BCHE"
"303","CSF3"
"304","SLC5A9"
"305","LOC100653057///CES1"
"306","HAS1"
"307","SLC28A3"
"308","SLCO1A2"
"309","SMTNL2"
"310","ABCA4"
"311","SCARA5"
"312","ADH1B"
"313","CRTAC1"
"314","TRIM58"
"315","MAP7D2"
"316","ADCY8"
"317","HSPB3"
"318","IGFL2"
"319","WFDC3"
"320","HIST1H2AE"
"321","ADAMDEC1"
"322","HHIP"
"323","CTNND2"
"324","MMP3"
"325","MAMDC2"
"326","CD19"
"327","FAM111B"
"328","IL1RL1"
"329","GPR37"
"330","KRT15"
"331","PGM5-AS1"
"332","MMP7"
"333","CAMK2N1"
"334","LCAL1"
"335","CYP24A1"
"336","PPBP"
"337","KDM4C"
"338","GAD1"
"339","MFAP4"
"340","PLCXD3"
"341","EXO1"
"342","CETP"
"343","NFIB"
"344","GREM1"
"345","CR2"
"346","KLB"
"347","SLC27A6"
"348","IL37"
"349","FOXA3"
"350","LINC01354"
"351","SOGA3///KIAA0408"
"352","EYA4"
"353","LINC00460"
"354","SFTPA2///SFTPA1"
"355","KCTD16"
"356","NMU"
"357","PIR-FIGF///FIGF"
"358","DUOX1"
"359","PKHD1L1"
"360","CD1A"
"361","AQP4"
"362","MB"
"363","LYPD1"
"364","AOC1"
"365","TRPM8"
"366","OGN"
"367","WIF1"
"368","CEACAM7"
"369","KRT4"
"370","PCP4"
"371","RERGL"
"372","ATP1A2"
"373","ABCA12"
"374","GLB1L3"
"375","STMN2"
"376","MYRIP"
"377","EGFEM1P"
"378","SCUBE3"
"379","CEACAM5"
"380","NR4A3"
"381","SCN1A"
"382","SEL1L2///GPR37"
"383","DPP10"
"384","AGTR2"
"385","ZYG11A"
"386","CASQ2"
"387","LRRC36"
"388","UGT2B4"
"389","NR4A1"
"390","CXCL14"
"391","CPB2"
"392","CD207"
"393","ACKR1"
"394","FOXE1"
"395","PTPRH"
"396","FDCSP"
"397","LRRC15"
"398","MGC27382"
"399","MMP1"
"400","MFSD4A"
"401","CDC45"
"402","FCRLA"
"403","GJB6"
"404","LINC01207"
"405","S100A8"
"406","KIAA0408"
"407","PEBP4"
"408","C2orf40"
"409","COL17A1"
"410","SLC46A2"
"411","ARNTL2"
"412","UMODL1"
"413","XAGE1B///XAGE1E"
"414","IBSP"
"415","IGF2BP3"
"416","HGD"
"417","ANK2"
"418","TM4SF4"
"419","KLK10"
"420","ARL14"
"421","GFRA3"
"422","CLDN10-AS1"
"423","AKR1B10"
"424","KRT6A"
"425","CA10"
"426","MFAP5"
"427","TMPRSS11E"
"428","CYP4B1"
"429","LOC101926959"
"430","LGSN"
"431","MUC16"
"432","SPRR1A"
"433","GPR87"
"434","SCGB1A1"
"435","MUC5B"
"436","TCN1"
"437","SPOCK2"
"438","FRMD3"
"439","PCAT19"
"440","EFNA4"
"441","ACVRL1"
"442","LIN7A"
"443","WWC2///CLDN22"
"444","FUT2"
"445","MYZAP"
"446","EPAS1"
"447","QKI"
"448","ST6GALNAC5"
"449","SH2D3C"
"450","PALM2-AKAP2///AKAP2"
"451","PECAM1"
"452","ADIRF"
"453","CORO2B"
"454","CYYR1"
"455","KIAA1462"
"456","JAM2"
"457","RGCC"
"458","GIMAP8"
"459","LDB2"
"460","ESAM"
"461","EMP2"
"462","FAM46B"
"463","ITM2A"
"464","GPR146"
"465","PEAR1"
"466","RMI2"
"467","PTPN21"
"468","ARHGAP6"
"469","ADRB2"
"470","FILIP1"
"471","ANOS1"
"472","GIMAP6"
"473","SASH1"
"474","NHS"
"475","ADARB1"
"476","LOC101060604///SLC7A5P2///SLC7A5P1"
"477","VWF"
"478","RHOJ"
"479","UPK3B"
"480","CSRNP1"
"481","PSAT1"
"482","SEMA5A"
"483","SOX17"
"484","LRRFIP1"
"485","SYNM"
"486","DLC1"
"487","DNASE1L3"
"488","CRYAB"
"489","ABCA6"
"490","RAMP2"
"491","COL3A1"
"492","PPP1R15A"
"493","ADGRL2"
"494","CD93"
"495","SRD5A1"
"496","ZWINT"
"497","SHANK3"
"498","RAPGEF4"
"499","PRF1"
"500","FXYD1"
"501","LAMP3"
"502","C1orf53"
"503","MDK"
"504","KLF2"
"505","TOX2"
"506","GIMAP1"
"507","LMO7"
"508","MYRF"
"509","LRRC32"
"510","AFAP1L1"
"511","EDN1"
"512","SLIT2"
"513","SEMA6D"
"514","PIP5K1B"
"515","NKG7"
"516","KLRD1"
"517","ABI3BP"
"518","THBS2"
"519","ERG"
"520","PCDH17"
"521","GNLY"
"522","PGM5"
"523","HBEGF"
"524","SOCS2"
"525","ST6GALNAC3"
"526","NEDD4L"
"527","P2RY14"
"528","DEPTOR"
"529","PPP1R14A"
"530","TMEM178A"
"531","SPAG4"
"532","SULF1"
"533","GINS1"
"534","CLIC3"
"535","ITGA8"
"536","CCDC102B"
"537","CDC20"
"538","NRN1"
"539","FGF2"
"540","VGLL3"
"541","HECW2"
"542","LGR4"
"543","ACKR4"
"544","PTRF"
"545","COL5A2"
"546","GPC3"
"547","GHR"
"548","NUSAP1"
"549","KIF20A"
"550","UHRF1"
"551","ZNF366"
"552","COL1A2"
"553","FEZ1"
"554","BUB1B"
"555","RECK"
"556","LPL"
"557","DEFA1B///DEFA3///DEFA1"
"558","KLRF1"
"559","ST6GALNAC1"
"560","ATOH8"
"561","WISP2"
"562","LOC285812"
"563","P2RY1"
"564","KCNK5"
"565","PDZD2"
"566","EFEMP1"
"567","UBE2C"
"568","LIFR"
"569","CCNB2"
"570","NQO1"
"571","CENPF"
"572","C14orf132"
"573","ZNF331"
"574","MAFF"
"575","SEZ6L2"
"576","HCAR3"
"577","PALMD"
"578","LIMCH1"
"579","BMP2"
"580","CCNB1"
"581","ANGPT1"
"582","ERO1A"
"583","PLEKHH2"
"584","TBX3"
"585","TCEAL2"
"586","PDE5A"
"587","CXCR2"
"588","WASF3"
"589","GPX3"
"590","BIRC5"
"591","YME1L1"
"592","AOX1"
"593","ITGA1"
"594","DKK2"
"595","FRY"
"596","C1orf106"
"597","SRPX"
"598","DPT"
"599","MAP3K8"
"600","MELK"
"601","COL5A1"
"602","TMTC1"
"603","MS4A15"
"604","FCGBP"
"605","EMP1"
"606","CLDN11"
"607","TRDV3"
"608","SPIDR"
"609","GIMAP7"
"610","LDLR"
"611","FAM13C"
"612","KLF6"
"613","NEK2"
"614","FCN1"
"615","CHRDL1"
"616","FRAS1"
"617","CEACAM1"
"618","TYMS"
"619","ATF3"
"620","CXCL2"
"621","TPX2"
"622","NPNT"
"623","GADD45B"
"624","LILRB2"
"625","FPR2"
"626","SCG5"
"627","FOSB"
"628","IL33"
"629","CA3"
"630","AQP1"
"631","KIF4A"
"632","CD274"
"633","LRRC31"
"634","CLU"
"635","CCL15-CCL14///CCL14"
"636","SMAD9"
"637","VEPH1"
"638","GUCY1A2"
"639","SOCS3"
"640","SCN7A"
"641","C1QTNF7"
"642","GZMB"
"643","CEBPD"
"644","FCGR3B"
"645","DNAJC12"
"646","TTK"
"647","IL7R"
"648","LAMA3"
"649","ADAM12"
"650","ADGRD1"
"651","MFAP3L"
"652","S100A12"
"653","SYNPO2"
"654","CEP55"
"655","ASPM"
"656","ARSE"
"657","SLC1A1"
"658","AGR2"
"659","KLF9"
"660","NR4A2"
"661","LOC101927057///OMG"
"662","ANXA3"
"663","CDKN2B"
"664","UGT8"
"665","LRRK2"
"666","SCEL"
"667","PTGDS"
"668","CMTM2"
"669","C7"
"670","S100A10"
"671","CXCL3"
"672","C5AR1"
"673","SCNN1G"
"674","MNDA"
"675","SNTN"
"676","PLCB4"
"677","B3GALNT1"
"678","FLRT3"
"679","CD69"
"680","EGR1"
"681","SFTA1P"
"682","SFRP4"
"683","EGR3"
"684","PTGS2"
"685","C20orf85"
"686","SFTPD"
"687","TMSB15B///TMSB15A"
"688","SLC39A8"
"689","S100A2"
"690","C9orf24"
"691","DYNLRB2"
"692","GDF15"
"693","AREG"
"694","WDR66"
"695","PGC"
"696","HSD17B6"
"697","SELE"
"698","ANXA1"
"699","PLA2G1B"
"700","ZNF385B"
"701","CXCL5"
"702","PTX3"
"703","SCGB3A2"
"704","SERPIND1"
