"","logFC","AveExpr","t","P.Value","adj.P.Val","B"
"387357_at",-2.91066862197292,4.28404384289295,-24.5737522314505,2.95087510527336e-72,5.17199879701262e-68,153.530188946751
"59350_at",-3.56541836017693,4.44555980433994,-23.2477961293157,1.1134195468258e-67,9.75745219860793e-64,143.150688194902
"27012_at",-3.69331663372257,4.21290805681715,-23.0592627859184,5.06167008323384e-67,2.95719638496132e-63,141.658361643229
"9840_at",-4.00114605035311,4.83590263401643,-21.7114253834819,2.83499736635471e-62,1.24222497100247e-58,130.877455777901
"57495_at",-3.6162372203553,4.4320781176019,-20.8177379758815,4.39361323345976e-59,1.54013718285698e-55,123.62850509252
"63974_at",-3.46533333686926,5.59875571342503,-20.6208124873443,2.23808349530858e-58,6.53781490371226e-55,122.02138967805
"1006_at",-2.00866986174013,4.62936752713546,-18.6316998729135,3.63316948944526e-51,9.09693737735816e-48,105.622546022569
"168391_at",-2.14619126897624,4.35012349993682,-18.5001402959534,1.09845573648255e-50,2.4065792116662e-47,104.529178372488
"401097_at",-4.61129326154096,4.62904332294215,-17.8368127417649,2.93873379040832e-48,5.15071871444867e-45,99.0048055982542
"2845_at",-3.51920132427826,4.61381110593116,-17.4731773214617,6.33065694671999e-47,9.2464520254301e-44,95.9698515719495
"7432_at",-2.96393729969945,4.32728181051655,-17.2998247545876,2.73844989643036e-46,3.69206241036423e-43,94.5218738787913
"645974_at",-2.48261020778259,4.87043819251058,-17.192055966512,6.80822114640425e-46,8.07807693331845e-43,93.6214157632915
"9515_at",-2.90039352488029,4.83747705794645,-17.1902420421199,6.91339955495959e-46,8.07807693331845e-43,93.6062579534938
"132332_at",-4.35495725552332,4.95408641720356,-17.1582436552679,9.06034280524838e-46,9.92503927172427e-43,93.3388596636033
"118427_at",-4.53325216732789,4.47027395588998,-16.9932525917945,3.654572220182e-45,3.76786395900764e-42,91.9598774593201
"23349_at",-3.84417677827479,4.99495000068233,-16.9438695851226,5.54810105187934e-45,5.2027451553055e-42,91.5470806373561
"10368_at",-4.51995407019644,5.14520103251288,-16.9419264728644,5.63999303650394e-45,5.2027451553055e-42,91.5308375556409
"51555_at",-3.65587881294683,4.76376315072553,-16.8785221938084,9.63994529942288e-45,8.44796606314924e-42,91.0008055112059
"10716_at",-3.95309590950064,4.39585236873969,-16.8428899363088,1.30288450738404e-44,1.08741222671048e-41,90.7029236391463
"6775_at",-3.95753263496537,5.5698058749135,-16.6840888087241,4.98874518715851e-44,3.97444258615123e-41,89.3752996516792
"55079_at",-2.87323982794374,4.57099820520785,-16.2084360805802,2.78087644898304e-42,2.0308508967219e-39,85.3991217155311
"400745_at",-2.76202688251794,5.61095727239321,-16.1411072120498,4.91202228237625e-42,3.44372058172834e-39,84.8364786710833
"125113_at",-4.50076026306029,4.6587065107275,-15.8216047173524,7.29748771198051e-41,4.91934873568778e-38,82.1677344429726
"27165_at",-2.7611917741255,4.85939614270242,-15.8066875316674,8.27676247373472e-41,5.37284503248698e-38,82.0431948876571
"399947_at",-3.78231761056701,4.43651139603786,-15.7166097912862,1.77021710622403e-40,1.10809268645673e-37,81.2912991880098
"284615_at",-2.57622951785161,5.82361462798223,-15.6541907684302,2.99740936542301e-40,1.81157220509549e-37,80.7704254470598
"57172_at",-2.92685219541847,5.28126974496127,-15.6347325703721,3.53210748230795e-40,2.06357492808038e-37,80.6080775138565
"3787_at",-3.26073129157283,5.82780850922191,-15.5879605635044,5.24041033791497e-40,2.96286038685921e-37,80.2178932789985
"9951_at",-3.62252233253732,5.28650375087196,-15.4050926885372,2.44834664126446e-39,1.34100536192007e-36,78.6931626388639
"151835_at",-2.09442923990837,5.44782597301643,-15.383475349032,2.93749131856767e-39,1.5601639497132e-36,78.5130110488716
"400120_at",-3.89370489450546,4.27783108540138,-15.3678698414887,3.3502380194456e-39,1.72704769902421e-36,78.3829728260395
"23109_at",-3.13555844944803,6.40427266277102,-15.16334458724,1.87474770284451e-38,9.38820085364448e-36,76.679757867836
"1010_at",-3.2141543938562,4.4522312939967,-15.0296118267646,5.77340655094341e-38,2.73487828698338e-35,75.5672491461097
"148808_at",-3.31342914556759,4.93679847487225,-14.8442734782249,2.73941397852005e-37,1.23112073850053e-34,74.027176235735
"26038_at",-2.45295933529895,5.28708083290489,-14.8032406921092,3.86580596924394e-37,1.69389953057346e-34,73.6865091066584
"63982_at",-4.59017999837105,4.9663641400835,-14.7594316256195,5.58326542049903e-37,2.38677787866064e-34,73.3229176887789
"8997_at",-2.29994823675892,5.19615559684828,-14.7148907541506,8.11229374577768e-37,3.38533744005346e-34,72.9533888816489
"1128_at",-3.38717709735677,4.62753202013083,-14.7091867292655,8.50977560886467e-37,3.46862411852491e-34,72.9060761286113
"6327_at",-2.97085316678912,5.49633755309578,-14.678873190208,1.09724831317143e-36,4.37078890567173e-34,72.6546757933625
"10645_at",-2.11042264250491,6.45080924505905,-14.6126494129715,1.91142246901173e-36,7.44477813652636e-34,72.1056936200497
"492_at",-2.09792435196654,5.20777190295725,-14.2885215170772,2.87727320770911e-35,1.00859935023035e-32,69.423749038206
"9478_at",-3.96611123317732,5.62624342516306,-14.2615249651813,3.60486450516897e-35,1.23685396930819e-32,69.2007750305043
"5950_at",-3.49058951613563,5.61790527156845,-14.2593945144776,3.66956161374027e-35,1.23685396930819e-32,69.1831817025847
"29953_at",-4.01055401091822,4.61653456498793,-14.0903133076231,1.5035953333365e-34,4.88028063099793e-32,67.7882599281259
"5923_at",-2.53427553676759,4.89367173634646,-14.0545276156322,2.02588434417519e-34,6.45594089097429e-32,67.4933826904035
"54033_at",-2.12996151505213,4.28625682740246,-14.032826110847,2.42722597124791e-34,7.59678385679682e-32,67.314623011043
"26034_at",-5.22442706676706,6.6657458994799,-13.8157268095351,1.47636363617957e-33,4.53968867567005e-31,65.5290468069578
"5058_at",-2.68102936647997,7.77642786173867,-13.757864169017,2.38668278310165e-33,7.21230847231424e-31,65.0540148199284
"815_at",-2.46423393019302,5.98143670345678,-13.7162269860194,3.37131009246535e-33,1.00150766085831e-30,64.7124254931799
"440279_at",-3.45034372314835,4.45203859487563,-13.6249897200214,7.18100900114895e-33,2.09769241271896e-30,63.9646331065528
"9495_at",-2.14584587427916,4.98996551846638,-13.613045389878,7.92764556451271e-33,2.27783350506909e-30,63.8668098461197
"5816_at",-4.57345513969141,4.73656681532851,-13.5043983017061,1.94783495490376e-32,5.50640375074164e-30,62.9778074142488
"8448_at",-2.50693378031276,5.62926140171629,-13.4751388150083,2.48074417445819e-32,6.90158780090931e-30,62.7386468192823
"3706_at",-2.46269774838437,5.924766805935,-13.4558088092814,2.91033388132666e-32,7.84760337507884e-30,62.5807081056479
"9856_at",-2.99816716423876,5.27841456498892,-13.4061584456093,4.38534804362118e-32,1.14719395762013e-29,62.175255806679
"3356_at",-4.02409149980772,5.59658209370315,-13.2408863417109,1.71272850942152e-31,4.22802712459592e-29,60.8280080944218
"727729_at",-2.14667602298985,4.4734549603765,-13.1768123450315,2.90158715138081e-31,6.87244837868263e-29,60.3067204092149
"266722_at",-2.25689081929712,5.03959538214082,-13.0606451088194,7.53466568632254e-31,1.73763270373915e-28,59.3631397299406
"887_at",-2.5917075476167,5.22187629520041,-13.0378073705557,9.08732322930503e-31,2.06848719792246e-28,59.1778743934679
"404037_at",-3.50609356725713,6.0495826167061,-13.0097719647828,1.14361746960414e-30,2.56976710125022e-28,58.9505527470211
"6262_at",-2.41552614682204,5.06447968231203,-12.9483002690607,1.892441043402e-30,4.09491532934654e-28,58.4525409984313
"2849_at",-2.15244171852658,5.28309475931264,-12.9277638888039,2.23894087209423e-30,4.78559959331653e-28,58.2862973649883
"3760_at",-2.00541289066374,4.67248499673479,-12.9235128633582,2.31821772957652e-30,4.89534965617924e-28,58.2518932830372
"253152_at",-3.07581162302298,5.09529827026508,-12.9171847396201,2.44144663078795e-30,5.09419465450242e-28,58.2006842812837
"6993_at",2.10807634157249,12.0065391941937,12.8975091531265,2.86791099338006e-30,5.91363246834969e-28,58.0415043880859
"6804_at",-3.18156301179687,7.34284384197337,-12.8714289267496,3.5497874234738e-30,7.23454932223549e-28,57.8306048504829
"51086_at",-2.12074885262973,4.85710896195051,-12.8208840325192,5.36540583544037e-30,1.08091342618119e-27,57.4221829198213
"9783_at",-2.72564612744474,7.36455737495864,-12.7884872672679,6.99028077337947e-30,1.39225739903434e-27,57.1606245027422
"6843_at",-2.59771012855312,7.0063377651702,-12.7087394998339,1.33965172437556e-29,2.52473933044414e-27,56.5175181176786
"114569_at",-5.39891753139394,4.93845890462772,-12.6992611748073,1.44722834180978e-29,2.69846501562767e-27,56.4411538886423
"340419_at",-3.22090248783263,4.52445073153237,-12.6968534825581,1.47590082994192e-29,2.7229593522518e-27,56.4217582227128
"93377_at",-5.00959570217387,5.28114224970558,-12.6646025255761,1.91929909231677e-29,3.46799538051919e-27,56.1620497357237
"59338_at",-2.38870568693244,8.4367300890947,-12.6547792495636,2.07910531853055e-29,3.71841621611071e-27,56.0829810735492
"200407_at",-4.13461100953718,5.03151931516721,-12.6477926023883,2.2007767746344e-29,3.89626409384012e-27,56.0267549290718
"57528_at",-2.60854979749193,5.22238397431704,-12.5950928610929,3.37881499399953e-29,5.80593043135586e-27,55.6029199264597
"3761_at",-2.27642444411241,5.26094108301004,-12.5618996719071,4.42515033990254e-29,7.5300592240264e-27,55.3362166920158
"26507_at",-2.08607936997584,5.36170667135974,-12.4676937157645,9.50577801191879e-29,1.58674067823715e-26,54.5803619551833
"2903_at",-2.72767358991443,5.6126584541263,-12.369439236782,2.10653890784401e-28,3.41863957757241e-26,53.7937650384313
"998_at",-3.78964373719439,6.23893643837051,-12.3408379709937,2.65472370331288e-28,4.26874700440045e-26,53.5651334252437
"1740_at",-3.39436260400829,6.00035071930092,-12.2721997594897,4.62174922410051e-28,7.3641271500736e-26,53.0170978218702
"2805_at",-2.86163749268962,8.39409051937558,-12.2342492694924,6.27725360010783e-28,9.91183998640449e-26,52.714479890352
"8632_at",-2.0840805382553,5.41796488221822,-12.1636586631497,1.10857310689765e-27,1.70438253022765e-25,52.1523495176391
"7433_at",-2.05214331540246,6.48113235568414,-12.1363739324554,1.38075791974703e-27,2.10439513560054e-25,51.9353431889629
"260293_at",-3.76434077984221,4.86577615510757,-12.1192594075088,1.58451102751452e-27,2.3941142051075e-25,51.7993018944178
"23031_at",-2.97993888099282,8.02141367832212,-12.1077732576997,1.73779976566943e-27,2.6032834609306e-25,51.7080334960303
"5646_at",-2.14207215538228,6.43149830977329,-12.1022472230323,1.81672845463423e-27,2.69845759528595e-25,51.6641335420807
"7105_at",2.64073340334472,9.98699088794504,12.0882674118951,2.03272530951677e-27,2.96896470832504e-25,51.5531031404383
"123920_at",2.35576337923972,8.65785240805779,12.0840488330182,2.1027995355189e-27,3.04593119496197e-25,51.5196062860539
"5522_at",-3.68708743801319,6.22120471139432,-12.0804029049752,2.1652982396307e-27,3.11075264311535e-25,51.4906594277388
"2558_at",-4.72657993608659,4.78518052088416,-12.07162923772,2.32339095639696e-27,3.31073766607882e-25,51.42101215921
"4905_at",-2.51061593094354,10.5090579157292,-12.0474947712305,2.82015789129792e-27,3.97101520632799e-25,51.2295101516903
"2051_at",-3.38306910265575,5.9901137171783,-12.0320093333896,3.1933016163893e-27,4.441983923052e-25,51.1067005182234
"5136_at",-3.18284278681864,5.07522711776736,-12.02115028869,3.48393991878641e-27,4.80811141390311e-25,51.0206112478058
"55294_at",-2.8734634415582,7.42446128989106,-12.019432690836,3.53226635386603e-27,4.8367212800164e-25,51.0069966023996
"50632_at",-3.92567923197249,5.31984790532031,-11.9829029848725,4.73403396875391e-27,6.43204754808913e-25,50.7175894748477
"79012_at",-3.00770414653751,6.53477310772412,-11.9752241273634,5.03442391488688e-27,6.78756522740172e-25,50.6567896961948
"64168_at",-4.96702709624881,4.81159752571418,-11.971491087822,5.18724615503111e-27,6.94021857704048e-25,50.6272367260976
"9912_at",-3.97109412350817,6.05254604685473,-11.9537396934589,5.97964824463728e-27,7.88009735216223e-25,50.486746927957
"127254_at",-3.51655411151629,4.71791361101322,-11.9250735372945,7.5216686096194e-27,9.83823027767159e-25,50.2600176460564
"5725_at",2.03782108481502,9.6907433244263,11.8468774206444,1.40514131418473e-26,1.78463129084896e-24,49.6424509200931
"152330_at",-2.37748716640974,4.74007107601576,-11.8060186279596,1.94672124596487e-26,2.43715594843044e-24,49.3202990873801
"9796_at",-3.90929109948984,6.52012960644297,-11.7989049306541,2.06033471179204e-26,2.56109833287795e-24,49.2642491619897
"9717_at",-3.81927833794285,5.37699564691095,-11.7969873860684,2.09207479794077e-26,2.58223908334562e-24,49.2491424750668
"23154_at",-2.40528276893007,6.62804091044252,-11.7454899446786,3.15320398100081e-26,3.8647696625875e-24,48.8437489881587
"2149_at",4.03213481367746,9.21946319693039,11.7219511366163,3.80283389703079e-26,4.62862984119852e-24,48.6586498109615
"54715_at",-5.05201406581186,6.06424053362915,-11.5778121635226,1.19421110731084e-25,1.42387333862837e-23,47.5280075511673
"10777_at",-2.93706107322099,5.09053215174342,-11.5620138641556,1.35339305830042e-25,1.60276487383996e-23,47.4043821721377
"2557_at",-2.98121135657811,5.02489925304865,-11.5316402828438,1.72119689521436e-25,1.99784225049152e-23,47.1668702260994
"2744_at",-3.21604973998995,7.63834482036805,-11.5250836925518,1.81282450100763e-25,2.09035362033952e-23,47.1156289486704
"25830_at",-3.88584912575694,6.71410963885241,-11.5159055144009,1.94930572205445e-25,2.21853775262651e-23,47.0439168505512
"1183_at",-2.25924798566362,6.25390068637488,-11.4713612605046,2.77172921427178e-25,3.09427375404723e-23,46.6961695889009
"222865_at",-4.27465236737543,5.60111118072801,-11.469546125184,2.8117436725531e-25,3.11907793347077e-23,46.6820095257523
"139221_at",-3.70722309650626,5.20570844318186,-11.4437996454806,3.44536080790264e-25,3.77417743000685e-23,46.481245940658
"9899_at",-5.54527232811389,6.08818090523086,-11.4322623573909,3.77365141420897e-25,4.08276471215065e-23,46.3913346974592
"6854_at",-3.24762152117823,5.56223441868638,-11.4287484856366,3.87969506918076e-25,4.17174328083013e-23,46.363957305254
"3872_at",-2.0343373613844,5.39661000905248,-11.4246303530088,4.00775776236432e-25,4.28316892079021e-23,46.3318758827081
"9829_at",-2.67561672988317,7.80185478217032,-11.3933366372629,5.12882270497163e-25,5.35076640178796e-23,46.0882271700827
"80863_at",-2.75207535567985,6.58318063400523,-11.3713741814879,6.09720608004448e-25,6.24945795116605e-23,45.9173770328445
"147381_at",-4.46497558355596,5.53866437226604,-11.3362416655325,8.03855761942086e-25,8.19138368579008e-23,45.6443278983193
"2039_at",-2.89767617337146,7.00652219405449,-11.3351904174413,8.1052825620758e-25,8.21163511361286e-23,45.63616245154
"10740_at",-4.32021885870445,5.28077101940386,-11.3276921766801,8.59748217969458e-25,8.66023391744292e-23,45.5779289133264
"134548_at",-4.26382610378846,5.84694242344237,-11.2593185629541,1.47079293270198e-24,1.44823526581279e-22,45.0475850395025
"79698_at",-2.54712697024522,6.39129156858739,-11.2544837251311,1.52763855331693e-24,1.4958056382115e-22,45.010129078765
"9645_at",-3.48975537624791,7.34281363980881,-11.2346293577705,1.78494116054047e-24,1.73803687337737e-22,44.8563792079153
"26289_at",-4.8974440956956,6.02997558796836,-11.180625645191,2.72446012990253e-24,2.60626277666234e-22,44.4387039279327
"57586_at",-3.99690812295682,5.7173016547924,-11.1800817587304,2.7360777709013e-24,2.60626277666234e-22,44.4345013191601
"63908_at",-4.11754700829911,8.83632648101918,-11.1365809665124,3.84435436703169e-24,3.58404249951939e-22,44.0986258399327
"57460_at",-2.5611352861744,5.92842519805014,-11.0817247252543,5.89878964188904e-24,5.44147821333627e-22,43.6757975169618
"51761_at",-2.04200268607719,4.83525171171856,-11.0300143313257,8.82508589358903e-24,8.09828693491806e-22,43.2779661399393
"84867_at",-2.91950700965494,5.77677220869318,-10.9772438469447,1.33026106708979e-23,1.20805625507164e-21,42.8727384066112
"6543_at",-3.10545452893171,5.75942547049991,-10.9551784604058,1.57891382768539e-23,1.40475241917979e-21,42.7035268098398
"19_at",3.66672187854791,10.2138837032112,10.9294773789031,1.92738590217835e-23,1.689064635374e-21,42.5066066586871
"956_at",-3.16563296740633,5.26252827330758,-10.9115717353852,2.21442981706696e-23,1.91193652235136e-21,42.3695248641736
"170954_at",2.53936271198479,9.09369255715247,10.8911157827405,2.59474788989641e-23,2.21844615932753e-21,42.2130297577077
"79762_at",-4.13267399576141,6.52297277806989,-10.8861942695779,2.6955550746861e-23,2.29344630068075e-21,42.1753962603396
"158038_at",-2.90399173752124,6.41976747831057,-10.8691638779731,3.07542743932003e-23,2.59149118889241e-21,42.0452228041343
"339983_at",-2.54639998991517,7.78002257576686,-10.8588432652027,3.33109307964046e-23,2.79349609602193e-21,41.9663766236226
"148641_at",-3.12459596873806,5.11084833015025,-10.8127427348457,4.75710059818444e-23,3.95154986655823e-21,41.6145580666315
"2554_at",-6.05762047984982,5.37934466301567,-10.7930143830931,5.539725765027e-23,4.55844006965391e-21,41.464188408388
"118442_at",-2.01850114227829,6.11169776058826,-10.7650999080753,6.87065122350363e-23,5.6010187904348e-21,41.2516183083028
"56341_at",-2.28758728207161,5.52287498026844,-10.7493579965887,7.75689680826161e-23,6.29421899807413e-21,41.1318437717296
"115584_at",-2.54872056841836,5.87512446593409,-10.7369845518224,8.53260279891695e-23,6.8601343695696e-21,41.0377499882709
"258010_at",-3.32274550859202,5.75119272862536,-10.7273088491502,9.19256406753981e-23,7.32354865508047e-21,40.96420272436
"151126_at",-3.64907862052086,4.94161274863114,-10.7244867393484,9.39445187767069e-23,7.45052298913729e-21,40.9427564395111
"10888_at",-2.55951775148742,4.63201100435862,-10.6965606405528,1.16460450671235e-22,9.15337362742033e-21,40.7306630772266
"5530_at",-2.05645376640737,10.3426094954853,-10.6468575696107,1.70608346383773e-22,1.31729184452352e-20,40.3537551662125
"6750_at",-4.63664928304371,5.80751296489722,-10.6371453192271,1.8380850740345e-22,1.40681734028833e-20,40.2801922602964
"84530_at",-2.90251053203075,5.14441347980111,-10.6238274477803,2.03575984669883e-22,1.54462176766625e-20,40.179365998937
"407738_at",-4.5668236217688,5.1175062712062,-10.5957097629914,2.52527649646822e-22,1.90778108420683e-20,39.9666713365645
"256536_at",-2.01215588829537,4.58767836211524,-10.5732615779443,2.99880156812418e-22,2.25579378045118e-20,39.797036868152
"7504_at",-3.57035536724748,5.03383918975113,-10.5645886067321,3.20455033232095e-22,2.39004909253571e-20,39.7315391887189
"5999_at",-5.19965129536216,6.779149639538,-10.5613290323037,3.28545679149379e-22,2.44000852476744e-20,39.7069290991702
"11033_at",-2.27863191612378,7.51575331270233,-10.5541259577899,3.47152418758634e-22,2.56731664286185e-20,39.6525568440531
"128434_at",-2.57793617652587,6.84731068906641,-10.5422486643826,3.80149756811338e-22,2.79953142337493e-20,39.5629363684613
"4741_at",-6.49580893161659,6.21925082782595,-10.5185100898992,4.55737334844752e-22,3.34213735055396e-20,39.3839473304489
"144423_at",-2.77673181273176,6.13969605265021,-10.5134849180979,4.73562747884049e-22,3.45838928423489e-20,39.3460799779343
"654790_at",-2.25435560109191,5.4213049739032,-10.5049180726157,5.05564421854936e-22,3.64651342463023e-20,39.2815423869843
"5297_at",-2.34891085895188,8.38922468089138,-10.4952225348078,5.4438388175051e-22,3.91041651452508e-20,39.2085295598804
"256714_at",-3.74783501134441,5.55499821340121,-10.4816218456218,6.03884076558892e-22,4.30255130481614e-20,39.1061583926557
"1123_at",-3.23751577970739,10.9766823737439,-10.4459668721947,7.92377751299917e-22,5.55520193881346e-20,38.8380629803801
"84440_at",-2.70606921919364,5.97597525765733,-10.4088437785579,1.05095974032414e-21,7.25203597191385e-20,38.5593565398225
"57468_at",-5.6444533840695,5.98049138889724,-10.3802168569153,1.30629253582882e-21,8.94351143573112e-20,38.3447367064674
"10814_at",-2.17146498637798,5.36809061403935,-10.3676878339017,1.43662867810345e-21,9.79758398487125e-20,38.2508877706312
"23072_at",-2.07342643883646,5.34959636185589,-10.3435596110806,1.72514832952553e-21,1.17196413843388e-19,38.0702975149373
"54511_at",-2.12087465578529,4.78050050014792,-10.3173460650581,2.10419683583999e-21,1.42394818307983e-19,37.8743134395503
"401190_at",-3.37951889049676,5.09412316638607,-10.3113660212539,2.20166522837374e-21,1.47848990259412e-19,37.8296353380923
"51474_at",2.33092351777409,9.25846760808327,10.305544718807,2.30085582398797e-21,1.53920229110829e-19,37.7861544453725
"6855_at",-2.50871887772849,6.04117344048482,-10.2770311904788,2.85471048339393e-21,1.88809474122435e-19,37.5733395223223
"79641_at",-2.25883650334364,7.35096754630864,-10.2725146146913,2.95385700172754e-21,1.94632525072476e-19,37.5396539036309
"398_at",-2.3821608540072,6.45865806360479,-10.271977039373,2.96588340301817e-21,1.94693027732957e-19,37.5356449958266
"54704_at",-2.48998834616892,8.07296103661973,-10.266633016013,3.08811721092605e-21,2.01960561029481e-19,37.4957977205756
"2563_at",-2.83780550671025,5.43592435276398,-10.2562340204283,3.34051133552738e-21,2.17654803634901e-19,37.4182854755784
"55753_at",-2.90562405961239,6.28797557422264,-10.2413602857366,3.7375519374387e-21,2.41640608380388e-19,37.3074815102962
"8941_at",-2.34066695316845,5.69715336418488,-10.2397602305596,3.78296487582065e-21,2.42871887833365e-19,37.2955660446728
"135112_at",-2.46545514730564,9.61368915169857,-10.2097570166063,4.7437005331634e-21,3.03441019141441e-19,37.0722925447456
"56924_at",-2.43687327584703,5.89286388742727,-10.201365083775,5.05341239362367e-21,3.20909996460297e-19,37.0098964459462
"285800_at",-3.02740020625667,6.69889836227037,-10.1953620498017,5.28721519213336e-21,3.34545200983832e-19,36.9652768648708
"9764_at",-2.8563367020528,7.79162916941655,-10.1916076970935,5.43887162679278e-21,3.429032482115e-19,36.9373775076182
"51701_at",-2.0201455288788,7.24282170612527,-10.1810609820474,5.88843734354021e-21,3.69916277133439e-19,36.8590280431566
"10797_at",3.17234397080733,10.2739506910795,10.1794015788905,5.96245897225357e-21,3.73228637166744e-19,36.8467040683818
"203190_at",-2.47564967314519,6.37139596796365,-10.1720969064534,6.29945541134202e-21,3.92920124535913e-19,36.792465101379
"64409_at",-3.19435653032927,6.98326791819628,-10.1710291540498,6.35027665376056e-21,3.94685457129295e-19,36.7845382860093
"25791_at",-2.6176915358353,5.86077921663893,-10.1687685173314,6.45922394234689e-21,4.00038226280968e-19,36.7677569650629
"9362_at",-2.41093970479228,6.52490615214465,-10.1652473909304,6.6326307043038e-21,4.09331402656101e-19,36.7416221195626
"23108_at",-2.47962676184047,6.7394652333586,-10.1526717280327,7.29059388866868e-21,4.4835873363753e-19,36.6483159978956
"8900_at",-2.06130943640614,4.59668628836454,-10.1201575883427,9.30809819871732e-21,5.66468878919856e-19,36.4073232216794
"9745_at",-3.63113267860159,6.00153419412971,-10.0950670625236,1.12364653633211e-20,6.76775011762644e-19,36.2216000067951
"5746_at",-2.54149328634875,4.58914993368352,-10.067262008721,1.38400433368937e-20,8.25083127774614e-19,36.0160356165593
"257194_at",-3.56354371943361,5.21171075659709,-10.0591984348126,1.4701572985201e-20,8.73472778683448e-19,35.9564709397495
"57030_at",-4.52911329495991,6.78146628876255,-9.99400410932818,2.39360043711324e-20,1.38457540796316e-18,35.4757164402485
"23504_at",-3.64293677311474,5.45317403299368,-9.98376942861772,2.58360733974228e-20,1.48468478175944e-18,35.4003787988419
"3208_at",-2.45846641444976,6.39279282665843,-9.94371014699324,3.4827646376037e-20,1.98189661698961e-18,35.1058563059141
"7068_at",-2.83738635415312,7.21675665571388,-9.91116413144383,4.43729330547144e-20,2.51690743576045e-18,34.8669908422536
"3708_at",-3.0874823990742,7.42513994751152,-9.89290753566139,5.08224938794937e-20,2.84589728506673e-18,34.7331651648003
"150726_at",-2.40704131768845,6.65191107474247,-9.87005336402586,6.02232853325165e-20,3.36157172618795e-18,34.5658063018961
"6324_at",-2.85001308047534,7.47333570433647,-9.86073910493317,6.45329483468024e-20,3.59069519261716e-18,34.4976527453362
"23329_at",-2.28486295457526,5.72860971435423,-9.86007153239854,6.48533451050644e-20,3.59710310017868e-18,34.4927692370635
"170261_at",-2.11638733813876,5.73109178980704,-9.84264038362095,7.38023362516604e-20,4.08054746840017e-18,34.3653117088958
"8927_at",-3.38747995733278,6.27815036525141,-9.82494792381893,8.41397982808117e-20,4.60849451396183e-18,34.236055909771
"7041_at",3.53851121104339,8.57897881186786,9.81411050877906,9.1169698178224e-20,4.94715572746047e-18,34.1569371407069
"54438_at",-2.5968882138466,8.10637797306633,-9.79419848698009,1.05641011116338e-19,5.71472222788905e-18,34.0116805557396
"120196_at",-3.48200675513569,7.54682443969295,-9.78285123497553,1.14885794069913e-19,6.1766972781085e-18,33.9289680780434
"132204_at",-6.00140011866044,6.15242045884804,-9.75292325138433,1.43305402328308e-19,7.65766398356173e-18,33.7110434468302
"127262_at",-2.2351760631954,8.3162392620698,-9.73070352315281,1.68827419410218e-19,8.91276560241832e-18,33.5494610669512
"5801_at",-2.93103430608407,4.71636378512076,-9.68370114280659,2.38647445562843e-19,1.23750703502365e-17,33.2082624747004
"54899_at",-2.07396797391995,7.17823264165306,-9.67633030332092,2.51939872122179e-19,1.29875004078983e-17,33.1548310202641
"8988_at",-2.24263282317943,5.5347897155919,-9.67346785873185,2.57297936615277e-19,1.32248121262638e-17,33.1340865533641
"4900_at",-5.13306719534968,7.3148565169225,-9.6727201053872,2.58716163953639e-19,1.32588251626182e-17,33.1286680044543
"1040_at",-3.2382817934381,6.01849324544088,-9.66915861172668,2.65578355891915e-19,1.35708217018006e-17,33.1028627366492
"26047_at",-2.09969778845191,5.22767200552473,-9.65884886302519,2.86478709053357e-19,1.45539487929803e-17,33.0281889527477
"86_at",2.02428013719123,8.61817625771995,9.65650948871401,2.91444062419928e-19,1.4763410641717e-17,33.011250363914
"6102_at",2.18557922506026,7.4079517492124,9.65116514467648,3.03110488081326e-19,1.53101369585055e-17,32.9725615707422
"152789_at",-3.70573934950859,6.02080186384508,-9.64269585994682,3.2255539096408e-19,1.6198935064262e-17,32.91127273627
"25928_at",-2.3311583606386,4.87448089851693,-9.64138963616388,3.2566270304961e-19,1.63082577038586e-17,32.9018225239443
"9671_at",-2.31819821624404,6.04152550597388,-9.62183459506107,3.75896969532524e-19,1.87702170512722e-17,32.7604236302058
"81849_at",-3.96383039310194,5.04377302040445,-9.60079605241568,4.38557956859096e-19,2.17135743216649e-17,32.6084596569281
"56853_at",-2.93146773349395,5.91772187139321,-9.6001762016063,4.40553516264287e-19,2.17509337452511e-17,32.6039849498739
"121256_at",-2.90279847551698,5.1410994082621,-9.59765095386577,4.48776970065001e-19,2.20947021189025e-17,32.5857566817553
"4744_at",-4.88355323489013,6.29367842412086,-9.58636088670043,4.87447086813244e-19,2.38644834932283e-17,32.5042900931082
"3763_at",-2.79503275049256,5.90786391660583,-9.55931703491877,5.94058729301459e-19,2.88422918240074e-17,32.3093458255384
"885_at",-5.73057899770404,6.57661648122776,-9.55739286853504,6.02471824891931e-19,2.91699549029858e-17,32.2954862472991
"4904_at",2.05387469238274,10.7308078542179,9.50798902535137,8.64048099370497e-19,4.12647712198003e-17,31.9401237693696
"114900_at",-2.50676835706342,5.4893423114903,-9.50529107501444,8.81207846501755e-19,4.19699182761855e-17,31.9207445548412
"376267_at",-2.05220072433422,7.61460921785829,-9.50443705485428,8.86709842807143e-19,4.21175160294872e-17,31.9146107681254
"23025_at",-2.36601582829187,6.34860812917586,-9.49166241703801,9.7319943232958e-19,4.61007201363258e-17,31.8228939374221
"22891_at",-3.88856077053151,8.13123217092712,-9.44808612078307,1.33622008945141e-18,6.24531453541729e-17,31.5105122425632
"282973_at",-2.60686134995027,5.95733792601268,-9.43686467503537,1.44970638586805e-18,6.75771378327374e-17,31.4301904673996
"147463_at",-2.61215797944114,5.46708336903035,-9.43500193659628,1.4694495647224e-18,6.83157626548791e-17,31.4168619993139
"90529_at",-2.00168406188173,5.54319578871881,-9.42596747820315,1.56905785092905e-18,7.25616806153915e-17,31.3522370496552
"4336_at",-5.57440612658162,6.0485360386918,-9.41892761693912,1.6512965276947e-18,7.6163879581329e-17,31.3019020878978
"4745_at",-3.56881825680963,6.37104096786283,-9.38288789316362,2.144240136511e-18,9.78700439391361e-17,31.0445254670632
"50859_at",-4.06217864996278,5.07802593770343,-9.34555526169546,2.8090516748205e-18,1.27220280890385e-16,30.7784604245082
"11076_at",-2.86006299020671,6.64463262069612,-9.33981153130289,2.92808376791083e-18,1.32269392268488e-16,30.7375750413013
"491_at",-2.67282173383622,6.22537632895845,-9.31940232860627,3.39298351827913e-18,1.5248415929456e-16,30.592404146349
"29091_at",-2.12087949760376,5.54469060904308,-9.31655395228839,3.46344173982144e-18,1.54856488198598e-16,30.5721569400518
"9213_at",2.09008082882648,8.84164024549554,9.2846650860504,4.35857817523575e-18,1.93890354511058e-16,30.3457039364391
"11177_at",2.09202717262771,7.82305746722006,9.27453565747584,4.68836208632477e-18,2.07507379512662e-16,30.2738578275477
"9771_at",-3.74900915393889,6.44315352563596,-9.26384078249982,5.06344886677346e-18,2.21867670719846e-16,30.1980463726862
"1978_at",2.5997936563592,8.55764671893051,9.24324190445429,5.87177413054701e-18,2.5537117912183e-16,30.0521609689291
"57692_at",-2.72632576723676,7.50661141642263,-9.18674455930553,8.80664414033388e-18,3.79248284637916e-16,29.6529280310417
"65078_at",-2.07136842803651,5.48612473744317,-9.16037837560349,1.0635882293464e-17,4.49193033632634e-16,29.4670647487966
"3105_at",2.00775827962894,13.3157643086491,9.13879842336484,1.24098482199571e-17,5.22854350363431e-16,29.3151559952625
"7754_at",-2.90075125285189,6.25047483033408,-9.12524583627558,1.36708956609118e-17,5.73229158489956e-16,29.2198539392432
"785_at",-2.3858742813648,5.63507836248746,-9.11438281370564,1.47727976505896e-17,6.17954234897097e-16,29.1435204288872
"9615_at",-5.57654165510489,5.87105256310845,-9.0907813998937,1.74796889856644e-17,7.27711422450688e-16,28.9778460169133
"349236_at",-3.48477396345132,6.78301745074361,-9.08454505961244,1.82736380263866e-17,7.5896221253194e-16,28.9341080362517
"2913_at",-4.29632985431649,6.91085724525492,-9.0799112559917,1.8886634545259e-17,7.80721801119703e-16,28.9016199134755
"8525_at",-2.46382320743113,9.97826089430548,-9.06711646907706,2.06871711138512e-17,8.47158990916984e-16,28.8119612945696
"23710_at",-2.03615837148808,8.24861867839141,-9.04110913504815,2.488825895708e-17,1.00976045078875e-15,28.6299302924181
"6622_at",-3.42412128503593,7.78604632708216,-9.02081924062486,2.87442748067543e-17,1.15550666178436e-15,28.4881165363917
"85352_at",-3.13314549419083,6.15787691920626,-9.01602868351032,2.97379125380645e-17,1.18728107757325e-15,28.4546591363746
"1428_at",-5.13923191343227,7.19601096719697,-9.01082498634256,3.08558640863534e-17,1.22911529509436e-15,28.4183274634736
"57596_at",-2.15289680360495,6.24390746247372,-9.00621570338753,3.18808619635301e-17,1.26419879555383e-15,28.3861556003013
"25953_at",-2.23884342055968,7.34616613689007,-9.00315102105862,3.25809925668672e-17,1.28904527476181e-15,28.3647697701181
"26051_at",-3.83363689772899,7.72161909501514,-8.99314900496265,3.4973766597114e-17,1.37133155961436e-15,28.2950021449693
"5532_at",-2.25892089139829,10.2294270254017,-8.9922748983239,3.51909776358499e-17,1.37676844871326e-15,28.2889069783342
"128218_at",-2.46232268313401,5.44251130811361,-8.9867415394627,3.6597363602357e-17,1.4286013181704e-15,28.2503303441687
"154215_at",-4.27497062633738,5.36364182259245,-8.9806445681101,3.82116020275952e-17,1.4849994428773e-15,28.2078396345374
"284424_at",-2.66516436552702,5.20223582453536,-8.93532893298556,5.26389079618359e-17,2.01441515250458e-15,27.8925304507696
"2036_at",-2.36446124544585,6.17055736390342,-8.92997068319782,5.46677056400434e-17,2.08749646351425e-15,27.8553061426889
"1759_at",-4.33133316752519,8.13300282656882,-8.90550398945547,6.49618101387262e-17,2.45384837564969e-15,27.6854921555682
"7277_at",-2.5299171648873,8.65813143058048,-8.9050577084167,6.5166408722953e-17,2.45628310900472e-15,27.6823971106695
"55799_at",-3.6460765132665,6.02856670102622,-8.9036065090281,6.58361408560432e-17,2.47620180425723e-15,27.6723333643264
"22999_at",-2.39974410759454,5.41384101458286,-8.89933718805941,6.7846265918549e-17,2.54090064691113e-15,27.6427318990757
"51440_at",-4.50988246587383,6.24060386270493,-8.86121701797857,8.87157414337019e-17,3.28735898543022e-15,27.378778177654
"140679_at",-2.23932396371549,5.05468993681038,-8.81291416370495,1.24508132027959e-16,4.52749798766397e-15,27.0452356870822
"5274_at",-4.83375787693352,8.33126089455581,-8.80701281991468,1.29763110485659e-16,4.68939801542711e-15,27.0045563323762
"221002_at",-2.72583982577842,6.59728634140019,-8.80670475187438,1.30043393929564e-16,4.68985713045982e-15,27.002433171549
"163255_at",-2.30781858650047,6.12200767242759,-8.80593242765407,1.30748702893565e-16,4.70561091502159e-15,26.9971106089912
"6620_at",-2.82736195786965,6.90319190177501,-8.80285686766132,1.33595202996235e-16,4.79820312072749e-15,26.9759176582295
"2785_at",-4.35623651492194,6.97416402673254,-8.79078468097711,1.45374365374075e-16,5.19995204471718e-15,26.8927717780275
"5860_at",-2.22824111427629,11.2434815617993,-8.76982899119794,1.68315164566647e-16,5.97178115254985e-15,26.7485960433322
"286097_at",-2.88019535681749,7.45975514789303,-8.70884610086783,2.57532310620269e-16,8.99157133115827e-15,26.3301525721688
"23732_at",-2.40813881262635,5.268506833989,-8.70022698567036,2.734515054669e-16,9.5094931276158e-15,26.2711464638106
"6853_at",-3.01125224746548,6.93455502683328,-8.69418068834862,2.85196924086811e-16,9.87874800092793e-15,26.2297738480297
"10549_at",2.09726176440611,11.107979942293,8.69155497152462,2.90451985503309e-16,1.00409308676854e-14,26.2118121854808
"56884_at",-3.83377778102717,5.01448686492562,-8.6902271805186,2.9314581285519e-16,1.01141076021908e-14,26.2027303964108
"145581_at",-3.64320106521046,5.68406581265374,-8.68092796941554,3.1271858671602e-16,1.07682095665455e-14,26.1391483454369
"6812_at",-3.32629510480547,10.4570800821741,-8.67917056542259,3.16560413910392e-16,1.08791262247205e-14,26.1271367582153
"2555_at",-4.76370550105387,5.7625464099274,-8.6470329126508,3.95663057941257e-16,1.33618235386058e-14,25.9077290327563
"338811_at",-3.99275626969054,6.26074863068807,-8.64599225957456,3.98528034359392e-16,1.34326939581097e-14,25.9006322496973
"57552_at",-2.80966032247995,5.81217320456592,-8.64548188619051,3.99940622790404e-16,1.34544324292657e-14,25.8971519153005
"1875_at",2.04988671158618,7.81574962149484,8.64206859788469,4.09516124544428e-16,1.37501707181805e-14,25.8738791102572
"1124_at",-2.42446198617005,6.42215111518289,-8.63919879669355,4.1774244802373e-16,1.39995638365429e-14,25.854316089085
"4125_at",2.02154613574862,8.13162108785253,8.63860413077659,4.19467432321262e-16,1.40305452028526e-14,25.8502628091462
"7447_at",-6.21842548890705,7.60091764143188,-8.63256244062441,4.37397947353496e-16,1.45746650632409e-14,25.8090914623266
"2146_at",3.53782117612741,7.9889036130019,8.62611760959155,4.57362318031182e-16,1.51821767957055e-14,25.7651913543092
"25849_at",-2.66757651557664,6.49217565891275,-8.61450481201974,4.95640593924422e-16,1.63291215972055e-14,25.6861368976193
"6857_at",-5.96992248110567,6.18398575717371,-8.6137362436263,4.98283092508881e-16,1.63853804172667e-14,25.6809070343739
"285368_at",-2.03959983155331,7.20945724331042,-8.61238119732118,5.02976061376799e-16,1.64778718275722e-14,25.6716870379618
"770_at",-3.37462470634097,7.17451659697453,-8.6090273043309,5.14780828523618e-16,1.68331410103236e-14,25.6488701394179
"4609_at",3.23116229831386,9.0534309455493,8.56717494356188,6.8732281147838e-16,2.22263965254272e-14,25.3645808116802
"56675_at",-2.95140480737203,6.87619767149628,-8.5509051211641,7.68900060274696e-16,2.47729988169754e-14,25.2542843964912
"6000_at",-3.58465718238005,5.73274065473936,-8.54190199902185,8.18090333408101e-16,2.62817279739214e-14,25.1933033518795
"3251_at",-2.09057349825057,9.26809114048977,-8.52399869436012,9.25354946142964e-16,2.95422516230377e-14,25.0721508748829
"10858_at",-2.97030890974428,7.87136547185944,-8.50222086213167,1.07475453391661e-15,3.40022070685133e-14,24.9249814627015
"140689_at",-2.05175370300876,5.07394158734095,-8.4964703643582,1.11803963221576e-15,3.53078930339562e-14,24.8861581001573
"9369_at",-3.16653017269114,6.62234465423458,-8.46765382604596,1.36234850737513e-15,4.23366707247587e-14,24.6918433159233
"55314_at",-3.5816693508445,5.62658903113748,-8.46431005463488,1.39391722757467e-15,4.31574668750006e-14,24.6693210676245
"79929_at",-2.16098663414329,7.68828010437835,-8.44357298030366,1.60651987121513e-15,4.93125635425353e-14,24.5297629567565
"5909_at",-2.78066708953227,7.70919946919312,-8.44260636467205,1.61717730043732e-15,4.94664337604973e-14,24.5232627170078
"6659_at",3.85083271739558,10.1129566916146,8.40926034140738,2.03097013971282e-15,6.14798163018075e-14,24.2992913763921
"5396_at",2.62167930236285,9.19269055240192,8.3816775246165,2.45119786715106e-15,7.34395641325754e-14,24.1144301018762
"9079_at",-2.9887192751412,7.69788988322105,-8.33709794560142,3.31935822110218e-15,9.79434201031277e-14,23.8164281254136
"57571_at",-3.92637460271613,6.40349813151883,-8.29754935497568,4.34038786427616e-15,1.26159167656996e-13,23.552860918257
"2281_at",-2.21028061685974,7.53701838140743,-8.28788477945474,4.63385686021112e-15,1.33536167838727e-13,23.4885679871311
"441151_at",-2.60310109578421,6.21100432235495,-8.27364483696669,5.10238414768212e-15,1.4565063022219e-13,23.3939207493817
"112609_at",-3.18091276782889,6.23746709134586,-8.22405242353327,7.13057316980581e-15,1.99644658062598e-13,23.0650749360192
"63901_at",2.17195724394924,8.47083017455453,8.21807737110876,7.42338863514116e-15,2.07511535260158e-13,23.0255361784998
"26585_at",-2.50195519855624,4.67452689734058,-8.17884250959963,9.66457928562434e-15,2.68023862561927e-13,22.7663455600066
"9540_at",2.66567903361447,8.15782241319134,8.16946973509827,1.02921737775477e-14,2.84977772194437e-13,22.7045407675339
"196394_at",-2.13210092142578,7.7003988246672,-8.16669227088786,1.04857767152815e-14,2.88968881271602e-13,22.686234349184
"4118_at",-4.51876332894135,6.95916639203059,-8.16481435516325,1.06187135416777e-14,2.91715034866748e-13,22.6738590801229
"3106_at",2.29649863676189,12.4857813045961,8.15247010660755,1.15350178486116e-14,3.14079361821511e-13,22.5925555089603
"22802_at",-2.38713235388711,4.52720988769994,-8.15174136587538,1.15914923073847e-14,3.14983078560514e-13,22.5877581413088
"114876_at",-2.67985691536419,9.00609285217688,-8.1393983914964,1.25906414603109e-14,3.41076001352193e-13,22.5065434901029
"288_at",-2.97907033539826,7.62435341493558,-8.13833379926873,1.26807074648988e-14,3.42985740335312e-13,22.4995422233794
"23362_at",-2.3855925083831,8.82789519595956,-8.12728845169747,1.3653594770239e-14,3.68163931596891e-13,22.4269362199796
"306_at",-2.13561845703467,4.86243669878672,-8.11395801302751,1.49264889876471e-14,3.99414614483193e-13,22.3393907305523
"55530_at",-3.6061437252584,6.04829826493462,-8.10032613671038,1.63495020972242e-14,4.34837212834671e-13,22.2499579129752
"30061_at",2.55488487744482,10.0273073826975,8.09753074067063,1.66574776567268e-14,4.41687762313842e-13,22.2316300871202
"9762_at",-2.00072835689563,9.67024357017802,-8.0823559989436,1.84321636355869e-14,4.82900645801094e-13,22.1322066424732
"5579_at",-3.99490893220903,7.3776871089958,-8.07509114272655,1.93467474580565e-14,5.06105138354264e-13,22.0846491498192
"9053_at",-2.56769546238179,6.32935513615009,-8.07370823402152,1.95258604172814e-14,5.10029441928005e-13,22.0755993198742
"5932_at",2.06327132954011,8.84969244296812,8.07160311355391,1.98016661194814e-14,5.15696585551487e-13,22.0618251536193
"3107_at",2.05051196759181,12.7545918945421,8.07024753596408,1.99813047403194e-14,5.19602860806497e-13,22.0529565623209
"9891_at",-2.73729026708163,8.25401158265571,-8.06800923135059,2.02814544152514e-14,5.26626743016462e-13,22.038314944023
"112476_at",-2.61349887624643,6.872554102268,-8.06183157096367,2.11331890152189e-14,5.46314754970119e-13,21.9979176347408
"2775_at",-2.4778118814547,7.33021086204138,-8.04384608151384,2.38195082752305e-14,6.11251129633917e-13,21.8804160820978
"580_at",2.08748472673894,8.57631632325949,8.01678789815643,2.85091363185511e-14,7.25224429978585e-13,21.7039513383356
"9143_at",-3.85572773381989,7.37190170401658,-8.01484854788692,2.88783368805819e-14,7.29323646262189e-13,21.6913178581475
"84968_at",-2.54267557035977,7.63394705524102,-8.01376972484553,2.90857580913819e-14,7.33505154054173e-13,21.6842909289753
"1850_at",-2.12230205386275,6.62415220720292,-8.00482333551568,3.08635741371405e-14,7.76105974033948e-13,21.6260414139141
"22941_at",-2.47396051413994,5.53621703854886,-8.00094530975537,3.1667198218537e-14,7.95173328332805e-13,21.6008044911622
"84688_at",-2.56957339991869,5.79008886151871,-7.99884398815187,3.21112503508003e-14,8.02951768231042e-13,21.5871329935262
"11122_at",-2.75643585616717,5.8850992487724,-7.99882915936854,3.21144057471307e-14,8.02951768231042e-13,21.587036523384
"2983_at",-2.66135509524675,7.25697026584558,-7.98816652161139,3.44645022025052e-14,8.56821744827387e-13,21.5176988299244
"6900_at",-3.08234611551175,6.98158432365803,-7.97829795665357,3.6790685120841e-14,9.06934371466921e-13,21.4535768553874
"5216_at",2.0641357908475,10.1619102095736,7.96792041368399,3.94043212069862e-14,9.67282265819113e-13,21.3862017306179
"9263_at",2.51040852180786,8.9305995330263,7.95851479195714,4.19312700297007e-14,1.02643766733319e-12,21.3251845923351
"51062_at",-2.54337123180364,9.02260910673749,-7.9541103902888,4.31690032914495e-14,1.05526237195151e-12,21.296627569713
"783_at",-2.14197496482548,6.72525056272594,-7.94340391915175,4.63303723086127e-14,1.12511308123076e-12,21.2272512774365
"7079_at",4.32865888305524,9.91748872517736,7.93378244620977,4.93659640726409e-14,1.19014752723683e-12,21.1649561478892
"816_at",-3.47439914081342,7.38526827940492,-7.89168712530793,6.51291475715349e-14,1.540510889995e-12,20.8929705410746
"1795_at",-2.77808597389343,7.18433969172109,-7.883021398691,6.89448218397192e-14,1.62200790924129e-12,20.837094126862
"113802_at",-2.20028006125173,6.82527662593185,-7.85963423684941,8.03804084657996e-14,1.88094448488661e-12,20.6864900363476
"3134_at",2.01952632602409,10.8142820209583,7.82632996134113,9.99656535084619e-14,2.31452841353079e-12,20.4725186007928
"490_at",-2.3472466647791,8.58191875040217,-7.82513719817803,1.00748327276569e-13,2.32957246988973e-12,20.4648662236689
"55466_at",-2.63691424445749,7.01630641205408,-7.7666659031817,1.47531778177246e-13,3.36691338035494e-12,20.0906556335487
"6938_at",2.21075135139605,11.5595187650323,7.76032029193286,1.53750428408434e-13,3.48613681593094e-12,20.050153436516
"3775_at",-3.48620687159384,6.6965324271117,-7.75803910096951,1.56048667468131e-13,3.53367570376477e-12,20.0355984946802
"6326_at",-3.7433219739094,7.08620174288602,-7.75199848802125,1.62299598226426e-13,3.66103611082955e-12,19.9970702781222
"26232_at",-2.21825682133623,7.3279460813383,-7.74862348850629,1.65899135854789e-13,3.72783865913703e-12,19.9755523393304
"221662_at",-2.61969214608864,5.35625000447415,-7.72402771137817,1.94622622928247e-13,4.34306478921402e-12,19.8189211101835
"55076_at",3.41337747162846,8.81086252046772,7.71986393992334,1.99949235534218e-13,4.45299904854921e-12,19.7924373492023
"6678_at",2.0375770946405,12.1437023367263,7.71600801618707,2.05010296948625e-13,4.55991811499817e-12,19.7679199478741
"4099_at",-3.36267200266173,6.05187436655409,-7.71265275935357,2.09517007286134e-13,4.65425169417501e-12,19.746592461707
"259217_at",-3.38407457948934,7.70018860753853,-7.69187532909687,2.39685529840662e-13,5.26437128009685e-12,19.6146566499739
"23596_at",-2.1758899072188,7.28920704632741,-7.68373830730364,2.52635813005738e-13,5.53493486818946e-12,19.5630501978843
"3131_at",-3.32190640861755,6.64181129161948,-7.68319088482402,2.53531442387266e-13,5.54070522533867e-12,19.5595796272714
"119391_at",-2.16171820657749,5.68245714294889,-7.66409718436311,2.86810715935519e-13,6.21053374277472e-12,19.4386298303374
"10966_at",-2.4007873033992,8.9355490986992,-7.64373726561667,3.27053719714906e-13,7.00766570347575e-12,19.3098763440168
"23492_at",-2.18071827960558,8.40985145201754,-7.63324707181846,3.49915122395259e-13,7.47922237831914e-12,19.2436254644904
"139065_at",-3.89477942729409,5.37488052647212,-7.63284752845937,3.50816354745328e-13,7.48935231378972e-12,19.2411033277398
"55356_at",-2.8327464349219,5.99354525958074,-7.61264951763278,3.99489519862624e-13,8.45634397902441e-12,19.1137155816547
"5590_at",-3.28941024028765,7.96111883491852,-7.57033495968869,5.2409574935382e-13,1.10009894597897e-11,18.8475619492651
"6457_at",-4.2513453215799,7.45229136269435,-7.55692256316498,5.71079090616592e-13,1.19300395962301e-11,18.7634043550572
"818_at",-2.31806983528626,8.53870045605982,-7.54720310181573,6.07700502873641e-13,1.26498417029291e-11,18.7024803192941
"57026_at",-2.07450868404402,8.45211599592553,-7.53044586811323,6.7635831772923e-13,1.40456543066827e-11,18.5975640011682
"56899_at",-3.08783320322015,7.30780188879793,-7.52987369889917,6.78833031254666e-13,1.40803627678113e-11,18.593984410301
"26271_at",2.34347664164595,7.22838765705161,7.52182775481857,7.14593919914082e-13,1.4787116451398e-11,18.5436667326258
"130399_at",-3.02495239986127,6.04944696210138,-7.52149865036579,7.16095567172718e-13,1.48007158087691e-11,18.5416093430313
"10382_at",-3.55122216567762,7.2314432316905,-7.51676121590745,7.38059848188001e-13,1.52367196221332e-11,18.512000010049
"221692_at",-2.72739260930076,6.77648988427725,-7.5140767607533,7.50799540970109e-13,1.54632944237169e-11,18.4952274703673
"1113_at",-2.77696010338662,7.05519167506705,-7.51014273808432,7.69862259735154e-13,1.58187289875475e-11,18.4706548124599
"4884_at",-3.70060045322728,7.8771728227087,-7.49886354464697,8.27204211184302e-13,1.69572025841254e-11,18.4002503690929
"1809_at",2.13088713969977,10.1150088696611,7.4970168234982,8.36985938276401e-13,1.71376782011338e-11,18.3887299057446
"10804_at",-4.56762650556383,5.23626171254888,-7.47517248043503,9.61718478255541e-13,1.95319116667264e-11,18.2526014111272
"54769_at",-4.31956029637284,8.17577322991583,-7.4709383852734,9.87935757918477e-13,1.99948614654009e-11,18.2262463155855
"55332_at",2.22656466366024,7.63088740396645,7.46726415463135,1.01125691893705e-12,2.04197004818084e-11,18.2033841916576
"4062_at",-3.36420828629467,6.07606626052217,-7.46162026252765,1.04814179714508e-12,2.11401395610607e-11,18.1682809338371
"23261_at",-2.49643735820958,8.4099276155604,-7.44209582477851,1.18627413331218e-12,2.37349620257563e-11,18.046982252384
"26059_at",-3.11049383856031,7.50288423819095,-7.44182933736621,1.18827858695469e-12,2.3747957575319e-11,18.0453281320063
"90249_at",-3.08478762140853,5.99674700255566,-7.37459739356239,1.81702255072994e-12,3.55038508881201e-11,17.6292861117674
"1917_at",-2.98715403029236,7.98215226911332,-7.36375858624594,1.94533429036479e-12,3.78843045635818e-11,17.5624525357661
"134111_at",-3.57710561931131,7.64218088720098,-7.36071717826375,1.98291716314342e-12,3.85305866057812e-11,17.543710753656
"478_at",-3.34744824424026,5.89305231813139,-7.33571052702778,2.3203231946913e-12,4.48877534584486e-11,17.3898136843325
"10486_at",-3.10215917803473,8.64632658199354,-7.33197433419068,2.3753726960278e-12,4.59020476772648e-11,17.3668507642783
"333_at",-2.34847295889063,9.54095777716087,-7.30072327513667,2.88919680845504e-12,5.52826991940956e-11,17.1750911894997
"547_at",-2.15104592188755,8.26868917684212,-7.27521706335211,3.38854845703011e-12,6.44154976207883e-11,17.0189966110869
"85358_at",-2.44896333081405,7.51247818322077,-7.27309855070235,3.43366012548206e-12,6.52023412993761e-11,17.006048387279
"83879_at",3.14410775567899,7.82854445314137,7.27009258623104,3.49868669978454e-12,6.62478971817077e-11,16.9876805361362
"11141_at",-2.03578552860056,5.85022918883978,-7.27002969551208,3.50006006676906e-12,6.62478971817077e-11,16.9872962998453
"23017_at",-2.18907130187767,8.04573290798463,-7.22782971212266,4.5522584203243e-12,8.47900460499723e-11,16.7299855521459
"54847_at",-2.13395879663156,5.13046464941923,-7.20547191384909,5.2303260952768e-12,9.69502933760092e-11,16.5940778958022
"4155_at",-2.6000957374828,7.81434828809991,-7.20518664203331,5.23959103443345e-12,9.6973930370132e-11,16.5923456699307
"11014_at",2.20122268079111,9.59402392234012,7.20041969357815,5.39682443318167e-12,9.95685703582896e-11,16.5634068245177
"8507_at",-3.16977853036184,8.29004566119325,-7.1988778177724,5.44866996482212e-12,1.00419388510449e-10,16.5540493413363
"117178_at",-2.19925639593465,7.13371155606703,-7.19771117047386,5.48822429025436e-12,1.0104212934379e-10,16.5469699987178
"9956_at",-2.86281203665015,6.26093781186905,-7.19089194817719,5.72514913416156e-12,1.05183112027725e-10,16.5056060440656
"64208_at",-3.03763285036564,5.70581138982072,-7.17425474160253,6.34629640519652e-12,1.15265841548062e-10,16.4048018419803
"221336_at",-2.22977965199846,7.44265559886593,-7.17397985860499,6.3570975518863e-12,1.15342493573407e-10,16.4031376907356
"57084_at",-3.34752026821012,5.2168351735951,-7.17141379480968,6.45880512334281e-12,1.17066677763009e-10,16.3876047770329
"2882_at",2.20428472508482,7.41649335630999,7.17091770077394,6.47865223686049e-12,1.17305100987039e-10,16.3846022605354
"1267_at",-2.08251263816639,9.444832271311,-7.17012634499923,6.51043624692148e-12,1.17758943343439e-10,16.3798130247248
"5696_at",2.30863106163634,8.92022034694632,7.16733269604902,6.6238735629522e-12,1.19687249420478e-10,16.3629089577251
"341_at",2.93810470152482,11.254253358128,7.15525076717464,7.13730331913337e-12,1.28699089788529e-10,16.2898549971592
"1780_at",-3.39411379886781,8.33000062595505,-7.14945552286981,7.39729651078971e-12,1.32976836866268e-10,16.2548440592467
"3399_at",2.76233823557735,11.3244860254761,7.13930269635053,7.87546003790919e-12,1.41138229125189e-10,16.1935549587774
"121601_at",-2.15538988929824,5.59153948848084,-7.12643925433685,8.5252054329414e-12,1.52470689411392e-10,16.1159895969039
"89795_at",-2.3291386884339,6.5999841409498,-7.1262071958508,8.53739901155378e-12,1.52533121789504e-10,16.1145911975821
"10926_at",2.11747264346227,8.47255583215127,7.11874649619229,8.93871037791953e-12,1.59216236579061e-10,16.0696494029174
"55026_at",3.0338353117722,10.0347820999494,7.11231587748815,9.2994810283032e-12,1.64971663950476e-10,16.0309388743238
"7431_at",2.80060022581741,13.4633977072984,7.10582712562172,9.67804162410963e-12,1.711675434367e-10,15.9919030684434
"221294_at",-2.05031460596421,6.40997464548065,-7.09144641575422,1.05719493378951e-11,1.85665887820929e-10,15.9054783137155
"64077_at",-2.39201138905176,7.44999369671202,-7.08921467664543,1.07177768988867e-11,1.88038514221008e-10,15.8920770122533
"23040_at",-4.04987287189583,5.84338025152597,-7.08120705032277,1.12575059094112e-11,1.96916473127994e-10,15.8440164798151
"4313_at",2.79128444711542,8.86065382103163,7.05152629535762,1.3501781018489e-11,2.34446069763436e-10,15.6662082131585
"6646_at",2.29775931204052,7.87258443073084,7.05142627163266,1.35100433879769e-11,2.34446069763436e-10,15.6656098849313
"6860_at",-4.35679845865157,7.38230049691783,-7.03695367113082,1.47595297449214e-11,2.546164151961e-10,15.5790994319269
"57007_at",2.33667406200197,9.19308890088879,7.03537673192306,1.49023630421766e-11,2.56827647040539e-10,15.5696807506355
"57467_at",-3.73544647468681,6.60476396282065,-7.03234871376704,1.51804552965977e-11,2.61363300573151e-10,15.5515992712961
"10815_at",-4.18144353941227,6.54900286819132,-7.03060955451476,1.53424824284371e-11,2.63893709051243e-10,15.5412165402641
"25924_at",-2.83179776190721,6.85391790423102,-7.02627113090257,1.57541252593963e-11,2.70443245270752e-10,15.5153241285437
"64778_at",2.10521953529832,8.04711998267901,7.02020998317857,1.63474859529055e-11,2.80080534014247e-10,15.4791690066014
"10900_at",-3.80109611295743,7.56382173577024,-7.01522656566746,1.68517765279286e-11,2.88157158248785e-10,15.4494590272626
"5653_at",-3.44387192843147,6.36230838911369,-7.00624651386385,1.77994506080153e-11,3.02884437676393e-10,15.3959594747614
"1016_at",-3.65934411341748,6.0437565928654,-7.00341744395461,1.81087305171893e-11,3.07550116060831e-10,15.3791149908282
"2566_at",-4.48239532742158,6.18676626598378,-6.98172583126576,2.06625435398152e-11,3.48223462136866e-10,15.2501207554575
"340542_at",-4.04395464677038,7.89723272428301,-6.97487940936401,2.15398693775739e-11,3.61964804008378e-10,15.2094654689906
"117154_at",-3.03184075003131,5.14899108345504,-6.96515106730885,2.28498713236481e-11,3.82877337179332e-10,15.151745237704
"6785_at",-2.36333858170011,7.11538957983414,-6.9599802891673,2.35777548994299e-11,3.93568866783151e-10,15.1210891163438
"25827_at",-2.58064152234139,7.88775129785969,-6.95293043937965,2.46070334966218e-11,4.08803294877052e-10,15.0793184193551
"10051_at",2.60190773711197,8.86741113028752,6.94789695094367,2.53688523520081e-11,4.21060487853831e-10,15.0495130758683
"10788_at",2.85544902344137,7.39744223008738,6.94016508707966,2.6584495557011e-11,4.40819729070702e-10,15.0037592993539
"11118_at",2.3638723297087,8.57343564965529,6.93796162495533,2.69413089034943e-11,4.45648126330546e-10,14.9907267814285
"7764_at",2.43713585118487,7.64935931454322,6.93516203716871,2.7401458323202e-11,4.52227269332166e-10,14.9741726676967
"11037_at",2.74075276389984,7.75013487766806,6.92806651696437,2.86026221487505e-11,4.70279698312523e-10,14.9322376779225
"4852_at",-3.37995902971524,6.44555685506326,-6.91866128205099,3.0274942229179e-11,4.96843550983914e-10,14.8766990357566
"29114_at",-3.23009878062961,8.74801747271119,-6.91702875830299,3.05748575372372e-11,5.00651615722284e-10,14.8670643080764
"51203_at",3.55668880722928,8.25033191880336,6.90820594648489,3.22470163583848e-11,5.26250889863511e-10,14.8150223183189
"1164_at",2.9323105172949,9.59080250466335,6.89771804508457,3.43520792628153e-11,5.56973999296359e-10,14.7532200724857
"1131_at",-2.01506478007858,5.7585447438618,-6.87464120283535,3.94713991727189e-11,6.35859571048019e-10,14.6174700248657
"57338_at",-3.18727317655097,6.13014515273743,-6.845373532939,4.70543470223674e-11,7.52483157172476e-10,14.4457690346858
"11197_at",-4.25937841038476,5.65182711510979,-6.84449259138456,4.73035177590643e-11,7.54557014601827e-10,14.4406090366792
"84251_at",-2.54277652189174,6.62367231179623,-6.84445851187913,4.73131830345985e-11,7.54557014601827e-10,14.440409430046
"481_at",-2.57024765553628,10.632763482551,-6.83566654813352,4.98726621576241e-11,7.88915297506026e-10,14.3889378778591
"5627_at",2.95224859657725,8.48242003534443,6.82830877061041,5.21188992344164e-11,8.22962114307763e-10,14.3458989953575
"5138_at",-3.00037214378765,7.62924899229264,-6.82781223748353,5.22740179872178e-11,8.23926900415437e-10,14.3429957495874
"9737_at",-2.71727076987959,8.29324933734413,-6.80600917211458,5.95519648035034e-11,9.31935077777682e-10,14.2156617183403
"273_at",-2.99572922522149,7.57501040967076,-6.77932831571841,6.98237845797827e-11,1.08782353095987e-09,14.0602383969397
"22918_at",2.93922767053146,8.74614479603498,6.76242078260843,7.72147872260023e-11,1.1934246699384e-09,13.9619747727029
"2012_at",3.77675361323886,9.69682282597289,6.75979547059922,7.84293918110246e-11,1.21112947160513e-09,13.9467327759814
"54504_at",2.97393827815485,8.52427364556203,6.75463727078178,8.08707948115846e-11,1.24553815523958e-09,13.9167978072046
"57216_at",2.37028229494025,7.92454399763912,6.75416392193053,8.10985399642736e-11,1.24794917467412e-09,13.9140516118154
"53335_at",-2.23094738500074,5.82083219478142,-6.74204043134875,8.71512944092612e-11,1.33406177913635e-09,13.8437629295395
"83699_at",-2.26838148978609,7.80979063786193,-6.73002480708505,9.35876567838037e-11,1.42635726995628e-09,13.7741896338809
"1282_at",3.73177279567309,10.3643618855894,6.7051895554435,1.08407337257377e-10,1.64506961048489e-09,13.6306723275881
"261729_at",-3.00171734052066,6.90692110001469,-6.69474466441449,1.15307968611137e-10,1.74525282024819e-09,13.5704285274183
"8707_at",-2.89465884212357,6.1599620351145,-6.69187579470205,1.17277731003012e-10,1.77200585456017e-09,13.5538934542107
"26230_at",-2.40403591702523,7.28432578590681,-6.68616186963093,1.21299916030265e-10,1.82889703563469e-09,13.5209758918967
"7465_at",2.15740770778438,7.61287723073543,6.67364601243935,1.305896945894e-10,1.95293991217441e-09,13.4489442054115
"6616_at",-4.5674701455863,9.00112593297774,-6.66774345802458,1.35209990813311e-10,2.01515774573547e-09,13.4150076723171
"140767_at",-3.34418535080053,7.32119430449138,-6.6575182945636,1.43596859627619e-10,2.1347092100876e-09,13.356270163341
"220164_at",-2.82287615854959,6.06466943328102,-6.65612848197177,1.44775560789925e-10,2.1491272142691e-09,13.3482915794761
"10231_at",-3.78190511644185,8.97312084860757,-6.6518630050184,1.48452781537241e-10,2.19943525105936e-09,13.3238120662966
"1718_at",-2.34956345212346,7.40361362025149,-6.65130588541161,1.48939792271464e-10,2.20478694184287e-09,13.3206156086994
"3428_at",2.29310162913551,9.79977240201857,6.64151553462997,1.5775875300429e-10,2.32551527662421e-09,13.26447560378
"57471_at",-5.16837799736479,6.86488833786468,-6.64090504177539,1.5832535138618e-10,2.33190624684502e-09,13.2609769019511
"24147_at",2.19224412323747,9.40719589015682,6.63547962078884,1.63449300415119e-10,2.40333547682533e-09,13.2298944130236
"4886_at",-3.63668174704842,5.78617761179141,-6.6333260752882,1.65528035811584e-10,2.4298240231739e-09,13.2175617903131
"8499_at",-2.33526742834245,6.70206441779484,-6.62333983719156,1.7551177290375e-10,2.56563373117934e-09,13.1604122059428
"83935_at",2.19436846784996,7.25405219219089,6.61866875966163,1.80382446098888e-10,2.62588300064386e-09,13.133701997023
"2565_at",-2.19241345395218,4.61935336918379,-6.61032961479756,1.89410126194179e-10,2.75044845219997e-09,13.0860512571085
"57185_at",-2.02415037226675,7.72010213054181,-6.57775735993118,2.29121869889818e-10,3.29165492914659e-09,12.9003516043586
"140733_at",-2.25172472684592,5.90880549910441,-6.57557337608391,2.3205932521001e-10,3.32839917590495e-09,12.8879244242469
"4815_at",-2.21686442157646,6.51752530371442,-6.57130583791747,2.3790627373317e-10,3.401128270572e-09,12.8636502654829
"5649_at",-2.55282147096951,5.76853304652522,-6.57087203550927,2.38508663279034e-10,3.40696115834688e-09,12.8611834044052
"93664_at",-2.9627490124919,7.06836712059195,-6.56293681979067,2.49795704816054e-10,3.5652844611653e-09,12.816080108987
"666_at",-2.52149255269018,6.66930623361887,-6.55271531388004,2.6511029142199e-10,3.76241949615646e-09,12.7580407133534
"3915_at",2.29212378062312,8.82064081987406,6.5348698934077,2.94086779876378e-10,4.16353714934837e-09,12.6568710641051
"6664_at",3.69858570912906,8.98099483276671,6.53245847460355,2.98233425612603e-10,4.2154332667033e-09,12.6432157814397
"55603_at",2.92695870521167,9.2042484361179,6.47956249092077,4.0508723847963e-10,5.65283760257363e-09,12.3446151207081
"302_at",3.07692962132669,11.8206216552858,6.47739685066469,4.10182712873289e-10,5.71938934648379e-09,12.3324282366337
"23136_at",-2.77049565658831,7.74778172738996,-6.47415705600712,4.17923165989479e-10,5.81806142199968e-09,12.3142023111935
"2346_at",-3.05762365232839,6.09085445213948,-6.46786609138417,4.33364969003297e-10,6.01786324588282e-09,12.2788308991201
"5168_at",-3.80969140881058,8.00870175374394,-6.46569298142637,4.38828098290272e-10,6.08011073417675e-09,12.2666183532495
"345557_at",-2.61882992151635,5.10210951047575,-6.46515150343437,4.40199839212629e-10,6.0942990378197e-09,12.2635758033617
"22822_at",2.07733574593526,9.82143903017344,6.46161935069011,4.49251741744367e-10,6.2000277776012e-09,12.2437333727268
"222166_at",-2.44977509416476,7.74137920741777,-6.45335933470625,4.71138748718464e-10,6.4715116369816e-09,12.1973628321024
"114798_at",-3.01886499512432,5.57340674512654,-6.44322597999558,4.99422321340296e-10,6.81727026957271e-09,12.1405358101712
"7153_at",4.01745943764853,8.59479972345377,6.43958941094855,5.0997330607135e-10,6.94506770436096e-09,12.1201584113423
"5126_at",-3.3562684062511,6.24360598258652,-6.43612586683964,5.20225454078549e-10,7.07369397489118e-09,12.1007585052161
"4674_at",-3.46538308306712,7.80901644873143,-6.4352647188974,5.22805688487745e-10,7.10326767606567e-09,12.0959362723556
"3290_at",-2.18171855882559,5.9452175683944,-6.42328015678655,5.60044834578657e-10,7.58570774007737e-09,12.0288752885521
"55872_at",4.10771568007,8.43413266925399,6.41814299264373,5.76792878243756e-10,7.8005005995203e-09,12.0001581998458
"83988_at",-2.34728938847295,8.70793666212444,-6.41699427722929,5.80604567198933e-10,7.83140620690755e-09,11.9937391458687
"80333_at",-2.96548159258088,6.92572272412431,-6.39704555622312,6.50878225844673e-10,8.70171065170067e-09,11.8824017674515
"30845_at",-2.292374398202,8.20067577882614,-6.39462710615465,6.59945178718467e-10,8.80948906884888e-09,11.8689215451116
"2297_at",2.65339132958605,8.04739240713952,6.38702890897274,6.892448396686e-10,9.15181386732693e-09,11.8265946471155
"57562_at",-2.11483685988153,6.48178716362834,-6.38188469961719,7.09801918577764e-10,9.4105130309474e-09,11.7979594020311
"5577_at",-2.24915200466886,9.27494170952516,-6.37408973221848,7.42102615108137e-10,9.8164773849059e-09,11.7546015839994
"23057_at",-2.64593988614072,6.62005546234299,-6.35333680722171,8.352900265692e-10,1.09499837664012e-08,11.6393613186791
"11069_at",-2.96270542948071,7.34508371134314,-6.34617670891673,8.70030456511185e-10,1.13713824095985e-08,11.5996668835561
"91975_at",2.12611782733305,8.33076662544602,6.33738040385579,9.1465306912943e-10,1.19101963912567e-08,11.5509475417038
"84735_at",-4.71500911892969,6.99236203267307,-6.33019412526025,9.52766858567664e-10,1.2338930466575e-08,11.5111831637252
"57144_at",-2.60519036662208,6.06210443415864,-6.32504641976075,9.81021414410865e-10,1.26708639133229e-08,11.4827198072204
"9353_at",-2.57058302287304,7.03133086741123,-6.3060190118766,1.09276725914516e-09,1.40211799055909e-08,11.3776621371836
"83690_at",3.03966489635311,9.63373649715964,6.30468025678971,1.10108331054403e-09,1.41175473181457e-08,11.3702793208619
"8936_at",-2.36698439701311,9.65724389735257,-6.29843455055663,1.14070718667707e-09,1.45829138299701e-08,11.3358517994787
"4345_at",-2.11647789267587,7.71741867000074,-6.28669077338355,1.21903161496576e-09,1.55275923804542e-08,11.2711874901189
"85453_at",-2.88863749028235,6.74030759969436,-6.26150228674672,1.40522103407484e-09,1.76554186840356e-08,11.1328002526428
"5334_at",-2.62217782350705,6.75982919168989,-6.25648879561081,1.44547372312305e-09,1.8135159588531e-08,11.1053058821457
"83666_at",2.26843407073214,8.485158590399,6.25306704413981,1.47359294536773e-09,1.84615179081202e-08,11.0865502956811
"3371_at",4.34173799655255,10.150214915662,6.24229569608919,1.56565402239204e-09,1.95729087378497e-08,11.0275601797377
"79605_at",-2.00913643357095,8.22279312542004,-6.23520989607539,1.62926339739089e-09,2.02813207145384e-08,10.9887962402408
"154661_at",-2.35883403036566,6.7224685189743,-6.23359308727658,1.64412848587224e-09,2.04518381631531e-08,10.9799559165853
"4340_at",-4.10022199055507,6.65308143840158,-6.20874962236267,1.88996307508433e-09,2.32133026047674e-08,10.8443364374116
"5638_at",-2.1129694656399,7.86194552086448,-6.20257893854112,1.95640175679632e-09,2.3978918595363e-08,10.8107146644818
"55800_at",-3.95224398905956,7.28125507709,-6.20084947195037,1.97542945727191e-09,2.4178318503914e-08,10.8012959981167
"57475_at",-2.70277354161245,8.20044581659935,-6.19242925032488,2.07068936291128e-09,2.52034530998236e-08,10.7554680385603
"386618_at",-2.0150590894969,4.80497979566279,-6.18365140241448,2.17478284082684e-09,2.63788365752056e-08,10.7077440874735
"54478_at",3.44666887001114,8.03229570856276,6.17819148420507,2.24209701702178e-09,2.71577293830966e-08,10.6780852562852
"58475_at",2.50719590350984,8.56596239389161,6.17030516737521,2.34294084374485e-09,2.82653576077091e-08,10.6352812072486
"57698_at",-2.82746051606595,8.6675056187352,-6.16061077325994,2.47300423618018e-09,2.97490358596637e-08,10.58272067234
"79739_at",-2.1250395499563,7.73174277561773,-6.14919154154509,2.63529408466436e-09,3.14852075132326e-08,10.5208893792506
"1019_at",2.1344621429897,10.6950908166942,6.14369412429184,2.71709689789074e-09,3.23962975029463e-08,10.491153945959
"80336_at",2.01308130064961,7.64309876446956,6.1380388937514,2.80384095432807e-09,3.33624714232913e-08,10.4605861032714
"10403_at",3.07036507615535,7.17542951747932,6.1346734217175,2.85674362091278e-09,3.39688910744493e-08,10.4424051512161
"793_at",-3.51639687258964,5.63610264826324,-6.11921768968168,3.11251227858732e-09,3.67607834951483e-08,10.3590081401829
"1284_at",3.16165521314778,9.46370931979811,6.11625216097787,3.16408858840035e-09,3.72444463995251e-08,10.3430249635425
"8470_at",-2.23232734393212,7.51337384416764,-6.11314174880336,3.21908341385224e-09,3.78155998623245e-08,10.326267289554
"138046_at",-3.78628397052478,6.91293329257804,-6.1054279919429,3.35953800681582e-09,3.9360041875308e-08,10.2847367895509
"3108_at",2.65327049213615,9.0930785759578,6.10159282380193,3.431584843335e-09,4.01236741488543e-08,10.2641033845091
"1462_at",2.21497590894561,11.0015206930541,6.08482893606595,3.76466351360414e-09,4.38718466774865e-08,10.1740295491312
"94274_at",-2.79493330638209,6.61966869890156,-6.07934585843152,3.8803204552032e-09,4.50399845154612e-08,10.1446097821197
"5121_at",-3.44035200611041,7.72921985278046,-6.07758269492917,3.91824504937815e-09,4.54500866846134e-08,10.1351537563221
"9699_at",-2.64128881714168,6.98821792773292,-6.07303598788944,4.01772335853805e-09,4.65423908163228e-08,10.1107790278831
"9705_at",-3.32894359510299,5.34467958644459,-6.07280337442287,4.02287866169021e-09,4.65713304514163e-08,10.1095323726576
"10437_at",2.52611126730193,9.81297865328683,6.06939050393517,4.09926476071156e-09,4.73305754024978e-08,10.0912458511948
"8395_at",-2.40778612136864,6.75171243813404,-6.05381745935227,4.46621292863614e-09,5.12970602884703e-08,10.0079042017328
"7852_at",2.77992537480744,8.26961872542511,6.02912595221716,5.11484188136063e-09,5.80620684291501e-08,9.87610175782143
"57451_at",-3.22112961243973,6.41566241543269,-6.02172665350544,5.32655778424524e-09,6.01149892366171e-08,9.83668546431544
"79957_at",-2.14733437800684,9.24494801826185,-6.01861157730302,5.4182315289916e-09,6.1070508453362e-08,9.82010253469639
"55450_at",-2.44396599374743,7.13380891906016,-5.99389561030941,6.20239449937355e-09,6.89342855995689e-08,9.68876359901843
"1281_at",4.97446597165631,9.96114552625931,5.98262996522153,6.59565165935197e-09,7.29810521675897e-08,9.62903750784922
"5803_at",2.21146261673951,13.2120224611976,5.97654038937073,6.8182688684656e-09,7.52069216221502e-08,9.59678917566961
"10635_at",2.35116054374778,7.02907476444415,5.97314334352412,6.94562963379457e-09,7.64673684620084e-08,9.57881063174367
"2335_at",2.08191481286654,10.4859263804222,5.96203428049539,7.37857898238192e-09,8.09288822429336e-08,9.52007232327319
"8534_at",-2.0918090924189,7.02197215029757,-5.93193598593766,8.68848638495342e-09,9.44098579473519e-08,9.3613567626356
"9111_at",2.17228239478841,8.68408353032738,5.91807769848214,9.36555824549454e-09,1.01452496519643e-07,9.28848878988116
"114792_at",-2.25891741392411,4.90291346125575,-5.91619116370365,9.46162635954503e-09,1.02369722790658e-07,9.27857950533344
"2353_at",2.80291725942674,9.79835955610398,5.91324683457182,9.61348784370341e-09,1.03945466648112e-07,9.26311892892452
"79191_at",2.75600914816389,7.59831880779528,5.9038084175852,1.01165288994789e-08,1.08897494855785e-07,9.21359855179585
"3113_at",2.62544973518959,11.3069615686068,5.88765513755725,1.10377561946148e-08,1.1803821673304e-07,9.12899063746093
"219539_at",-2.60093886901156,6.77265254120707,-5.87818413620739,1.16154838563598e-08,1.23609341560667e-07,9.07946747002469
"1842_at",2.82659794625252,7.83422360392411,5.86886134759186,1.22129777392652e-08,1.29339492952327e-07,9.03078017030625
"1620_at",-3.02107851005669,7.51274771539561,-5.86741045044346,1.23086253180823e-08,1.30195097133391e-07,9.02320844534979
"8406_at",3.23508953301465,10.4122245973131,5.86253318054803,1.26355441814073e-08,1.33491972795374e-07,8.99776641788842
"10769_at",-2.29563756608949,7.40786544283116,-5.86162922491093,1.26970601919496e-08,1.33980357606443e-07,8.99305279868559
"590_at",2.72275235511139,10.4011304168358,5.8571106937003,1.30089675938032e-08,1.3694184685681e-07,8.96949973616195
"114815_at",-2.27872901324213,5.52234726234831,-5.84456482146448,1.39147468800905e-08,1.45515375040182e-07,8.90417836756022
"701_at",2.73619702278138,7.51405213984211,5.84337368165579,1.40038784208717e-08,1.46272930323372e-07,8.89798228184128
"5798_at",-2.04985520676419,5.94417034987375,-5.83477155089931,1.4664326226162e-08,1.52535101344772e-07,8.85326501427566
"80034_at",-2.42356066295299,6.74762647546249,-5.81282562382902,1.64901077832305e-08,1.69613919669413e-07,8.73941571352006
"11065_at",2.77497091641116,8.91619769953074,5.80426568702773,1.72608634220481e-08,1.76777677194755e-07,8.69510056597084
"22974_at",2.70882155465955,7.8904529081205,5.80404260271408,1.72814135065635e-08,1.76819226228569e-07,8.69394633588258
"1346_at",-2.64160976484144,7.99213970298507,-5.77869631585159,1.97785916814455e-08,2.0119522716233e-07,8.56303300513605
"3122_at",2.70504051861354,11.5087522632692,5.75880595608051,2.19817123576028e-08,2.22444268182277e-07,8.46061581534364
"443_at",-3.14756724111856,7.29781641183503,-5.73391715306651,2.50777904512354e-08,2.50164162344225e-07,8.33285412514278
"24137_at",2.74719751785053,7.02263309388071,5.73147993526033,2.54029061296196e-08,2.5326321714098e-07,8.32036667904753
"825_at",-2.65919371498261,6.85193015765686,-5.72882015472495,2.57624034576424e-08,2.56409792959737e-07,8.30674369405795
"7050_at",2.41307953498484,7.55933689153633,5.72612108475833,2.61322834359081e-08,2.59796104243427e-07,8.29292459118859
"9768_at",2.63925860850733,8.24174394046355,5.7251115797511,2.62719527300349e-08,2.60971126592371e-07,8.28775730086729
"2743_at",-2.36243745677763,7.98932451100572,-5.72328646535039,2.6526315734808e-08,2.63116432305591e-07,8.27841703256798
"26960_at",-2.17348624006668,7.82863890269048,-5.71463038534725,2.77657843756474e-08,2.74324071449815e-07,8.23415050301483
"84708_at",-2.48757951668582,6.44358506921246,-5.71425969849648,2.78201057666602e-08,2.74551235232124e-07,8.23225602414626
"9568_at",-2.9320268333054,7.77040484528463,-5.70955457297001,2.85186804579513e-08,2.80183246853426e-07,8.20821788179699
"26157_at",2.22590029716473,7.59388517368298,5.68087375970119,3.31620457940537e-08,3.22190230949212e-07,8.06202952220178
"1192_at",2.56248602419046,9.978890284616,5.67909484575672,3.34731511014497e-08,3.24904885539134e-07,8.05298151439952
"285533_at",-2.64854992283016,7.04880375871524,-5.67590968095281,3.40373132734474e-08,3.29499754072064e-07,8.03678658434092
"388610_at",-2.01409133378978,7.43250771761891,-5.64989425572473,3.90057436178345e-08,3.72157685568746e-07,7.90478214187321
"2316_at",2.14344724318466,9.15429503432955,5.62222955344274,4.50641628550518e-08,4.26709660918688e-07,7.76493940782705
"56265_at",2.51513202525503,7.47908065042523,5.61881452279221,4.58728442351132e-08,4.33196843162084e-07,7.74771470053899
"5698_at",2.0302949110879,8.7681042786554,5.61188727864206,4.75568918069753e-08,4.47412583306954e-07,7.71280079321231
"1278_at",4.1434648601185,10.0673020679188,5.6089140863529,4.82980298102043e-08,4.53897891948231e-07,7.69782620337333
"79801_at",2.13148631528373,6.75435665094211,5.59526706351669,5.18467744294144e-08,4.84133412586226e-07,7.62917389104542
"6241_at",3.24813150947895,8.40926957510433,5.59423495081894,5.21252635585463e-08,4.85698827427241e-07,7.62398721675123
"10439_at",-2.32209029425351,8.93303781686542,-5.59218525579529,5.2682648927944e-08,4.90233455260477e-07,7.61368915784849
"11130_at",2.20671480899049,8.19983884292077,5.58835424211313,5.37400496156708e-08,4.99153073457267e-07,7.59444951317529
"9133_at",2.81798157222558,7.84540514505725,5.58800003848515,5.38388513425307e-08,4.99805904385877e-07,7.59267120842603
"534_at",-3.07087419223704,8.80723989433566,-5.57849665795364,5.65567967481389e-08,5.24204641250466e-07,7.54499250752641
"10203_at",2.49398068994034,8.1044871677246,5.57598339586756,5.72976477415921e-08,5.30790630003639e-07,7.53239427859732
"2254_at",-2.52310581910891,6.52258248698879,-5.55660192581671,6.33372444845695e-08,5.83041955924921e-07,7.4353937109543
"2634_at",2.96097650773843,8.6048116953105,5.54613840890631,6.68511013670982e-08,6.1217306878847e-07,7.38313848190572
"8673_at",2.38064904518731,8.66833472570558,5.54188215921582,6.83341231995419e-08,6.25426724448235e-07,7.36190523379871
"387923_at",-2.14303928267082,8.36511621838681,-5.52938845717566,7.2874799967828e-08,6.63520321577206e-07,7.29965331116866
"9378_at",-2.00239936975616,7.04737293208953,-5.52656558630969,7.39407137144114e-08,6.72526668018936e-07,7.2856035429893
"53822_at",-2.37411877629604,6.88356315226423,-5.51033979215457,8.03683522071094e-08,7.27966981464603e-07,7.20495781888468
"643911_at",3.88644580227343,8.26381281750296,5.49843906237466,8.54252114514894e-08,7.68407151639924e-07,7.14593004940561
"9332_at",3.7671239724788,10.3106889059279,5.49796942553313,8.56309940891814e-08,7.69668940205683e-07,7.14360275487836
"4753_at",-3.13920506674759,9.87781105393104,-5.48397048434708,9.19914147139076e-08,8.2219965614006e-07,7.0743043696809
"3400_at",2.16169457648327,10.9627081970625,5.48122078081998,9.32936816595105e-08,8.32614823129427e-07,7.06070938005648
"93663_at",2.07989173871263,7.86753175980786,5.48120915669847,9.32992247747016e-08,8.32614823129427e-07,7.0606519201599
"712_at",2.35601880485419,9.52494917964306,5.47448048859853,9.65622551368183e-08,8.6129600294301e-07,7.02740755143866
"4256_at",3.43324466436127,10.7601648135377,5.44734668617738,1.108845580909e-07,9.75639382359042e-07,6.89368246369899
"23467_at",-2.1561581640928,7.56602081842346,-5.42355622683247,1.25126393944983e-07,1.09163280571116e-06,6.77687730486575
"1466_at",2.29981057850799,11.2847302703638,5.42098198203119,1.26770122783957e-07,1.10487316858996e-06,6.76426326409246
"7345_at",-2.23306247369804,10.9275636328542,-5.40251054199202,1.39196351119321e-07,1.20419271770402e-06,6.67389406713152
"266812_at",-2.02121601204014,9.86148209892841,-5.39961542898611,1.41248389614512e-07,1.21833687242793e-06,6.65975280084867
"51338_at",2.5005725480901,8.29207865329795,5.3991992512106,1.41545781488004e-07,1.22030148162334e-06,6.65772047437053
"5100_at",-3.18731218465913,6.94710553466666,-5.39885444263773,1.41792635517573e-07,1.22182867390192e-06,6.65603676249474
"9833_at",2.39662269655872,7.90302246548356,5.38029939048186,1.55712049848083e-07,1.33325114689172e-06,6.56556078044554
"4675_at",-2.23306279677627,10.5196060173143,-5.37122615998125,1.62993466964873e-07,1.39084055282051e-06,6.52141123272518
"714_at",2.36093938983184,10.1056081974963,5.34150889200441,1.89234420289949e-07,1.59304115486164e-06,6.37723486388295
"79993_at",-2.36449906086645,7.02879360364386,-5.3358119556333,1.94714015873309e-07,1.63524319895136e-06,6.34967014576986
"55273_at",3.12317039472478,9.06442134350785,5.33323252364068,1.97245456706625e-07,1.65412493765407e-06,6.33719742245019
"7805_at",2.14583188203294,10.7728086690844,5.32155917544543,2.09107063644656e-07,1.74774416046728e-06,6.2808131029648
"4978_at",-2.74425929343761,7.37888512253202,-5.32139724048408,2.09276387325197e-07,1.74832566284496e-06,6.2800316388005
"285_at",2.58323580756464,8.2066000289497,5.318280006299,2.12561935141594e-07,1.77408239867939e-06,6.26499230978563
"5178_at",-3.15464635575185,7.24404266997883,-5.31511705106681,2.15946870604674e-07,1.79890722485177e-06,6.24973976182982
"10954_at",2.088184057383,7.17532957576943,5.31276030840308,2.1850299743552e-07,1.81760893974958e-06,6.23837979430178
"55536_at",2.52471677824038,8.54693982834629,5.31122003504603,2.20189436090473e-07,1.83076861781675e-06,6.23095759796332
"9201_at",-2.69864883778567,9.86903970022414,-5.31007969177167,2.21446131601106e-07,1.8377302786802e-06,6.22546370012779
"3832_at",2.38999163917946,6.79056986262819,5.30897399609141,2.22671295583833e-07,1.84702309403589e-06,6.22013764771648
"64231_at",2.34093950116483,9.24499831282523,5.2977993804943,2.35428661411619e-07,1.94364491218155e-06,6.16636132601874
"56944_at",2.23002926029036,8.96354065605463,5.29120125111644,2.43291714286762e-07,2.00384110728575e-06,6.13465229763284
"960_at",2.65713176459125,8.50589860950152,5.27797011743127,2.59835203798111e-07,2.12313828296946e-06,6.07116424073766
"10561_at",2.20166178425503,8.58838603175005,5.26723052245079,2.74061838362876e-07,2.22796003756314e-06,6.01972741725511
"3115_at",2.24569009472176,11.4698688874026,5.26620051518513,2.75465360676168e-07,2.23833165348688e-06,6.01479876112095
"983_at",2.48319509129467,7.42467511410327,5.26077168545521,2.82978960177692e-07,2.29406671370695e-06,5.98883451340716
"5063_at",-2.65128657037235,8.13133573719623,-5.24458395452529,3.06583319816364e-07,2.46490176441349e-06,5.91154472516739
"9920_at",-2.16331879808133,8.311698859531,-5.24262242516131,3.09570197504749e-07,2.48663467079089e-06,5.90219252662344
"5836_at",2.40742745505971,8.77956679972749,5.24144526422759,3.11376235336415e-07,2.49885131718926e-06,5.89658142883437
"4069_at",2.66120785494987,7.84830477149001,5.22640027132816,3.35378821529193e-07,2.67433330525121e-06,5.8249587348155
"9211_at",-3.2465572571828,7.12155176754418,-5.22439416132763,3.38711978785086e-07,2.69935451312721e-06,5.81542132036634
"9892_at",-3.80303012277948,8.0500532688393,-5.22084943533801,3.44680297298763e-07,2.74351115838121e-06,5.79857641555519
"23316_at",-3.02297889070024,5.89532413177018,-5.19697070231292,3.87628630797002e-07,3.05346831999059e-06,5.68534780843632
"84502_at",-2.25222466206757,7.70210919284939,-5.19673484173058,3.8807771115674e-07,3.05428026521489e-06,5.68423153583025
"11075_at",-4.76427569841857,8.57151675397526,-5.19039685447665,4.00336065340744e-07,3.14227058541299e-06,5.65425099405166
"80303_at",-2.42126503205806,8.98539712835467,-5.18140464402164,4.18374475253551e-07,3.2750555729205e-06,5.61176703734562
"871_at",2.28365901131758,8.53132655983505,5.18004370585668,4.21172309871109e-07,3.29254552859541e-06,5.60534254772605
"64105_at",2.58460642908749,6.5833444820463,5.17901239134794,4.23304577415274e-07,3.30479257387862e-06,5.60047501915374
"7045_at",3.18513437062045,9.64975139350482,5.17823178107073,4.24925465603241e-07,3.31597000695815e-06,5.59679127998136
"26050_at",-2.60522373424725,7.45896686739572,-5.17432168526442,4.33135550250784e-07,3.37103321014453e-06,5.57834624765606
"54443_at",-2.47166476400775,8.05377634923851,-5.17309284496588,4.357473863086e-07,3.38684897553474e-06,5.57255183744593
"51514_at",2.33411471213528,7.05298807042461,5.14692689448346,4.95128472174763e-07,3.80285571069548e-06,5.44944054517896
"22795_at",2.52595680516494,7.53141660397983,5.14280771369053,5.05164385701242e-07,3.87823748934983e-06,5.43010681311125
"2263_at",-2.07473668420078,6.86287147671772,-5.11555480650974,5.76708248637449e-07,4.35500451265341e-06,5.3025163389341
"84302_at",-2.15275331845372,7.3793549876528,-5.10960062300375,5.93598274036014e-07,4.46140520970378e-06,5.27471541034544
"3745_at",-2.90019945908562,7.61938963856951,-5.10750853646365,5.99645854889419e-07,4.5049262317389e-06,5.26495354505412
"5789_at",-2.07713703224228,6.75209054510478,-5.10417499734939,6.09405644112533e-07,4.56650394371969e-06,5.24940581152432
"10409_at",-2.43589045972571,10.4059263831319,-5.0980416679755,6.27766161854037e-07,4.69005009327183e-06,5.22082180419463
"4147_at",2.24255299350325,9.84084069976416,5.09247172470787,6.44903694346729e-07,4.79967178378562e-06,5.19488817811318
"56992_at",2.15458995931053,6.69553313387793,5.07360030280091,7.06402342490949e-07,5.23735780746145e-06,5.10719828559325
"3123_at",2.14789494924054,11.415129340861,5.05594073171459,7.69071905049115e-07,5.6732000335841e-06,5.02538511863644
"6456_at",-4.00658925659349,8.36580408921284,-5.05255852300545,7.81674022592701e-07,5.75163752895981e-06,5.00974317358874
"131034_at",-2.91677221905972,6.65582903225226,-5.04767459114781,8.00225018857785e-07,5.86470532613232e-06,4.98717150696421
"83540_at",2.44276201906623,7.05070881054499,5.03943878997421,8.32477334244573e-07,6.08966203560294e-06,4.94915003846162
"1063_at",2.32825559514723,7.30185482718072,5.03059902776336,8.68494629837757e-07,6.33807059322058e-06,4.90839799741092
"253982_at",-2.04160765990702,8.27323254018147,-5.02317299412728,8.99913568950589e-07,6.55288123099168e-06,4.87420955920568
"929_at",2.55512274062219,9.8566253148507,5.01198849178904,9.49319953839873e-07,6.87835090159217e-06,4.82279733063874
"2043_at",-2.1592023404994,7.67136709450719,-4.99780605715939,1.01575469719087e-06,7.30834670675878e-06,4.75774227339835
"11013_at",3.98872946505255,8.42897406214086,4.95104194113359,1.26822551485856e-06,8.94494511023175e-06,4.54432956703685
"6039_at",2.18040710628421,8.5862787191314,4.93586593580286,1.36248707576461e-06,9.54830506874306e-06,4.47543446601713
"713_at",2.2591247626182,10.4923997946373,4.91990348232042,1.46893312322673e-06,1.02451217074393e-05,4.40316108348641
"6863_at",-3.61743826955487,5.77202475044183,-4.91866937282015,1.47748952270695e-06,1.02925114723707e-05,4.39758159825217
"51090_at",-2.53694588123151,8.3248464612059,-4.91538383890401,1.50050448240333e-06,1.04362468504298e-05,4.3827332426826
"51700_at",-2.10717742427811,6.20872851881775,-4.90849693814945,1.54987653106181e-06,1.07582914692754e-05,4.35163630315442
"84707_at",-2.16280670700115,9.79679721128145,-4.90256674645081,1.59364478730962e-06,1.10533487088151e-05,4.32488870311322
"26509_at",2.11653549924187,8.76904384947274,4.89909190572994,1.61984360011903e-06,1.12084479981391e-05,4.30922840939519
"9122_at",2.00470925237945,8.16334689059103,4.89701141438068,1.63572828634589e-06,1.1300516229714e-05,4.29985660270688
"2562_at",-2.9166643456723,6.84808652958344,-4.890252669034,1.6883772362258e-06,1.16138884691246e-05,4.26943424696298
"4828_at",2.39037932188426,10.0845850149962,4.88662204624734,1.71733105499395e-06,1.17945381664886e-05,4.25310678193408
"419_at",-2.32365847238542,5.80638602403961,-4.86915327922528,1.86348246120809e-06,1.26741393471456e-05,4.1746902186201
"7412_at",3.17616405794175,8.37852350302282,4.85904096195935,1.95350212527999e-06,1.32350335329658e-05,4.12940488722788
"116496_at",2.31793995657956,7.7502488191407,4.85867145998202,1.95686970832087e-06,1.32527261892349e-05,4.1277516778348
"3426_at",3.21663770634319,8.52857558319092,4.85342736785969,2.00527218459071e-06,1.35648033883911e-05,4.10430025517113
"6330_at",-2.19247897539574,7.74862396417351,-4.84981178397453,2.03931485309264e-06,1.37701432735135e-05,4.08814394887219
"7096_at",2.0623513357982,7.17450692953891,4.83172286048106,2.2181849371731e-06,1.48617711984366e-05,4.00746630105622
"9928_at",2.05243891634216,6.6280920393334,4.8277752279266,2.25918695074582e-06,1.5113270872413e-05,3.98989357324921
"2770_at",-2.26083689161447,8.84645561251552,-4.82509266001324,2.28746586006469e-06,1.52674844361591e-05,3.97795917532256
"116372_at",2.17411635059347,8.73928355659833,4.81843403329434,2.35914377608159e-06,1.57040307494804e-05,3.94836010544056
"2305_at",2.05166494708253,6.8436643778751,4.7975251149507,2.59859060319741e-06,1.71095564284059e-05,3.85564075034256
"1475_at",2.40826222628238,7.38751424616176,4.79752444084521,2.59859868844734e-06,1.71095564284059e-05,3.85563776657919
"9118_at",-3.80851555017172,7.92708359210864,-4.78163695484734,2.79605057650057e-06,1.82859621098229e-05,3.78541461561183
"131096_at",-2.05421084550064,5.56927615284532,-4.77576070603615,2.87268572605735e-06,1.87382071904009e-05,3.75949158216098
"11326_at",2.52926364640938,10.3444496388785,4.77234669098359,2.91813593264054e-06,1.89993196476192e-05,3.74444312664108
"1960_at",-2.32552104588456,7.30499681888244,-4.77053606875782,2.94252109669267e-06,1.91438631261071e-05,3.73646589573138
"6282_at",2.18710919959725,9.75091177632624,4.75355096122237,3.18104955481211e-06,2.05735260321741e-05,3.66175843917984
"1075_at",2.03253745145126,8.03068031393942,4.75328096318094,3.18498780287386e-06,2.05913984584914e-05,3.66057270913949
"1959_at",2.52230517571501,8.12074154694707,4.74482619994101,3.31071695098475e-06,2.13110231709563e-05,3.62347159265993
"55964_at",-2.16565186927945,8.65817319005104,-4.7448149772067,3.31088697977486e-06,2.13110231709563e-05,3.62342238255908
"727742_at",-2.45839962160554,8.42012754726627,-4.74471461954538,3.31240781166748e-06,2.13129852111219e-05,3.62298233283399
"6281_at",2.55657669228351,11.6882527031307,4.73347233142337,3.48710605174725e-06,2.23141685903519e-05,3.57373721577344
"64151_at",2.16691971977276,6.80753033875451,4.7306885974488,3.53171644735389e-06,2.25749067005002e-05,3.56155888381128
"8477_at",2.05621963499903,7.33189447718611,4.6821594491389,4.40373012344372e-06,2.76229057746228e-05,3.35023603061727
"10234_at",2.45211008813963,7.72312676857275,4.68155072466912,4.41588642706537e-06,2.76715199882641e-05,3.34759713859919
"10112_at",2.0239497841963,7.00589645311573,4.68107664487994,4.42537624021427e-06,2.7701274772227e-05,3.34554215046631
"94121_at",2.5556769842248,7.97965374709918,4.68020404335559,4.44289476864881e-06,2.78010055730481e-05,3.34176016044713
"8857_at",3.45872825027326,9.19966079615466,4.67172329785872,4.61667166648658e-06,2.875494111532e-05,3.30503473863048
"301_at",3.14788507017642,10.6655146950566,4.66947017108074,4.66392929222671e-06,2.90183488480147e-05,3.29528728147839
"10369_at",-2.00041136358937,5.68399682005157,-4.65964874692242,4.87542266756863e-06,3.02590414640494e-05,3.25284497738621
"55220_at",2.14847722780487,7.63457394268053,4.65648215804521,4.9455585916933e-06,3.06617635078205e-05,3.23917720652063
"1490_at",2.01976638558689,9.61396591028954,4.65332438887481,5.01646594197204e-06,3.10355095534571e-05,3.22555543584209
"5067_at",-3.58099733906934,6.3635449140827,-4.58925489844433,6.68540751635144e-06,4.02663702883477e-05,2.95089147418489
"1902_at",-2.08627227397731,8.11728915075136,-4.5804911398993,6.95158224251318e-06,4.17261582070303e-05,2.91357622723487
"1277_at",3.39324649867226,7.91060877939011,4.57282154825048,7.19286032010796e-06,4.30270521605912e-05,2.88097026499349
"57758_at",2.0284585074945,7.7458990597693,4.57211978547048,7.21533480118508e-06,4.31320508391442e-05,2.87798919180379
"51412_at",-2.25467155619871,6.34410970401376,-4.56621864421937,7.40701275339054e-06,4.41573852138354e-05,2.85293687582962
"3306_at",-2.68418296551492,9.11485754476367,-4.56588559928991,7.41797522320091e-06,4.42077020527176e-05,2.85152382055851
"965_at",2.29293354190123,7.81535336906291,4.55378998073279,7.82685291146259e-06,4.62668637366627e-05,2.80026434088961
"7272_at",2.12645334900394,6.54210118540788,4.55175957632243,7.89757790992915e-06,4.6637752030771e-05,2.79167128231592
"64092_at",2.06234517608155,7.85882306650487,4.54219187545781,8.23919776632764e-06,4.85732994451478e-05,2.7512234792312
"2258_at",-3.39288077206149,7.87568418489094,-4.53982151505502,8.32600234469706e-06,4.89772244653835e-05,2.74121405529559
"6252_at",-2.7536498597639,10.6266641265455,-4.52260694836143,8.98330550188326e-06,5.25710836499192e-05,2.66865683716558
"80309_at",-2.84294346625339,6.55602992678499,-4.51696623964241,9.20932384266125e-06,5.37322966013062e-05,2.64493381171081
"64881_at",-2.25211987231733,5.68780910196957,-4.49239162224664,1.02593364488135e-05,5.92863138603212e-05,2.54187985952047
"4023_at",2.41208996218326,10.370385180778,4.47617865854019,1.10140094486021e-05,6.31825392829906e-05,2.47415733469981
"771_at",2.64781863963895,8.36613208542025,4.47612736081905,1.10164797197934e-05,6.31825392829906e-05,2.47394339798773
"57628_at",-2.95548865848575,6.30439783695619,-4.46332735749436,1.16497775558687e-05,6.64450540910222e-05,2.42062758759789
"115908_at",3.18095694880221,8.63803395210928,4.4585478000565,1.18950937502666e-05,6.76680649662195e-05,2.40075329664973
"7018_at",-2.9928600161531,9.94060081996652,-4.43632700056402,1.3102171015497e-05,7.37686319912033e-05,2.30859803071523
"23643_at",2.19370194547276,8.50357073015619,4.4337943699975,1.32469818936218e-05,7.45600037410112e-05,2.29811998274954
"2633_at",2.80917794696849,9.14968253853628,4.38020012030359,1.66966956947026e-05,9.17951648183979e-05,2.07761102334883
"23620_at",-2.20426422850495,6.02228765301455,-4.34877017535713,1.91041046437573e-05,0.000103504680708233,1.94938389484956
"5348_at",-2.57600421311147,7.50706061306905,-4.34560622251773,1.93640799641032e-05,0.000104751305410752,1.93652038782765
"84152_at",-2.14846147292599,7.12436901483997,-4.3247102277979,2.11680578526302e-05,0.00011325169413402,1.85177042373336
"5054_at",2.75293797379809,8.00205368772147,4.31994234161974,2.16016537250028e-05,0.000115324960674733,1.83248294569332
"715_at",2.55501801528423,9.3943381112551,4.30092921469622,2.34167497037391e-05,0.000123883299745679,1.75575477312842
"5122_at",-2.65338250138188,7.76505458864429,-4.29583674770019,2.39271427356562e-05,0.000126392715710623,1.73525432043964
"7164_at",-2.20176736811582,7.58858192979633,-4.28848606335949,2.46826667130444e-05,0.000129874842233422,1.70570066863614
"84617_at",2.36334160357593,8.90163637228111,4.27711735449527,2.58962751370452e-05,0.00013581209285667,1.66007991980423
"221074_at",-2.68384975297852,6.15253866471805,-4.27563364689458,2.60588074586352e-05,0.00013652521913754,1.65413389111015
"6591_at",2.30236988683337,7.3597602783011,4.2548165797497,2.84445982647246e-05,0.000147937232577397,1.57089967186871
"9787_at",2.21131723295598,6.05227894856417,4.25055834785443,2.89576972832961e-05,0.000150160224936193,1.55391771302679
"81551_at",-2.41292541021628,8.66538537465336,-4.2406264002568,3.01890490244946e-05,0.000155945612217011,1.51436694439594
"1996_at",-2.58318418510114,8.25918174582469,-4.23163131922434,3.13472849101271e-05,0.000161500253562551,1.47861722690468
"8537_at",-2.44380816995134,7.71003479674844,-4.21663126522014,3.33737133069242e-05,0.000171285819364703,1.41915030223508
"3162_at",2.34402917815663,8.82890852762096,4.2164800649764,3.33947627752497e-05,0.000171293534434241,1.41855182417142
"1012_at",-2.29859963514264,8.16959384560124,-4.17901179770812,3.90207128541893e-05,0.000196867021933039,1.27082939493144
"144453_at",2.14907226476735,6.50696505819732,4.16531681786875,4.12943066772442e-05,0.000207145195515758,1.21712618927147
"64850_at",-3.9623685089642,7.95287281641595,-4.16494674328373,4.13574650028221e-05,0.000207402657826742,1.21567714886884
"79589_at",-2.28746823449871,5.32129103240839,-4.16418210177949,4.14882535984743e-05,0.000207939554137963,1.21268352803521
"57717_at",2.19514235944974,7.62617751459729,4.16055561598691,4.21139390137092e-05,0.000210473626773106,1.19849222111573
"4826_at",-2.12876391001956,6.52782343824287,-4.1468059086427,4.45689339213951e-05,0.000221417149898042,1.14478568397296
"55531_at",-2.24294658643043,8.87499428554428,-4.13176033369845,4.7411485416014e-05,0.000233881538104835,1.08619781251852
"4199_at",-2.2857776565955,7.75181454374654,-4.11969409541151,4.98151820969373e-05,0.000244363475122592,1.03934789306084
"991_at",2.08503554803296,7.25169693462666,4.10835375419813,5.21797821054513e-05,0.00025503486920308,0.995427179010961
"7076_at",2.85922066786781,11.3253920178861,4.07305449583602,6.02436658407225e-05,0.000290478880657591,0.859402515658037
"6447_at",-2.1135074870556,10.5851725095648,-4.01893884986467,7.49471812336947e-05,0.000353498182315115,0.652897451177568
"12_at",2.92390744698074,11.789251718594,4.00040648572109,8.07240945534295e-05,0.000378100268636547,0.582744029493504
"4060_at",3.2453072923576,7.93176287771108,3.99940487038639,8.10480737217022e-05,0.000379313641687657,0.578960702511393
"9071_at",-2.26093091504405,6.9643426153366,-3.99784961386316,8.15535816348596e-05,0.000381229886184202,0.573087824109868
"5730_at",-2.46361386449422,10.8276595333128,-3.98013664314421,8.75262814300431e-05,0.000406106185140272,0.506344973362375
"7422_at",2.36761996851706,9.47629224865479,3.97486554159076,8.93823968468966e-05,0.000413570556899566,0.486534481476179
"857_at",2.17147608591528,9.71225803711792,3.9680294293985,9.18453185853363e-05,0.000424294385568052,0.460877136974747
"27286_at",2.1823276398436,6.92154819782029,3.95536566391441,9.6579029295053e-05,0.000443009852513581,0.413451780903011
"2018_at",-2.11085438671804,5.93780782883564,-3.95210863084603,9.78334338913139e-05,0.000448294534853087,0.401276238475932
"55885_at",-2.76832110436143,9.47141040853431,-3.93428002383787,0.000104978471609828,0.000477662947015955,0.334787930666438
"114769_at",2.12378562141687,7.40423985524492,3.92217036246123,0.000110110934586617,0.000497400605798877,0.289780933370014
"2635_at",2.511458251614,8.48093448859581,3.92095340346524,0.000110639680148969,0.0004996603127985,0.285264838367769
"81031_at",2.38824998247926,7.41337359869947,3.91766029050879,0.000112082575295792,0.000505525295215993,0.273050505525601
"26577_at",2.03216439264595,7.57870851313084,3.90705000079056,0.000116853860173542,0.000524749579108804,0.233758987065479
"286411_at",-2.07435623294433,6.05586532052307,-3.88744454831803,0.000126181004604257,0.000563458463107978,0.161408688816407
"728215_at",-2.23931492301769,6.4746268584652,-3.88169683693864,0.000129046454046198,0.000575228179060964,0.140259793195168
"6648_at",2.02125001470296,9.01320002782751,3.86550876126979,0.00013745178905161,0.000608363006744334,0.0808464102989026
"59353_at",-2.06753024906353,7.70860910232161,-3.84166954397478,0.000150778960231658,0.00065968617972548,-0.00624139215344321
"114786_at",-2.22144826448612,7.06870315792635,-3.84040729142832,0.000151517653794639,0.000662240785921082,-0.0108390458566401
"1114_at",-2.59763644835568,8.15895357372168,-3.82149053222477,0.000163006650584271,0.000705784971539161,-0.079578733859055
"5806_at",3.01467388944969,7.38179189404199,3.79780387916969,0.000178556156832653,0.000764985030751873,-0.165219595792916
"8324_at",2.4025755390145,7.29940240285035,3.7778328930334,0.000192745640083197,0.000820163348807526,-0.237052613884417
"10643_at",2.48751263668759,6.59962937174657,3.76686457349479,0.000200985308059735,0.000851091929056047,-0.276358609719948
"1293_at",3.11080975841344,7.77312988999356,3.76647469887377,0.000201284226991551,0.000852151846976067,-0.277753860099746
"2560_at",-2.83771350095594,8.34800719226818,-3.74631511997604,0.000217325648785392,0.000911042010586357,-0.349721207927804
"934_at",2.62868624500511,8.33393046552851,3.70215852336926,0.000256775526732693,0.00105645649226383,-0.506132426912759
"493869_at",2.16818713878413,6.42747316375984,3.68363862959365,0.000275253520108105,0.00112351384418602,-0.571232661216677
"2065_at",-2.14135533435401,7.0941442194042,-3.67902998430967,0.000280042640516383,0.00113987630291004,-0.587386678549972
"5354_at",-2.52431274330074,11.7666251379366,-3.66281057674076,0.000297528802238948,0.00120239504653955,-0.644092064818926
"3099_at",2.01946845519981,6.65694366987904,3.65902848189972,0.000301751560515378,0.00121721509807895,-0.657282064154322
"7368_at",-2.30701612864129,7.37390542465053,-3.65197135395057,0.00030978221370731,0.00124559597606057,-0.681860554022717
"4837_at",2.94414477975811,8.69137305531378,3.63916415245826,0.000324872381694564,0.00129763861302658,-0.726355058255823
"6347_at",2.45155695139601,8.92561519659216,3.63311243477426,0.00033224102149218,0.0013240537479976,-0.747330300402306
"6014_at",-2.53167450845428,6.48785454576758,-3.62873266480336,0.00033767163572566,0.00134172993864512,-0.762490745424113
"3486_at",2.16048154626989,9.90832572660075,3.62832000940817,0.000338187581238215,0.00134347546155081,-0.763918281374131
"6695_at",-2.20914631989171,10.2834527092646,-3.62542992350418,0.000341821907861116,0.00135576206813347,-0.773912070866959
"2861_at",-2.7736618611535,8.78953619729889,-3.62510714542829,0.000342230078621266,0.00135676692784323,-0.775027772851999
"3485_at",2.7901682016008,9.91739015754471,3.61943244922701,0.000349481340887573,0.0013823876013849,-0.794627921099777
"196410_at",2.58518133587057,8.25558283603354,3.5712073110615,0.000417203372101049,0.00162315727032521,-0.960064795484088
"8601_at",-2.07026846171027,6.7155684923608,-3.52527819253917,0.00049299526334367,0.00187964498164553,-1.11573947365441
"25878_at",2.08775872074592,7.18841930782262,3.51284668916477,0.000515627311244433,0.0019574182118651,-1.15755829342699
"650_at",2.14009501661597,7.76158786698727,3.450080620484,0.000645529607802343,0.00238093380386188,-1.36662979249738
"4016_at",2.11950863213631,7.18791195387499,3.44806064250435,0.000650179455194066,0.00239606713860101,-1.37330077076383
"23671_at",-2.63481087934845,8.36328897443162,-3.44138888313675,0.000665760844372387,0.00244526201159154,-1.39530873807227
"90853_at",2.06477205631304,7.40682273612025,3.41385177938668,0.000733838687463695,0.00267067912690535,-1.48572975435747
"1117_at",2.60535154692628,8.14064190753531,3.37305043493549,0.000846742965869072,0.0030262773170447,-1.61847489759628
"79192_at",2.2758435138048,6.90087445688292,3.35745441961065,0.000894027763875547,0.00317263102195722,-1.66882684282656
"51617_at",-2.81456972466603,8.31131933759348,-3.3346138585949,0.000967732651093649,0.00339840716804616,-1.74217899472439
"4974_at",-2.19252980347968,9.43467980531992,-3.25738139412971,0.00126096445082314,0.00428644762016625,-1.98677693056764
"116154_at",-2.19828043014787,7.96614430114635,-3.2283142890059,0.00139126212825184,0.00467676473376871,-2.07745691774249
"2014_at",2.46374204119483,8.50697180033503,3.22177599490369,0.00142224129136841,0.00476354349585594,-2.09775030248168
"56934_at",-2.42541779497437,6.93656308661206,-3.18082693515631,0.0016312623955482,0.00536821930281136,-2.22397684408351
"10631_at",3.2930482934401,8.1613053718586,3.13976015501399,0.00186912341374336,0.00604430370344646,-2.34905624530606
"10630_at",2.00519894744667,7.74935311811102,3.04022763086623,0.00258452934227015,0.00801327539040666,-2.64590890395244
"3598_at",2.32551637679891,7.52723590588512,2.65467686652756,0.00838637564459705,0.0220769008595453,-3.71067695962586
"4057_at",2.64757284412259,8.48252456358481,2.51275126586085,0.0125336332114499,0.0311377731108551,-4.06812760850184
