"","ensembl_gene_id","hgnc_symbol","entrezgene_id","chromosome_name","start_position","end_position","strand","ID"
"1","ENSG00000152894","PTPRK",5796,"6",127968785,128520616,-1,"387357_at"
"2","ENSG00000227945","PTPRK-AS1",NA,"6",128027886,128085248,1,"387357_at"
"3","ENSG00000301464",NA,NA,"8",111041253,111101805,1,"27012_at"
"4","ENSG00000135390","ATP5MC2",517,"12",53632726,53677408,-1,"9840_at"
"5","ENSG00000213470","RPL31P51",NA,"12",53632788,53633151,-1,"9840_at"
"6","ENSG00000261761","LINC02616",100508631,"4",37001763,37133849,1,"57495_at"
"7","ENSG00000261761","LINC02616",101928721,"4",37001763,37133849,1,"57495_at"
"8","ENSG00000293926","",NA,"4",37073330,37247302,-1,"57495_at"
"9","ENSG00000293998","",NA,"4",37111976,37129687,-1,"57495_at"
"10","ENSG00000013374","NUB1",51667,"7",151341772,151378449,1,"168391_at"
"11","ENSG00000240567","LINC02067",101243545,"3",161426427,161448242,1,"401097_at"
"12","ENSG00000105851","PIK3CG",5294,"7",106865278,106908980,1,"2845_at"
"13","ENSG00000091844","RGS17",26575,"6",153004459,153131282,-1,"7432_at"
"14","ENSG00000204131","NHSL2",340527,"X",71910845,72161750,1,"645974_at"
"15","ENSG00000173200","PARP15",165631,"3",122577628,122639047,1,"9515_at"
"16","ENSG00000170917","NUDT6",11162,"4",122888697,122922968,-1,"132332_at"
"17","ENSG00000122733","PHF24",23349,"9",34957608,34982544,1,"23349_at"
"18","ENSG00000006116","CACNG3",10368,"16",24256335,24362412,1,"10368_at"
"19","ENSG00000242808","SOX2-OT",347689,"3",180989510,181836880,1,"51555_at"
"20","ENSG00000305283",NA,124905959,"2",191499407,191676312,1,"6775_at"
"21","ENSG00000241472","PTPRG-AS1",100506994,"3",62214400,62369406,-1,"55079_at"
"22","ENSG00000114405","CEP15",57415,"3",62319015,62336213,1,"55079_at"
"23","ENSG00000075151","EIF4G3",8672,"1",20806292,21177285,-1,"400745_at"
"24","ENSG00000275385","CCL18",6362,"17",36064272,36072032,1,"125113_at"
"25","ENSG00000178105","DDX10",1662,"11",108665058,108940999,1,"399947_at"
"26","ENSG00000232527","LINC02802",100996732,"1",144135212,144250375,-1,"284615_at"
"27","ENSG00000232527","LINC02802",107985200,"1",144135212,144250375,-1,"284615_at"
"28","ENSG00000275767","",NA,"1",144179777,144211729,1,"284615_at"
"29","ENSG00000203709","MIR29B2CHG",NA,"1",207760650,207879121,-1,"57172_at"
"30","ENSG00000196090","PTPRT",11122,"20",42072752,43189970,-1,"3787_at"
"31","ENSG00000182601","HS3ST4",9951,"16",25691959,26137685,1,"9951_at"
"32","ENSG00000156983","BRPF1",7862,"3",9731729,9748019,1,"151835_at"
"33","ENSG00000120669","SOHLH2",54937,"13",36168217,36214588,-1,"400120_at"
"34","ENSG00000250709","CCDC169-SOHLH2",100526761,"13",36168794,36297842,-1,"400120_at"
"35","ENSG00000005175","RPAP3",79657,"12",47661249,47706030,-1,"23109_at"
"36","ENSG00000154162","CDH12",1010,"5",21750673,22853344,-1,"1010_at"
"37","ENSG00000257315","ZBED6",100381270,"1",203795623,203854124,1,"148808_at"
"38","ENSG00000058673","ZC3H11A",9877,"1",203795623,203854999,1,"148808_at"
"39","ENSG00000069424","KCNAB2",8514,"1",5990927,6101193,1,"26038_at"
"40","ENSG00000134343","ANO3",63982,"11",26188842,26663289,1,"63982_at"
"41","ENSG00000300991","",NA,"11",26622026,26640977,-1,"63982_at"
"42","ENSG00000228963","OR7E93P",NA,"3",125724539,125725445,1,"8997_at"
"43","ENSG00000239978","OR7E53P",NA,"3",125734295,125735198,1,"8997_at"
"44","ENSG00000179170","OR7E97P",NA,"3",125747084,125748098,1,"8997_at"
"45","ENSG00000239432","VPS51P6",NA,"3",125756086,125756462,1,"8997_at"
"46","ENSG00000284624","",NA,"3",125758965,125911791,1,"8997_at"
"47","ENSG00000284660","",NA,"3",125766601,125766818,1,"8997_at"
"48","ENSG00000241288","LINC02614",101927056,"3",125782336,125916427,-1,"8997_at"
"49","ENSG00000239804","RPS24P9",NA,"3",125787888,125788146,-1,"8997_at"
"50","ENSG00000221737","MIR548I1",100302204,"3",125790404,125790552,-1,"8997_at"
"51","ENSG00000242229","RPS3AP14",NA,"3",125795106,125795885,1,"8997_at"
"52","ENSG00000287617","",NA,"3",125799887,125800616,-1,"8997_at"
"53","ENSG00000241346","SNRPCP11",NA,"3",125816082,125816286,-1,"8997_at"
"54","ENSG00000241278","ENPP7P4",NA,"3",125848223,125909372,1,"8997_at"
"55","ENSG00000291071","FAM86JP",100125556,"3",125915413,125944291,1,"8997_at"
"56","ENSG00000171084","FAM86JP",NA,"3",125916624,125928595,1,"8997_at"
"57","ENSG00000177103","DSCAML1",57453,"11",117427772,117817525,-1,"6327_at"
"58","ENSG00000089154","GCN1",10985,"12",120127202,120194715,-1,"10645_at"
"59","ENSG00000248636",NA,105370027,"12",119361247,119668508,-1,"9478_at"
"60","ENSG00000095637","SORBS1",10580,"10",95311771,95561414,-1,"5950_at"
"61","ENSG00000127324","TSPAN8",7103,"12",71125085,71441898,-1,"29953_at"
"62","ENSG00000140391","TSPAN3",10099,"15",77041404,77083984,-1,"5923_at"
"63","ENSG00000259652","",NA,"15",77043680,77045160,1,"5923_at"
"64","ENSG00000278991","",NA,"15",77063397,77064910,-1,"5923_at"
"65","ENSG00000155307","SAMSN1",64092,"21",14485228,14658821,-1,"54033_at"
"66","ENSG00000287260",NA,101928868,"6",154510752,154522383,1,"26034_at"
"67","ENSG00000204529","GUCY2EP",NA,"11",76694041,76719801,-1,"5058_at"
"68","ENSG00000299592","",NA,"11",76709968,76711749,-1,"5058_at"
"69","ENSG00000290785","",NA,"11",76712396,76719608,-1,"5058_at"
"70","ENSG00000254632","",NA,"11",76750468,76769806,-1,"5058_at"
"71","ENSG00000309978","",105369397,"11",76752666,76758304,1,"5058_at"
"72","ENSG00000255100","TSKU-AS1",NA,"11",76782212,76783118,-1,"5058_at"
"73","ENSG00000182704","TSKU",25987,"11",76782251,76798153,1,"5058_at"
"74","ENSG00000295708","",NA,"11",76798884,76799584,-1,"5058_at"
"75","ENSG00000261578","",NA,"11",76800364,76804555,1,"5058_at"
"76","ENSG00000078124","ACER3",55331,"11",76860859,77026797,1,"5058_at"
"77","ENSG00000183111","ARHGEF37",389337,"5",149551947,149634968,1,"815_at"
"78","ENSG00000197535","MYO5A",4644,"15",52307281,52529132,-1,"440279_at"
"79","ENSG00000298318","",NA,"15",52417690,52510306,1,"440279_at"
"80","ENSG00000231169","EEF1B2P1",NA,"15",52505191,52505862,1,"440279_at"
"81","ENSG00000128989","ARPP19",10776,"15",52547045,52569883,-1,"440279_at"
"82","ENSG00000260618","",NA,"15",52577842,52598709,1,"440279_at"
"83","ENSG00000047346","ATOSA",56204,"15",52581317,52709817,-1,"440279_at"
"84","ENSG00000259935","",NA,"15",52648634,52649866,-1,"440279_at"
"85","ENSG00000287500","",NA,"15",52679474,52690077,1,"440279_at"
"86","ENSG00000054654","SYNE2",23224,"14",63761899,64226433,1,"9495_at"
"87","ENSG00000100302","RASD2",23551,"22",35540831,35553999,1,"5816_at"
"88","ENSG00000174943","KCTD13",253980,"16",29905012,29926236,-1,"8448_at"
"89","ENSG00000137801","THBS1",7057,"15",39581079,39599466,1,"3706_at"
"90","ENSG00000111802","TDP2",51567,"6",24649979,24666930,-1,"9856_at"
"91","ENSG00000261097","LINC00563",100861554,"13",46275657,46321758,-1,"3356_at"
"92","ENSG00000259905","PWRN1",791114,"15",24101827,24823365,1,"727729_at"
"93","ENSG00000259905","PWRN1",101928840,"15",24101827,24823365,1,"727729_at"
"94","ENSG00000286110","",NA,"15",24558060,24912924,1,"727729_at"
"95","ENSG00000185823","NPAP1",23742,"15",24675775,24683393,1,"727729_at"
"96","ENSG00000185352","HS6ST3",266722,"13",96090107,96839562,1,"266722_at"
"97","ENSG00000130287","NCAN",1463,"19",19211958,19252233,1,"404037_at"
"98","ENSG00000116962","NID1",4811,"1",235975830,236065109,-1,"6262_at"
"99","ENSG00000305077",NA,NA,"2",155363553,155512558,1,"3760_at"
"100","ENSG00000174842","GLMN",11146,"1",92246402,92298987,-1,"253152_at"
"101","ENSG00000122484","RPAP2",79871,"1",92299059,92402056,1,"253152_at"
"102","ENSG00000130363","RSPH3",83861,"6",158970084,159000202,-1,"6993_at"
"103","ENSG00000277149","TYW1B",441250,"7",72558744,72828200,-1,"6804_at"
"104","ENSG00000295492","",NA,"1",40847981,40860864,-1,"9783_at"
"105","ENSG00000179862","CITED4",163732,"1",40861054,40862363,-1,"9783_at"
"106","ENSG00000229528","",NA,"1",40863914,40876670,1,"9783_at"
"107","ENSG00000215039","CD27-AS1",678655,"12",6439001,6452092,-1,"6843_at"
"108","ENSG00000139193","CD27",939,"12",6444955,6451718,1,"6843_at"
"109","ENSG00000187955","COL14A1",7373,"8",120059780,120373573,1,"114569_at"
"110","ENSG00000253796",NA,101927413,"8",108871128,109063417,-1,"340419_at"
"111","ENSG00000310215",NA,NA,"2",101327986,101343963,1,"200407_at"
"112","ENSG00000293852",NA,NA,"5",143739350,143886754,-1,"57528_at"
"113","ENSG00000100385","IL2RB",3560,"22",37118666,37175118,-1,"3761_at"
"114","ENSG00000297387",NA,NA,"10",101139364,101168275,1,"26507_at"
"115","ENSG00000183454","GRIN2A",2903,"16",9753404,10183337,-1,"2903_at"
"116","ENSG00000302675",NA,NA,"1",22288076,22329608,1,"998_at"
"117","ENSG00000137509","PRCP",5547,"11",82822936,82970584,-1,"1740_at"
"118","ENSG00000297387",NA,NA,"10",101139364,101168275,1,"2805_at"
"119","ENSG00000285648",NA,NA,"17",73865818,74040859,-1,"8632_at"
"120","ENSG00000288006",NA,NA,"17",73912190,73931436,1,"8632_at"
"121","ENSG00000093183","SEC22C",9117,"3",42547969,42601080,-1,"7433_at"
"122","ENSG00000123473","STIL",6491,"1",47250139,47314892,-1,"260293_at"
"123","ENSG00000099308","MAST3",23031,"19",18097778,18151692,1,"23031_at"
"124","ENSG00000297168","",NA,"19",18122228,18123280,-1,"23031_at"
"125","ENSG00000235481","UBE2R2-AS1",NA,"9",33732970,33818836,-1,"5646_at"
"126","ENSG00000010438","PRSS3",5646,"9",33750679,33799231,1,"5646_at"
"127","ENSG00000260834",NA,NA,"16",65163472,65235088,-1,"123920_at"
"128","ENSG00000074211","PPP2R2C",5522,"4",6320578,6563600,-1,"5522_at"
"129","ENSG00000259905","PWRN1",791114,"15",24101827,24823365,1,"2558_at"
"130","ENSG00000259905","PWRN1",101928840,"15",24101827,24823365,1,"2558_at"
"131","ENSG00000286110","",NA,"15",24558060,24912924,1,"2558_at"
"132","ENSG00000167925","GHDC",84514,"17",42188799,42194513,-1,"4905_at"
"133","ENSG00000241881",NA,NA,"7",142248530,142288881,1,"2051_at"
"134","ENSG00000077232","DNAJC10",54431,"2",182716255,182794464,1,"5136_at"
"135","ENSG00000232430","RPL31P15",NA,"2",182788098,182788435,1,"5136_at"
"136","ENSG00000121210","TMEM131L",23240,"4",153466346,153636711,1,"55294_at"
"137","ENSG00000079102","RUNX1T1",862,"8",91954972,92103385,-1,"64168_at"
"138","ENSG00000006740","ARHGAP44",9912,"17",12789498,12991643,1,"9912_at"
"139","ENSG00000099812","MISP",126353,"19",751112,764318,1,"5725_at"
"140","ENSG00000091181","IL5RA",3568,"3",3066324,3126613,-1,"152330_at"
"141","ENSG00000168453","HR",55806,"8",22114419,22133384,-1,"9796_at"
"142","ENSG00000103184","SEC14L5",9717,"16",4958330,5019157,1,"9717_at"
"143","ENSG00000302368",NA,NA,"1",35770087,35806944,1,"23154_at"
"144","ENSG00000078328","RBFOX1",54715,"16",5239802,7713340,1,"54715_at"
"145","ENSG00000301273","",NA,"16",7693420,7817270,-1,"54715_at"
"146","ENSG00000172995","ARPP21",10777,"3",35638945,35794496,1,"10777_at"
"147","ENSG00000207625","MIR128-2",406916,"3",35744476,35744559,1,"10777_at"
"148","ENSG00000305283",NA,124905959,"2",191499407,191676312,1,"2744_at"
"149","ENSG00000073464","CLCN4",1183,"X",10156975,10237660,1,"1183_at"
"150","ENSG00000164713","BRI3",25798,"7",98252379,98310441,1,"222865_at"
"151","ENSG00000189108","IL1RAPL2",26280,"X",104566199,105767829,1,"139221_at"
"152","ENSG00000166813","KIF7",374654,"15",89608789,89663086,-1,"9899_at"
"153","ENSG00000288952",NA,NA,"3",12178692,12234307,-1,"6854_at"
"154","ENSG00000275700","AATF",26574,"17",36948925,37056871,1,"3872_at"
"155","ENSG00000287907",NA,NA,"18",68237100,68535279,-1,"147381_at"
"156","ENSG00000130227","XPO7",23039,"8",21919662,22006585,1,"2039_at"
"157","ENSG00000100154","TTC28",23331,"22",27978014,28679840,-1,"10740_at"
"158","ENSG00000224015",NA,NA,"5",132129951,132181241,-1,"134548_at"
"159","ENSG00000133816","MICAL2",9645,"11",12094008,12362140,1,"9645_at"
"160","ENSG00000077254","USP33",23032,"1",77695987,77759852,-1,"26289_at"
"161","ENSG00000232672","ACTG1P21",NA,"1",77773865,77774864,-1,"26289_at"
"162","ENSG00000180488","MIGA1",374986,"1",77779624,77879540,1,"26289_at"
"163","ENSG00000222849","RNA5SP21",NA,"1",77779904,77779999,1,"26289_at"
"164","ENSG00000019485","PRDM11",56981,"11",45095806,45235110,1,"57586_at"
"165","ENSG00000254664","",NA,"11",45213022,45238180,-1,"57586_at"
"166","ENSG00000132932","ATP8A2",51761,"13",25371974,26025851,1,"51761_at"
"167","ENSG00000179057","IGSF22",283284,"11",18704312,18726230,-1,"84867_at"
"168","ENSG00000254966","IGSF22-AS1",NA,"11",18706474,18740568,1,"84867_at"
"169","ENSG00000269825","",122539214,"19",52594060,52690559,-1,"6543_at"
"170","ENSG00000290073","",NA,"19",52601259,52633359,1,"6543_at"
"171","ENSG00000167766","ZNF83",55769,"19",52612377,52638388,-1,"6543_at"
"172","ENSG00000234323","LINC01505",100996590,"9",105993247,106771335,1,"19_at"
"173","ENSG00000234323","LINC01505",107987108,"9",105993247,106771335,1,"19_at"
"174","ENSG00000229297","",NA,"9",106584142,106591952,-1,"19_at"
"175","ENSG00000280739","EIF1B-AS1",285266,"3",40061110,40453341,-1,"956_at"
"176","ENSG00000280739","EIF1B-AS1",440952,"3",40061110,40453341,-1,"956_at"
"177","ENSG00000280739","ENTPD3-AS1",285266,"3",40061110,40453341,-1,"956_at"
"178","ENSG00000280739","ENTPD3-AS1",440952,"3",40061110,40453341,-1,"956_at"
"179","ENSG00000228022","HCG20",105375013,"6",30743790,30792250,1,"170954_at"
"180","ENSG00000228063","LYPLAL1-DT",643723,"1",218894466,219173961,-1,"79762_at"
"181","ENSG00000260412","",NA,"9",27937617,27944497,-1,"158038_at"
"182","ENSG00000174482","LINGO2",158038,"9",27937617,29213601,-1,"158038_at"
"183","ENSG00000185049","NELFA",7469,"4",1982717,2041903,-1,"339983_at"
"184","ENSG00000116991","SIPA1L2",57568,"1",232397965,232630571,-1,"148641_at"
"185","ENSG00000090097","PCBP4",57060,"3",51957454,51974016,-1,"118442_at"
"186","ENSG00000272762","",NA,"3",51961212,51974031,-1,"118442_at"
"187","ENSG00000111218","PRMT8",56341,"12",3381349,3593973,1,"56341_at"
"188","ENSG00000148935","GAS2",2620,"11",22625509,22813001,1,"258010_at"
"189","ENSG00000166012","TAF1D",79101,"11",93729948,93784391,-1,"10888_at"
"190","ENSG00000182919","C11orf54",28970,"11",93741591,93764749,1,"10888_at"
"191","ENSG00000284057","",NA,"11",93741664,93812378,1,"10888_at"
"192","ENSG00000145012","LPP",4026,"3",188153284,188890671,1,"6750_at"
"193","ENSG00000176834","VSIG10",54621,"12",118063593,118136026,-1,"84530_at"
"194","ENSG00000068383","INPP5A",3632,"10",132537787,132783480,1,"256536_at"
"195","ENSG00000130962","PRRG1",5638,"X",37349309,37492702,1,"7504_at"
"196","ENSG00000250349","",NA,"X",37349330,38687674,1,"7504_at"
"197","ENSG00000158887","MPZ",4359,"1",161304735,161309968,-1,"5999_at"
"198","ENSG00000105963","ADAP1",11033,"7",897900,955407,-1,"11033_at"
"199","ENSG00000240230","COX19",90639,"7",898778,975549,-1,"11033_at"
"200","ENSG00000149646","CNBD2",140894,"20",35954564,36030700,1,"128434_at"
"201","ENSG00000253535","ADAM7-AS1",NA,"8",24169001,24912073,-1,"4741_at"
"202","ENSG00000224943","LINC02819",NA,"1",159466321,159558377,1,"654790_at"
"203","ENSG00000289484","",NA,"1",159501664,159581517,-1,"654790_at"
"204","ENSG00000100084","HIRA",7290,"22",19330698,19447450,-1,"5297_at"
"205","ENSG00000242259","C22orf39",128977,"22",19351368,19447711,-1,"5297_at"
"206","ENSG00000173681","BCLAF3",256643,"X",19912860,19991061,-1,"256714_at"
"207","ENSG00000229066",NA,NA,"2",175257250,175463180,1,"1123_at"
"208","ENSG00000149596","JPH2",57158,"20",44106590,44187188,-1,"57468_at"
"209","ENSG00000146151","HMGCLL1",54511,"6",55434373,55579197,-1,"54511_at"
"210","ENSG00000296793","",NA,"6",55451657,55490187,1,"54511_at"
"211","ENSG00000172602","RND1",27289,"12",48857145,48865870,-1,"51474_at"
"212","ENSG00000300944","",NA,"12",48882416,48883360,-1,"51474_at"
"213","ENSG00000309720","",NA,"12",48890776,48903996,1,"51474_at"
"214","ENSG00000199394","RNU6-600P",NA,"12",48892130,48892228,-1,"51474_at"
"215","ENSG00000239617","RPL32P27",NA,"12",48903418,48903813,-1,"51474_at"
"216","ENSG00000272822","",NA,"12",48903503,48957365,-1,"51474_at"
"217","ENSG00000139537","CCDC65",85478,"12",48904110,48931840,1,"51474_at"
"218","ENSG00000134285","FKBP11",51303,"12",48921518,48926474,-1,"51474_at"
"219","ENSG00000134287","ARF3",377,"12",48935723,48957487,-1,"51474_at"
"220","ENSG00000068308","OTUD5",55593,"X",48922024,48958386,-1,"6855_at"
"221","ENSG00000140623","SEPTIN12",124404,"16",4777606,4788398,-1,"79641_at"
"222","ENSG00000285952","",NA,"16",4777939,4801423,-1,"79641_at"
"223","ENSG00000167930","FAM234A",83986,"16",234521,272183,1,"398_at"
"224","ENSG00000076344","RGS11",8786,"16",268301,275980,-1,"398_at"
"225","ENSG00000286901","",NA,"16",268727,282084,1,"398_at"
"226","ENSG00000156170","NDUFAF6",137682,"8",94895533,95116455,1,"54704_at"
"227","ENSG00000142609","CFAP74",85452,"1",1921951,2003837,-1,"2563_at"
"228","ENSG00000198964","SGMS1",259230,"10",50305586,50625163,-1,"55753_at"
"229","ENSG00000072182","ASIC4",55515,"2",219514170,219538772,1,"8941_at"
"230","ENSG00000066651","TRMT11",60487,"6",125986479,126203817,1,"135112_at"
"231","ENSG00000213133","PPP1R14BP5",NA,"6",126257921,126258355,-1,"135112_at"
"232","ENSG00000166068","SPRED1",161742,"15",38252836,38357249,1,"56924_at"
"233","ENSG00000071242","RPS6KA2",6196,"6",166409364,166906451,-1,"285800_at"
"234","ENSG00000294646","",NA,"6",166633914,166649096,1,"285800_at"
"235","ENSG00000140945","CDH13",1012,"16",82626965,83800640,1,"9764_at"
"236","ENSG00000261103","",NA,"16",83678043,83717921,-1,"9764_at"
"237","ENSG00000264324","",NA,"2",74211604,74363377,-1,"10797_at"
"238","ENSG00000188687","SLC4A5",57835,"2",74216242,74343416,-1,"10797_at"
"239","ENSG00000158856","DMTN",2039,"8",22048995,22082527,1,"203190_at"
"240","ENSG00000077044","DGKD",8527,"2",233354494,233472104,1,"25791_at"
"241","ENSG00000302812","",NA,"2",233466444,233472197,-1,"25791_at"
"242","ENSG00000085982","USP40",55230,"2",233475526,233566782,-1,"25791_at"
"243","ENSG00000274002",NA,NA,"14",23578017,23620014,1,"9362_at"
"244","ENSG00000132359","RAP1GAP2",23108,"17",2755705,3037741,1,"23108_at"
"245","ENSG00000133083","DCLK1",9201,"13",35768652,36131382,-1,"8900_at"
"246","ENSG00000126246","IGFLR1",79713,"19",35738801,35742453,-1,"9745_at"
"247","ENSG00000267120","",NA,"19",35739252,35745432,-1,"9745_at"
"248","ENSG00000294474",NA,NA,"2",208915348,209301691,-1,"5746_at"
"249","ENSG00000172260","NEGR1",257194,"1",71395943,72282539,-1,"257194_at"
"250","ENSG00000104972","LILRB1",10859,"19",54617158,54638022,1,"57030_at"
"251","ENSG00000151952","TMEM132D",121256,"12",129071725,129904025,-1,"23504_at"
"252","ENSG00000151090","THRB",7068,"3",24117153,24495756,-1,"7068_at"
"253","ENSG00000289130","THRB-AS2",NA,"3",24137810,24324470,1,"7068_at"
"254","ENSG00000150995","ITPR1",3708,"3",4493345,4847506,1,"3708_at"
"255","ENSG00000235978","",124906209,"3",4764242,4887293,-1,"3708_at"
"256","ENSG00000310032",NA,NA,"2",73268881,73351167,1,"150726_at"
"257","ENSG00000105219","CCNP",79935,"19",40222208,40226697,-1,"6324_at"
"258","ENSG00000177990","DPY19L2",283417,"12",63558913,63668939,-1,"23329_at"
"259","ENSG00000164062","APEH",327,"3",49674014,49683971,1,"8927_at"
"260","ENSG00000308290","",NA,"16",31390825,31404705,-1,"7041_at"
"261","ENSG00000156886","ITGAD",3681,"16",31393335,31426505,1,"7041_at"
"262","ENSG00000145990","GFOD1",54438,"6",13357830,13487662,-1,"54438_at"
"263","ENSG00000110427","KIAA1549L",25758,"11",33376108,33674102,1,"120196_at"
"264","ENSG00000163630","SYNPR",132204,"3",63228315,63616924,1,"132204_at"
"265","ENSG00000241359","SYNPR-AS1",100874016,"3",63421300,63645637,-1,"132204_at"
"266","ENSG00000162591","MEGF6",1953,"1",3487951,3611508,-1,"127262_at"
"267","ENSG00000168297","PXK",54899,"3",58332880,58426127,1,"54899_at"
"268","ENSG00000275607","WDR53P1",NA,"3",58379217,58379525,-1,"54899_at"
"269","ENSG00000250447","LINC02105",105378966,"5",53761035,53819722,-1,"8988_at"
"270","ENSG00000110002","VWA5A",4013,"11",124115404,124147721,1,"4900_at"
"271","ENSG00000138639","ARHGAP24",83478,"4",85475150,86002668,1,"1040_at"
"272","ENSG00000174469","CNTNAP2",26047,"7",146116002,148420998,1,"26047_at"
"273","ENSG00000145075",NA,NA,"3",180614008,180870933,-1,"86_at"
"274","ENSG00000285336",NA,101928882,"3",180707589,180871005,-1,"86_at"
"275","ENSG00000065923","SLC9A7",84679,"X",46599251,46759118,-1,"6102_at"
"276","ENSG00000181215","C4orf50",389197,"4",5897373,6200555,-1,"152789_at"
"277","ENSG00000152969","JAKMIP1",152789,"4",6026199,6200591,-1,"152789_at"
"278","ENSG00000214960","CRPPA",729920,"7",16087525,16502504,-1,"25928_at"
"279","ENSG00000272537","",105375168,"7",16420699,16471375,1,"25928_at"
"280","ENSG00000171243","SOSTDC1",25928,"7",16461481,16530580,-1,"25928_at"
"281","ENSG00000154027","AK5",26289,"1",77282019,77559966,1,"81849_at"
"282","ENSG00000166960","CCDC178",374864,"18",32937402,33441101,-1,"56853_at"
"283","ENSG00000256659","LINC02368",101927694,"12",128116730,128123103,1,"121256_at"
"284","ENSG00000100154","TTC28",23331,"22",27978014,28679840,-1,"4744_at"
"285","ENSG00000157542","KCNJ6",3763,"21",37607373,38121345,-1,"3763_at"
"286","ENSG00000117394","SLC2A1",6513,"1",42925353,42958893,-1,"4904_at"
"287","ENSG00000213619","NDUFS3",4722,"11",47565336,47584562,1,"114900_at"
"288","ENSG00000110536","PTPMT1",114971,"11",47565430,47573461,1,"114900_at"
"289","ENSG00000089775","ZBTB25",7597,"14",64449106,64505213,-1,"376267_at"
"290","ENSG00000130309","COLGALT1",79709,"19",17555649,17583162,1,"23025_at"
"291","ENSG00000228566",NA,124902438,"10",63664657,64693794,1,"22891_at"
"292","ENSG00000228566",NA,124902439,"10",63664657,64693794,1,"22891_at"
"293","ENSG00000184454","NCMAP",400746,"1",24556087,24609328,1,"90529_at"
"294","ENSG00000165973","NELL1",4745,"11",20669551,21575686,1,"4745_at"
"295","ENSG00000298937",NA,NA,"4",167882577,167896215,-1,"50859_at"
"296","ENSG00000206077","ZDHHC11B",653082,"5",710355,784729,-1,"11076_at"
"297","ENSG00000157087","ATP2B2",491,"3",10324023,10708007,-1,"491_at"
"298","ENSG00000283290","",NA,"14",24352057,24352157,-1,"29091_at"
"299","ENSG00000100968","NFATC4",4776,"14",24365673,24379604,1,"29091_at"
"300","ENSG00000143322","ABL2",27,"1",179099330,179229684,-1,"9213_at"
"301","ENSG00000129521","EGLN3",112399,"14",33924227,34462774,-1,"11177_at"
"302","ENSG00000136237","RAPGEF5",9771,"7",22118236,22357154,-1,"9771_at"
"303","ENSG00000187840","EIF4EBP1",1978,"8",38030534,38060365,1,"1978_at"
"304","ENSG00000302260",NA,NA,"X",75523237,75669365,1,"57692_at"
"305","ENSG00000275793","RIMBP3",85376,"22",18605815,18611919,-1,"65078_at"
"306","ENSG00000293508","POLR1HASP",80862,"6",29862624,30067051,-1,"3105_at"
"307","ENSG00000157827","FMNL2",114793,"2",152335174,152649826,1,"785_at"
"308","ENSG00000293610",NA,NA,"9",73594988,74088787,-1,"9615_at"
"309","ENSG00000303235",NA,105376086,"9",73909353,74083612,1,"9615_at"
"310","ENSG00000230537","LINC02937",105379829,"9",90927338,91213102,-1,"349236_at"
"311","ENSG00000235641","LINC00484",100129347,"9",91118361,91183601,1,"349236_at"
"312","ENSG00000149091","DGKZ",8525,"11",46332905,46380554,1,"8525_at"
"313","ENSG00000134539","KLRD1",3824,"12",10226058,10329608,1,"23710_at"
"314","ENSG00000309652","",NA,"12",10261282,10272663,-1,"23710_at"
"315","ENSG00000184305","CCSER1",401145,"4",90127394,91605295,1,"6622_at"
"316","ENSG00000100266","PACSIN2",11252,"22",42835412,43015149,-1,"85352_at"
"317","ENSG00000011638","LDAF1",57146,"16",21158377,21180616,1,"1428_at"
"318","ENSG00000196405","EVL",51466,"14",99971449,100144236,1,"57596_at"
"319","ENSG00000258560","",NA,"14",100052803,100074878,-1,"57596_at"
"320","ENSG00000235024","CDK5R2-AS1",101928537,"2",218899739,218962135,-1,"25953_at"
"321","ENSG00000288898","",124906119,"2",218908822,218943574,1,"25953_at"
"322","ENSG00000156650","KAT6B",23522,"10",74824927,75032624,1,"5532_at"
"323","ENSG00000111907","TPD52L1",7164,"6",125119049,125264407,1,"154215_at"
"324","ENSG00000310237","",100126584,"6",125182932,125197834,-1,"154215_at"
"325","ENSG00000142002","DPP9",91039,"19",4674341,4724673,-1,"284424_at"
"326","ENSG00000250917","",NA,"20",34234840,34281173,-1,"2036_at"
"327","ENSG00000101444","AHCY",191,"20",34280268,34311802,-1,"2036_at"
"328","ENSG00000272945","",NA,"20",34281632,34286466,-1,"2036_at"
"329","ENSG00000148358","GPR107",57720,"9",130053426,130140169,1,"1759_at"
"330","ENSG00000185760","KCNQ5",56479,"6",72621792,73198853,1,"22999_at"
"331","ENSG00000149639","MTCL2",140710,"20",36777447,36863538,-1,"140679_at"
"332","ENSG00000303122","",NA,"3",168990131,169080099,-1,"5274_at"
"333","ENSG00000241383","LINC01997",NA,"3",169003013,169038416,1,"5274_at"
"334","ENSG00000229630","LINC01264",104266963,"10",42979015,43026380,-1,"221002_at"
"335","ENSG00000213904","LIPE-AS1",100996307,"19",42387222,42796422,1,"163255_at"
"336","ENSG00000238092","CEACAMP6",NA,"19",42781206,42786595,-1,"163255_at"
"337","ENSG00000051596","THOC3",84321,"5",175917873,176034680,-1,"6620_at"
"338","ENSG00000250801","THOC3-AS1",NA,"5",175972123,175987670,1,"6620_at"
"339","ENSG00000254404",NA,NA,"11",62213427,62260549,-1,"2785_at"
"340","ENSG00000198121","LPAR1",1902,"9",110873263,111038470,-1,"23732_at"
"341","ENSG00000302567",NA,NA,"14",41345220,41490089,1,"145581_at"
"342","ENSG00000309757","",NA,"9",129476831,129495729,-1,"6812_at"
"343","ENSG00000204054","LINC00963",124900275,"9",129476946,129513769,1,"6812_at"
"344","ENSG00000169760","NLGN1",22871,"3",173396284,174294372,1,"57552_at"
"345","ENSG00000164893","SLC7A13",157724,"8",86214063,86321146,-1,"1875_at"
"346","ENSG00000223813","PRR15-DT",NA,"7",29471325,29685255,-1,"1124_at"
"347","ENSG00000188033","ZNF490",57474,"19",12576100,12640098,-1,"4125_at"
"348","ENSG00000173875","ZNF791",163049,"19",12610918,12633840,1,"4125_at"
"349","ENSG00000163029","SMC6",79677,"2",17663812,17800242,-1,"7447_at"
"350","ENSG00000174469","CNTNAP2",26047,"7",146116002,148420998,1,"2146_at"
"351","ENSG00000310297","",NA,"7",148108998,148155320,-1,"2146_at"
"352","ENSG00000286074","",NA,"4",76147980,76200666,1,"25849_at"
"353","ENSG00000138760","SCARB2",950,"4",76158737,76234536,-1,"25849_at"
"354","ENSG00000258084",NA,NA,"12",78250683,78483030,1,"6857_at"
"355","ENSG00000269982",NA,NA,"3",9958717,9962539,1,"285368_at"
"356","ENSG00000305907",NA,NA,"19",53831821,53837312,1,"770_at"
"357","ENSG00000229140","CCDC26",137196,"8",128634199,129723023,-1,"4609_at"
"358","ENSG00000229140","CCDC26",728724,"8",128634199,129723023,-1,"4609_at"
"359","ENSG00000229140","CCDC26",106144608,"8",128634199,129723023,-1,"4609_at"
"360","ENSG00000175348","TMEM9B",56674,"11",8947202,8965011,-1,"56675_at"
"361","ENSG00000127152","BCL11B",64919,"14",99169287,99272197,-1,"10858_at"
"362","ENSG00000235785","",NA,"14",99262625,99264735,1,"10858_at"
"363","ENSG00000064787","BCAS1",8537,"20",53936777,54070594,-1,"140689_at"
"364","ENSG00000021645","NRXN3",9369,"14",78170373,79868291,1,"9369_at"
"365","ENSG00000156931","VPS8",23355,"3",184812143,185052614,1,"79929_at"
"366","ENSG00000272168","CASC15",105374971,"6",21664164,22660021,1,"6659_at"
"367","ENSG00000203601","LINC00970",NA,"1",168695874,169103307,-1,"5396_at"
"368","ENSG00000293597","LINC00970",101978719,"1",168763354,169103304,-1,"5396_at"
"369","ENSG00000173599","PC",5091,"11",66848417,66958386,-1,"57571_at"
"370","ENSG00000219626","FAM228B",375190,"2",24076526,24169640,1,"2281_at"
"371","ENSG00000276087","",NA,"2",24124366,24190436,1,"2281_at"
"372","ENSG00000272442","",NA,"6",44273194,44378957,1,"441151_at"
"373","ENSG00000249481","SPATS1",221409,"6",44342650,44380179,1,"441151_at"
"374","ENSG00000149124","GLYAT",10249,"11",58640426,58731974,-1,"63901_at"
"375","ENSG00000307338",NA,NA,"15",30801439,30824788,1,"26585_at"
"376","ENSG00000219626","FAM228B",375190,"2",24076526,24169640,1,"9540_at"
"377","ENSG00000276087","",NA,"2",24124366,24190436,1,"9540_at"
"378","ENSG00000151743","AMN1",196394,"12",31671142,31729121,-1,"196394_at"
"379","ENSG00000276058","STMN1P1",NA,"12",31715342,31715781,-1,"196394_at"
"380","ENSG00000288587",NA,NA,"6",31400702,31463705,1,"3106_at"
"381","ENSG00000237233","TMEM26-AS1",NA,"10",61452639,61493433,1,"288_at"
"382","ENSG00000288052","",NA,"10",61493843,61496877,1,"288_at"
"383","ENSG00000295150",NA,NA,"4",79702757,79744345,-1,"306_at"
"384","ENSG00000257398",NA,NA,"12",107809482,107864843,-1,"55530_at"
"385","ENSG00000187699","C2orf88",84281,"2",189879609,190203484,1,"30061_at"
"386","ENSG00000166501","PRKCB",5579,"16",23835983,24220611,1,"5579_at"
"387","ENSG00000197442","MAP3K5",4217,"6",136557046,136793097,-1,"9053_at"
"388","ENSG00000298396",NA,NA,"6",31271075,31356405,1,"3107_at"
"389","ENSG00000176842","IRX5",10265,"16",54930865,54934485,1,"2775_at"
"390","ENSG00000259725","",NA,"16",54931739,54938692,-1,"2775_at"
"391","ENSG00000259711","",NA,"16",54934837,54954671,1,"2775_at"
"392","ENSG00000286836",NA,NA,"2",215178791,215310947,-1,"580_at"
"393","ENSG00000196408","NOXO1",124056,"16",1978917,1984192,-1,"9143_at"
"394","ENSG00000127554","GFER",2671,"16",1984193,1987749,1,"9143_at"
"395","ENSG00000255191","",NA,"11",69985876,70015815,1,"22941_at"
"396","ENSG00000131620","ANO1",55107,"11",69985907,70189530,1,"22941_at"
"397","ENSG00000254605","",NA,"11",70012962,70021059,-1,"22941_at"
"398","ENSG00000164976","MYORG",57462,"9",34366666,34376898,-1,"84688_at"
"399","ENSG00000145431","PDGFC",56034,"4",156760454,156971799,-1,"2983_at"
"400","ENSG00000233791","BTG2-DT",730227,"1",203292301,203321067,-1,"6900_at"
"401","ENSG00000164543","STK17A",9263,"7",43582758,43650713,1,"9263_at"
"402","ENSG00000106603","COA1",55744,"7",43608456,43729717,-1,"9263_at"
"403","ENSG00000100485","SOS2",6655,"14",50117130,50231578,-1,"51062_at"
"404","ENSG00000234244",NA,105376440,"10",18710259,18930908,1,"783_at"
"405","ENSG00000157152","SYN2",6854,"3",12004388,12192032,1,"7079_at"
"406","ENSG00000058404","CAMK2B",816,"7",44210019,44334577,-1,"816_at"
"407","ENSG00000259956","RBM15B",29890,"3",51391285,51397908,1,"1795_at"
"408","ENSG00000145041","DCAF1",9730,"3",51395867,51500015,-1,"1795_at"
"409","ENSG00000085433","WDR47",22911,"1",108970214,109042113,-1,"113802_at"
"410","ENSG00000244716","RPL17P7",NA,"1",108992282,108992836,1,"113802_at"
"411","ENSG00000214922","HLA-F-AS1",285830,"6",29707518,29828496,-1,"3134_at"
"412","ENSG00000290710","HLA-V",352962,"6",29790954,29805501,1,"3134_at"
"413","ENSG00000261548","HLA-P",NA,"6",29800415,29802425,1,"3134_at"
"414","ENSG00000049130","KITLG",4254,"12",88492793,88580851,-1,"490_at"
"415","ENSG00000140386","SCAPER",49855,"15",76347904,76905444,-1,"55466_at"
"416","ENSG00000260916","CCPG1",9236,"15",55340032,55408510,-1,"6938_at"
"417","ENSG00000261771","DNAAF4-CCPG1",100533483,"15",55355248,55498360,-1,"6938_at"
"418","ENSG00000162946","DISC1",27185,"1",231626790,232041272,1,"3775_at"
"419","ENSG00000284708",NA,NA,"1",11623558,11643416,1,"26232_at"
"420","ENSG00000112186","CAP2",10486,"6",17393595,17557780,1,"221662_at"
"421","ENSG00000182504","CEP97",79598,"3",101724534,101770562,1,"55076_at"
"422","ENSG00000211445","GPX3",2878,"5",151020591,151028988,1,"6678_at"
"423","ENSG00000160460","SPTBN4",57731,"19",40466241,40576464,1,"4099_at"
"424","ENSG00000133019","CHRM3",1131,"1",239386565,239915452,1,"23596_at"
"425","ENSG00000108848","LUC7L3",51747,"17",50719565,50756219,1,"3131_at"
"426","ENSG00000100129","EIF3L",51386,"22",37848868,37889407,1,"23492_at"
"427","ENSG00000288098",NA,NA,"X",141934496,142740581,1,"139065_at"
"428","ENSG00000203865","ATP1A1-AS1",84852,"1",116378437,116421301,-1,"55356_at"
"429","ENSG00000067606","PRKCZ",5590,"1",2050411,2185395,1,"5590_at"
"430","ENSG00000226051","ZNF503-AS1",253264,"10",75243548,75373500,1,"818_at"
"431","ENSG00000223695","MYH9-DT",NA,"22",36387774,36424052,1,"57026_at"
"432","ENSG00000293309","PAFAH1B2P2",643711,"12",97644342,97875181,-1,"56899_at"
"433","ENSG00000213121",NA,NA,"6",153231246,153347488,1,"26271_at"
"434","ENSG00000237312",NA,105378066,"6",153304595,153427154,-1,"26271_at"
"435","ENSG00000007001","UPP2",151531,"2",157876679,158136154,1,"130399_at"
"436","ENSG00000125648","SLC25A23",79085,"19",6436079,6465203,-1,"10382_at"
"437","ENSG00000145990","GFOD1",54438,"6",13357830,13487662,-1,"221692_at"
"438","ENSG00000140090","SLC24A4",123041,"14",92322581,92501481,1,"1113_at"
"439","ENSG00000167881","SRP68",6730,"17",76038775,76072517,-1,"4884_at"
"440","ENSG00000156475","PPP2R2B",5521,"5",146580742,147084784,-1,"1809_at"
"441","ENSG00000121390","PSPC1",55269,"13",19674752,19783019,-1,"10804_at"
"442","ENSG00000188312","CENPP",401541,"9",92325953,92620529,1,"54769_at"
"443","ENSG00000151572","ANO4",121601,"12",100717526,101128641,1,"55332_at"
"444","ENSG00000185122","HSF1",3297,"8",144291591,144314720,1,"4062_at"
"445","ENSG00000284744","",NA,"1",6767954,6770038,1,"23261_at"
"446","ENSG00000237436","CAMTA1-DT",NA,"1",6783892,6784843,-1,"23261_at"
"447","ENSG00000171735","CAMTA1",23261,"1",6785454,7769706,1,"23261_at"
"448","ENSG00000227950","",NA,"1",6834333,6834618,-1,"23261_at"
"449","ENSG00000237365","CAMTA1-AS3",127138864,"1",7008376,7014279,-1,"23261_at"
"450","ENSG00000207056","RNU1-8P",NA,"1",7219360,7219524,1,"23261_at"
"451","ENSG00000310450","",NA,"1",7237660,7240057,-1,"23261_at"
"452","ENSG00000237402","CAMTA1-IT1",NA,"1",7312886,7370277,1,"23261_at"
"453","ENSG00000237728","CAMTA1-AS2",NA,"1",7379384,7389915,-1,"23261_at"
"454","ENSG00000294314","",NA,"1",7390031,7411735,1,"23261_at"
"455","ENSG00000225126","CAMTA1-AS1",NA,"1",7440491,7441612,-1,"23261_at"
"456","ENSG00000298973","",NA,"1",7507509,7509131,-1,"23261_at"
"457","ENSG00000306883","",NA,"1",7557505,7558106,-1,"23261_at"
"458","ENSG00000302704","",NA,"1",7583643,7588823,1,"23261_at"
"459","ENSG00000270171","",NA,"1",7693124,7694844,-1,"23261_at"
"460","ENSG00000270035","",NA,"1",7698303,7698872,-1,"23261_at"
"461","ENSG00000269978","",NA,"1",7700704,7702528,-1,"23261_at"
"462","ENSG00000187672","ERC2",26059,"3",55508311,56469095,-1,"26059_at"
"463","ENSG00000170085","SIMC1",375484,"5",176238367,176345991,1,"90249_at"
"464","ENSG00000179242","CDH4",1002,"20",61252261,61940617,1,"1917_at"
"465","ENSG00000142230","SAE1",10055,"19",47113274,47210636,1,"478_at"
"466","ENSG00000124789","NUP153",9972,"6",17615035,17706925,-1,"10486_at"
"467","ENSG00000268101","CYP2G2P",NA,"19",41050449,41062444,-1,"333_at"
"468","ENSG00000115677","HDLBP",3069,"2",241227264,241317061,-1,"547_at"
"469","ENSG00000168385","SEPTIN2",4735,"2",241315100,241354027,1,"547_at"
"470","ENSG00000286588","",NA,"2",241326334,241327039,-1,"547_at"
"471","ENSG00000223374","",NA,"2",241351340,241353104,-1,"547_at"
"472","ENSG00000300208","",NA,"2",241353679,241356134,-1,"547_at"
"473","ENSG00000006607","FARP2",9855,"2",241356285,241494841,1,"547_at"
"474","ENSG00000288080","",105373973,"2",241360871,241372749,-1,"547_at"
"475","ENSG00000188511","MIR3667HG",348645,"22",49414523,49658432,-1,"85358_at"
"476","ENSG00000298026","",NA,"22",49497483,49524386,1,"85358_at"
"477","ENSG00000172845","SP3",6670,"2",173880850,173965373,-1,"83879_at"
"478","ENSG00000169306","IL1RAPL1",11141,"X",28587446,29956718,1,"11141_at"
"479","ENSG00000198678","OR5BS1P",390313,"12",48559882,48562956,1,"23017_at"
"480","ENSG00000181722","ZBTB20",26137,"3",114314500,115147292,-1,"54847_at"
"481","ENSG00000166342","NETO1",81832,"18",72742314,72868146,-1,"4155_at"
"482","ENSG00000263750","MIR548AV",100847083,"18",72853321,72853382,-1,"4155_at"
"483","ENSG00000164535","DAGLB",221955,"7",6409126,6484190,-1,"11014_at"
"484","ENSG00000136240","KDELR2",11014,"7",6445953,6484190,-1,"11014_at"
"485","ENSG00000304504",NA,105379035,"5",73947266,74054445,1,"8507_at"
"486","ENSG00000171517","LPAR3",23566,"1",84811602,84893206,-1,"117178_at"
"487","ENSG00000122254","HS3ST2",9956,"16",22814162,22916338,1,"9956_at"
"488","ENSG00000284999",NA,NA,"6",105679378,105893041,-1,"64208_at"
"489","ENSG00000151917","BEND6",221336,"6",56955107,57027346,1,"221336_at"
"490","ENSG00000091664","SLC17A6",57084,"11",22338381,22379503,1,"57084_at"
"491","ENSG00000203995","ZYG11A",440590,"1",52842511,52894998,1,"2882_at"
"492","ENSG00000278540","ACACA",31,"17",37084992,37406836,-1,"1267_at"
"493","ENSG00000278505","C17orf78",284099,"17",37375985,37392708,1,"1267_at"
"494","ENSG00000287001",NA,NA,"19",50095888,50148304,-1,"341_at"
"495","ENSG00000231170","PDK4-AS1",NA,"7",95545182,95619995,1,"1780_at"
"496","ENSG00000236810","ELOA-AS1",100506963,"1",23706901,23778340,-1,"3399_at"
"497","ENSG00000011007","ELOA",6924,"1",23743448,23762059,1,"3399_at"
"498","ENSG00000111647","BLTP3B",23074,"12",100028455,100142874,-1,"121601_at"
"499","ENSG00000286476",NA,NA,"12",77129178,77163638,1,"89795_at"
"500","ENSG00000005469","CROT",54677,"7",87345664,87399794,1,"10926_at"
"501","ENSG00000148488","ST8SIA6",338596,"10",17315421,17454595,-1,"7431_at"
"502","ENSG00000153975","ZUP1",221302,"6",116635618,116668794,-1,"221294_at"
"503","ENSG00000148848","ADAM12",8038,"10",126012381,126388477,-1,"64077_at"
"504","ENSG00000298587",NA,NA,"2",1773022,1784297,-1,"23040_at"
"505","ENSG00000140718","FTO",79068,"16",53701692,54158512,1,"4313_at"
"506","ENSG00000227579",NA,NA,"1",177392616,177920152,-1,"6646_at"
"507","ENSG00000285539","",NA,"3",42692663,42732922,-1,"57467_at"
"508","ENSG00000244607","CCDC13",152206,"3",42705756,42773253,-1,"57467_at"
"509","ENSG00000280571","",NA,"3",42705756,42804518,-1,"57467_at"
"510","ENSG00000185619","PCGF3",10336,"4",705748,770089,1,"10815_at"
"511","ENSG00000249592","PCGF3-AS1",100129917,"4",760202,781874,-1,"10815_at"
"512","ENSG00000280739","EIF1B-AS1",285266,"3",40061110,40453341,-1,"25924_at"
"513","ENSG00000280739","EIF1B-AS1",440952,"3",40061110,40453341,-1,"25924_at"
"514","ENSG00000280739","ENTPD3-AS1",285266,"3",40061110,40453341,-1,"25924_at"
"515","ENSG00000280739","ENTPD3-AS1",440952,"3",40061110,40453341,-1,"25924_at"
"516","ENSG00000169760","NLGN1",22871,"3",173396284,174294372,1,"64778_at"
"517","ENSG00000167685","ZNF444",55311,"19",56132599,56160893,1,"5653_at"
"518","ENSG00000145526","CDH18",1016,"5",19471296,20575873,-1,"1016_at"
"519","ENSG00000145864","GABRB2",2561,"5",161288429,161549044,-1,"2566_at"
"520","ENSG00000300659","",NA,"5",161491558,161522847,1,"2566_at"
"521","ENSG00000188419","CHM",1121,"X",85861180,86047561,-1,"117154_at"
"522","ENSG00000153558","FBXL2",25827,"3",33277025,33403662,1,"25827_at"
"523","ENSG00000153560","UBP1",7342,"3",33388336,33441371,-1,"25827_at"
"524","ENSG00000288087",NA,NA,"3",161600438,161735399,1,"10051_at"
"525","ENSG00000291336",NA,NA,"6",26123173,26554396,1,"11118_at"
"526","ENSG00000291338",NA,NA,"6",26157122,26533457,1,"11118_at"
"527","ENSG00000300236",NA,NA,"6",26471268,26522387,-1,"11118_at"
"528","ENSG00000054793","ATP9A",10079,"20",51596514,51768390,-1,"7764_at"
"529","ENSG00000068781","STON1-GTF2A1L",286749,"2",48529925,48776517,1,"11037_at"
"530","ENSG00000242441","GTF2A1L",11036,"2",48617798,48733148,1,"11037_at"
"531","ENSG00000279956","",NA,"2",48632291,48755724,-1,"11037_at"
"532","ENSG00000228944","",107986777,"7",24141018,24445270,-1,"4852_at"
"533","ENSG00000122585","NPY",4852,"7",24284188,24291862,1,"4852_at"
"534","ENSG00000144857","BOC",91653,"3",113211003,113287459,1,"29114_at"
"535","ENSG00000259345",NA,NA,"15",38864112,39427195,-1,"51203_at"
"536","ENSG00000296462",NA,NA,"15",39444917,39447762,1,"51203_at"
"537","ENSG00000230537","LINC02937",105379829,"9",90927338,91213102,-1,"1164_at"
"538","ENSG00000235641","LINC00484",100129347,"9",91118361,91183601,1,"1164_at"
"539","ENSG00000303841","",NA,"1",237946966,238061499,1,"1131_at"
"540","ENSG00000230019","YWHAQP9",NA,"1",238107736,238108567,-1,"1131_at"
"541","ENSG00000301680","",NA,"1",238116305,238202833,1,"1131_at"
"542","ENSG00000268754","LINC01081",NA,"16",86220148,86304707,-1,"57338_at"
"543","ENSG00000268532","LINC02135",146513,"16",86286427,86293389,1,"57338_at"
"544","ENSG00000249753",NA,NA,"12",63623788,63795718,-1,"11197_at"
"545","ENSG00000290896",NA,NA,"12",63682523,63746659,-1,"11197_at"
"546","ENSG00000198160","MIER1",57708,"1",66924895,66988619,1,"84251_at"
"547","ENSG00000143190","POU2F1",5451,"1",167220876,167427345,1,"481_at"
"548","ENSG00000239589","LINC00879",255025,"3",94937963,95168351,1,"5627_at"
"549","ENSG00000305777","",NA,"3",94995317,95094936,-1,"5627_at"
"550","ENSG00000137522","RNF121",55298,"11",71929018,71997597,1,"5138_at"
"551","ENSG00000078053","AMPH",273,"7",38383704,38631420,-1,"273_at"
"552","ENSG00000230492",NA,NA,"20",22995409,23030812,-1,"22918_at"
"553","ENSG00000286869",NA,NA,"12",13238537,13278951,-1,"2012_at"
"554","ENSG00000272568","CPVL-AS2",100506497,"7",28955756,29013370,1,"54504_at"
"555","ENSG00000106066","CPVL",54504,"7",28995235,29195451,-1,"54504_at"
"556","ENSG00000163554","SPTA1",6708,"1",158610704,158686715,-1,"57216_at"
"557","ENSG00000119866","BCL11A",53335,"2",60450520,60554467,-1,"53335_at"
"558","ENSG00000285534",NA,NA,"13",109478739,109732157,-1,"1282_at"
"559","ENSG00000310206",NA,NA,"11",9566982,9567250,1,"7465_at"
"560","ENSG00000227906","SNAP25-AS1",NA,"20",10006381,10368848,-1,"6616_at"
"561","ENSG00000132639","SNAP25",6616,"20",10172395,10308258,1,"6616_at"
"562","ENSG00000146038","DCDC2",51473,"6",24171755,24358059,-1,"140767_at"
"563","ENSG00000307617",NA,NA,"18",65506411,65605724,-1,"220164_at"
"564","ENSG00000265217",NA,NA,"18",65606079,65652053,1,"220164_at"
"565","ENSG00000172348","RCAN2",10231,"6",46220736,46491972,-1,"10231_at"
"566","ENSG00000307576","",NA,"6",46276324,46345986,1,"10231_at"
"567","ENSG00000162402","USP24",23358,"1",55066359,55215378,-1,"1718_at"
"568","ENSG00000295014","",105371456,"1",157225321,157279507,-1,"3428_at"
"569","ENSG00000271736","LINC02772",105371455,"1",157273701,157283968,1,"3428_at"
"570","ENSG00000294460","",NA,"1",157287109,157311283,-1,"3428_at"
"571","ENSG00000286073","",NA,"1",157287267,157310655,-1,"3428_at"
"572","ENSG00000007001","UPP2",151531,"2",157876679,158136154,1,"57471_at"
"573","ENSG00000165899","OTOGL",283310,"12",80099537,80380880,1,"8499_at"
"574","ENSG00000133226","SRRM1",10250,"1",24631716,24673281,1,"57185_at"
"575","ENSG00000307307","",NA,"1",24662626,24722787,-1,"57185_at"
"576","ENSG00000101251","SEL1L2",80343,"20",13849247,13996443,-1,"140733_at"
"577","ENSG00000172264","MACROD2",140733,"20",13995369,16053197,1,"140733_at"
"578","ENSG00000230935","RPS3P1",NA,"20",14003508,14003699,1,"140733_at"
"579","ENSG00000234187","AIMP1P1",NA,"20",14127400,14128336,1,"140733_at"
"580","ENSG00000239923","RN7SL864P",NA,"20",14223041,14223325,1,"140733_at"
"581","ENSG00000125848","FLRT3",23767,"20",14322985,14337614,-1,"140733_at"
"582","ENSG00000199570","RNU6-228P",NA,"20",14352320,14352425,1,"140733_at"
"583","ENSG00000287062","",NA,"20",14522081,14523317,-1,"140733_at"
"584","ENSG00000227563","RNF11P2",NA,"20",14547184,14547623,-1,"140733_at"
"585","ENSG00000227927","MACROD2-IT1",140848,"20",14554384,14636524,1,"140733_at"
"586","ENSG00000213950","RPS10P2",NA,"20",14757563,14758056,1,"140733_at"
"587","ENSG00000289572","",NA,"20",14818826,14819308,1,"140733_at"
"588","ENSG00000235914","MACROD2-AS1",100379174,"20",14884250,14929535,-1,"140733_at"
"589","ENSG00000237832","",NA,"20",14933843,14935363,-1,"140733_at"
"590","ENSG00000199803","RNU6-1159P",NA,"20",15021553,15021659,-1,"140733_at"
"591","ENSG00000201180","RNU6-115P",NA,"20",15022852,15022958,1,"140733_at"
"592","ENSG00000222500","RNA5SP475",NA,"20",15280764,15280873,-1,"140733_at"
"593","ENSG00000225181","",NA,"20",15552157,15552885,-1,"140733_at"
"594","ENSG00000224274","ENSAP1",NA,"20",15619494,15619819,-1,"140733_at"
"595","ENSG00000309600","",NA,"20",15627618,15631027,1,"140733_at"
"596","ENSG00000303048","",NA,"20",15699837,15712586,1,"140733_at"
"597","ENSG00000286546","",613266,"20",15884782,15985876,-1,"140733_at"
"598","ENSG00000139044","B4GALNT3",283358,"12",459939,563509,1,"4815_at"
"599","ENSG00000161040","FBXL13",222235,"7",102811189,103074839,-1,"5649_at"
"600","ENSG00000227743",NA,NA,"7",121643334,121832540,-1,"93664_at"
"601","ENSG00000291147",NA,NA,"2",242086099,242176052,1,"666_at"
"602","ENSG00000198216","CACNA1E",777,"1",181317690,181813262,1,"3915_at"
"603","ENSG00000236106",NA,112268411,"2",5708227,5790916,1,"6664_at"
"604","ENSG00000128918","ALDH1A2",8854,"15",57953424,58497866,-1,"302_at"
"605","ENSG00000166035","LIPC",3990,"15",58410569,58569844,1,"302_at"
"606","ENSG00000266288","LINC02974",NA,"18",5381641,5385330,-1,"23136_at"
"607","ENSG00000254567","UBTFL9",NA,"11",49133653,49134800,-1,"2346_at"
"608","ENSG00000086205","FOLH1",2346,"11",49145092,49208638,-1,"2346_at"
"609","ENSG00000172164","SNTB1",6641,"8",120535745,120813273,-1,"5168_at"
"610","ENSG00000182836","PLCXD3",345557,"5",41306952,41510601,-1,"345557_at"
"611","ENSG00000227017","",NA,"7",30166319,30188512,-1,"222166_at"
"612","ENSG00000225907","RPS27P16",NA,"7",30167804,30168004,1,"222166_at"
"613","ENSG00000270829","",NA,"17",35808489,35808897,-1,"7153_at"
"614","ENSG00000270647","TAF15",8148,"17",35809482,35864615,1,"7153_at"
"615","ENSG00000125851","PCSK2",5126,"20",17226107,17484578,1,"5126_at"
"616","ENSG00000285547","",NA,"X",72301691,72572843,-1,"4674_at"
"617","ENSG00000147099","HDAC8",55869,"X",72329516,72573101,-1,"4674_at"
"618","ENSG00000284237","LINC02767",105372883,"1",207909992,207986863,1,"3290_at"
"619","ENSG00000284237","LINC02767",107985253,"1",207909992,207986863,1,"3290_at"
"620","ENSG00000253875",NA,NA,"8",27719961,27758552,1,"55872_at"
"621","ENSG00000305354",NA,NA,"8",102754823,102807125,-1,"83988_at"
"622","ENSG00000145147","SLIT2",9353,"4",20251905,20620561,1,"80333_at"
"623","ENSG00000298620","",NA,"4",20391403,20392082,-1,"80333_at"
"624","ENSG00000248228","SLIT2-IT1",NA,"4",20392132,20394882,1,"80333_at"
"625","ENSG00000158125","XDH",7498,"2",31334321,31414742,-1,"30845_at"
"626","ENSG00000249085","TNPO1-DT",NA,"5",72574098,72816565,-1,"2297_at"
"627","ENSG00000243797",NA,NA,"7",106372251,106775784,-1,"5577_at"
"628","ENSG00000267052",NA,102724339,"7",106569876,106598908,-1,"5577_at"
"629","ENSG00000198216","CACNA1E",777,"1",181317690,181813262,1,"23057_at"
"630","ENSG00000270460",NA,NA,"2",173532774,173814677,1,"11069_at"
"631","ENSG00000070808","CAMK2A",815,"5",150219491,150290093,-1,"91975_at"
"632","ENSG00000101333","PLCB4",5332,"20",9067825,9504593,1,"57144_at"
"633","ENSG00000306143",NA,NA,"4",20206165,20252493,-1,"9353_at"
"634","ENSG00000289847",NA,NA,"6",110523815,110566635,-1,"8936_at"
"635","ENSG00000072858","SIDT1",54847,"3",113532555,113629714,1,"4345_at"
"636","ENSG00000225421",NA,NA,"2",198493123,198772356,-1,"5334_at"
"637","ENSG00000065534","MYLK",4638,"3",123610049,123884332,-1,"83666_at"
"638","ENSG00000148219","ASTN2",23245,"9",116423112,117415070,-1,"3371_at"
"639","ENSG00000299752",NA,NA,"7",87235736,87319218,-1,"154661_at"
"640","ENSG00000214922","HLA-F-AS1",285830,"6",29707518,29828496,-1,"4340_at"
"641","ENSG00000204642","HLA-F",3134,"6",29722775,29738528,1,"4340_at"
"642","ENSG00000273340","MICE",NA,"6",29741731,29748969,-1,"4340_at"
"643","ENSG00000171723","GPHN",10243,"14",66507407,67181803,1,"57475_at"
"644","ENSG00000307479","",105370538,"14",67072688,67189332,-1,"57475_at"
"645","ENSG00000278156","TSC22D1-AS1",641467,"13",44575766,44755728,1,"386618_at"
"646","ENSG00000142875","PRKACB",5567,"1",84078062,84238498,1,"79739_at"
"647","ENSG00000111602","TIMELESS",8914,"12",56416363,56449426,-1,"1019_at"
"648","ENSG00000196090","PTPRT",11122,"20",42072752,43189970,-1,"80336_at"
"649","ENSG00000080986","NDC80",10403,"18",2571557,2616635,1,"10403_at"
"650","ENSG00000214954","LRRC69",100130742,"8",91101832,91219257,1,"793_at"
"651","ENSG00000294511",NA,NA,"4",186723937,186821108,1,"8470_at"
"652","ENSG00000294559",NA,124900875,"4",186737345,186759641,-1,"8470_at"
"653","ENSG00000147614","ATP6V0D2",245972,"8",85987323,86154225,1,"138046_at"
"654","ENSG00000297123",NA,NA,"5",82787979,82927289,1,"1462_at"
"655","ENSG00000248112",NA,105379051,"5",82850942,83011784,-1,"1462_at"
"656","ENSG00000171587","DSCAM",1826,"21",40010999,40847158,-1,"5121_at"
"657","ENSG00000263973","MIR4760",100616148,"21",40212352,40212431,-1,"5121_at"
"658","ENSG00000169946","ZFPM2",23414,"8",104590733,105804539,1,"9699_at"
"659","ENSG00000254687",NA,NA,"8",53177571,53242683,1,"9705_at"
"660","ENSG00000099308","MAST3",23031,"19",18097778,18151692,1,"10437_at"
"661","ENSG00000269145","MAST3-AS1",NA,"19",18144522,18151691,-1,"10437_at"
"662","ENSG00000083067","TRPM3",80036,"9",70529060,71446977,-1,"8395_at"
"663","ENSG00000145934","TENM2",57451,"5",166979029,168264157,1,"57451_at"
"664","ENSG00000169291","SHE",126669,"1",154469772,154502412,-1,"79957_at"
"665","ENSG00000273110","",NA,"1",154480012,154481501,1,"79957_at"
"666","ENSG00000117245","KIF17",57576,"1",20664014,20718017,-1,"55450_at"
"667","ENSG00000138449","SLC40A1",30061,"2",189560590,189583758,-1,"1281_at"
"668","ENSG00000289578",NA,124901737,"7",121450425,121516151,-1,"5803_at"
"669","ENSG00000302485",NA,NA,"7",121480322,121489807,1,"5803_at"
"670","ENSG00000111247","RAD51AP1",10635,"12",4538798,4560047,1,"10635_at"
"671","ENSG00000300001","",NA,"2",215922666,215936385,1,"2335_at"
"672","ENSG00000226276","",NA,"2",215939308,215941719,-1,"2335_at"
"673","ENSG00000118242","MREG",55686,"2",215942584,216034096,-1,"2335_at"
"674","ENSG00000283228","",NA,"2",151802651,151973949,-1,"9111_at"
"675","ENSG00000182389","CACNB4",785,"2",151832771,152099167,-1,"9111_at"
"676","ENSG00000271860",NA,101927314,"6",97283268,98463102,1,"114792_at"
"677","ENSG00000119596","YLPM1",56252,"14",74763316,74859435,1,"2353_at"
"678","ENSG00000291111","",NA,"6",33112409,33141221,1,"3113_at"
"679","ENSG00000301948","",105375021,"6",33130740,33143600,-1,"3113_at"
"680","ENSG00000237398","HLA-DPA3",NA,"6",33131216,33143325,-1,"3113_at"
"681","ENSG00000175787","ZNF169",169841,"9",94259298,94303967,1,"1842_at"
"682","ENSG00000106804","C5",727,"9",120932987,121075195,-1,"1620_at"
"683","ENSG00000250349",NA,NA,"X",37349330,38687674,1,"8406_at"
"684","ENSG00000298012",NA,NA,"X",37888698,37896849,1,"8406_at"
"685","ENSG00000229981","LINC01435",103695365,"10",107694973,108522143,-1,"114815_at"
"686","ENSG00000166068","SPRED1",161742,"15",38252836,38357249,1,"701_at"
"687","ENSG00000236107","SCN1A-AS1",101929680,"2",165957188,166390771,1,"80034_at"
"688","ENSG00000236107","SCN1A-AS1",102724058,"2",165957188,166390771,1,"80034_at"
"689","ENSG00000169432","SCN9A",6335,"2",166195185,166376001,-1,"80034_at"
"690","ENSG00000105329","TGFB1",7040,"19",41301587,41353922,-1,"1346_at"
"691","ENSG00000198502","HLA-DRB5",3127,"6",32517353,32530287,-1,"3122_at"
"692","ENSG00000221882","OR3A2",4995,"17",3276177,3386317,-1,"443_at"
"693","ENSG00000308197",NA,NA,"15",40486332,40487105,1,"825_at"
"694","ENSG00000259536",NA,NA,"15",40488039,40558019,1,"825_at"
"695","ENSG00000177426","TGIF1",7050,"18",3411608,3459978,1,"7050_at"
"696","ENSG00000302876","",NA,"18",3424236,3452380,-1,"7050_at"
"697","ENSG00000171914","TLN2",83660,"15",62390526,62844631,1,"9768_at"
"698","ENSG00000250604",NA,NA,"4",158199033,158408792,-1,"2743_at"
"699","ENSG00000304461",NA,NA,"4",158299469,158304440,1,"2743_at"
"700","ENSG00000172915","NBEA",26960,"13",34942270,35673022,1,"26960_at"
"701","ENSG00000282278","",NA,"4",53377839,54295272,1,"84708_at"
"702","ENSG00000109220","CHIC2",26511,"4",53994803,54064605,-1,"84708_at"
"703","ENSG00000023318","ERP44",23071,"9",99979185,100099052,-1,"9568_at"
"704","ENSG00000119509","INVS",27130,"9",100099243,100302175,1,"9568_at"
"705","ENSG00000239908","RN7SL75P",NA,"9",100102559,100102839,1,"9568_at"
"706","ENSG00000303938",NA,653857,"7",149887088,150047699,-1,"26157_at"
"707","ENSG00000204392","LSM2",57819,"6",31797396,31806966,-1,"1192_at"
"708","ENSG00000308871","",NA,"6",31806730,31807278,1,"1192_at"
"709","ENSG00000273877",NA,105373373,"X",153225628,153230357,1,"2316_at"
"710","ENSG00000088881","EBF4",57593,"20",2692780,2760108,1,"56265_at"
"711","ENSG00000242574","HLA-DMB",3109,"6",32934629,32941028,-1,"5698_at"
"712","ENSG00000127928","GNGT1",2792,"7",93591573,93911265,1,"1278_at"
"713","ENSG00000171848","RRM2",6241,"2",10120698,10211725,1,"6241_at"
"714","ENSG00000177239","MAN1B1",11253,"9",137086857,137109189,1,"10439_at"
"715","ENSG00000176978","DPP7",29952,"9",137110542,137118309,-1,"10439_at"
"716","ENSG00000299654","",NA,"9",137118345,137130044,-1,"10439_at"
"717","ENSG00000176884","GRIN1",2902,"9",137138346,137168756,1,"10439_at"
"718","ENSG00000140262","TCF12",6938,"15",56918623,57299281,1,"9133_at"
"719","ENSG00000289375","",NA,"6",31610853,31620998,-1,"534_at"
"720","ENSG00000301898","",NA,"6",31620120,31620572,1,"534_at"
"721","ENSG00000204469","PRRC2A",7916,"6",31620715,31637771,1,"534_at"
"722","ENSG00000231689","LINC01090",NA,"2",187711775,188384400,-1,"10203_at"
"723","ENSG00000165480","SKA3",221150,"13",21153595,21176552,-1,"2254_at"
"724","ENSG00000168878","SFTPB",6439,"2",85657314,85668741,-1,"8673_at"
"725","ENSG00000151773","CCDC122",160857,"13",43823909,43879740,-1,"387923_at"
"726","ENSG00000179915","NRXN1",9378,"2",49918503,51225575,-1,"9378_at"
"727","ENSG00000285548","",NA,"2",50324643,50345598,1,"9378_at"
"728","ENSG00000293880","",NA,"2",50529011,50536401,1,"9378_at"
"729","ENSG00000230327","MTCO1P42",NA,"2",50588690,50589415,-1,"9378_at"
"730","ENSG00000283058","",101927089,"2",50620875,50632993,1,"9378_at"
"731","ENSG00000216191","MIR8485",103504737,"2",50696172,50696262,-1,"9378_at"
"732","ENSG00000238165","",NA,"2",50829442,50829678,-1,"9378_at"
"733","ENSG00000286412","",NA,"2",51011777,51016950,1,"9378_at"
"734","ENSG00000231918","NRXN1-DT",730100,"2",51032601,52407917,1,"9378_at"
"735","ENSG00000160392","C19orf47",126526,"19",40319536,40348527,-1,"53822_at"
"736","ENSG00000288801",NA,NA,"16",53509231,53519590,-1,"643911_at"
"737","ENSG00000133216","EPHB2",2048,"1",22710839,22921500,1,"712_at"
"738","ENSG00000139055","ERP27",121506,"12",14914039,14938537,-1,"4256_at"
"739","ENSG00000305681",NA,NA,"22",37522752,37546136,-1,"23467_at"
"740","ENSG00000258077",NA,NA,"12",75523586,75984015,-1,"1466_at"
"741","ENSG00000163697","APBB2",323,"4",40810027,41216714,-1,"7345_at"
"742","ENSG00000145335","SNCA",6622,"4",89700345,89838315,-1,"266812_at"
"743","ENSG00000247775","SNCA-AS1",644248,"4",89836394,89842294,1,"266812_at"
"744","ENSG00000134812","CBLIF",2694,"11",59829273,59845499,-1,"51338_at"
"745","ENSG00000290490",NA,NA,"13",52219339,52334318,-1,"5100_at"
"746","ENSG00000165304","MELK",9833,"9",36572862,36677683,1,"9833_at"
"747","ENSG00000133216","EPHB2",2048,"1",22710839,22921500,1,"714_at"
"748","ENSG00000113448","PDE4D",5144,"5",58969038,60522120,-1,"79993_at"
"749","ENSG00000134644","PUM1",9698,"1",30931506,31065991,-1,"7805_at"
"750","ENSG00000182667","NTM",50863,"11",131370478,132336822,1,"4978_at"
"751","ENSG00000246089","MCPH1-DT",100287015,"8",6315551,6407308,-1,"285_at"
"752","ENSG00000160145","KALRN",8997,"3",124033369,124726325,1,"10954_at"
"753","ENSG00000164649","CDCA7L",55536,"7",21900899,21945903,-1,"55536_at"
"754","ENSG00000172915","NBEA",26960,"13",34942270,35673022,1,"9201_at"
"755","ENSG00000108239","TBC1D12",23232,"10",94402541,94536332,1,"3832_at"
"756","ENSG00000297460","",105376627,"11",35050042,35119199,1,"960_at"
"757","ENSG00000255521","CD44-DT",100507144,"11",35132655,35139311,-1,"960_at"
"758","ENSG00000026508","CD44",960,"11",35138882,35232402,1,"960_at"
"759","ENSG00000309480","",NA,"11",35171641,35174143,-1,"960_at"
"760","ENSG00000255443","CD44-AS1",NA,"11",35210343,35214985,-1,"960_at"
"761","ENSG00000162618","ADGRL4",64123,"1",78889764,79282124,-1,"10561_at"
"762","ENSG00000182010","RTKN2",219790,"10",62183035,62268844,-1,"983_at"
"763","ENSG00000101935","AMMECR1",9949,"X",110194186,110440318,-1,"5063_at"
"764","ENSG00000133136","GNG5B",347687,"X",110346103,110440372,-1,"5063_at"
"765","ENSG00000283239","",104266957,"8",1763888,1958627,1,"9920_at"
"766","ENSG00000104728","ARHGEF10",9639,"8",1823926,1958641,1,"9920_at"
"767","ENSG00000012983","MAP4K5",11183,"14",50418501,50561126,-1,"5836_at"
"768","ENSG00000255733","IFNG-AS1",100885789,"12",67989446,68234686,1,"4069_at"
"769","ENSG00000301254","",NA,"12",68001582,68118566,-1,"4069_at"
"770","ENSG00000095637","SORBS1",10580,"10",95311771,95561414,-1,"9211_at"
"771","ENSG00000289311",NA,NA,"12",110184554,110281043,-1,"23316_at"
"772","ENSG00000164684","ZNF704",619279,"8",80628451,80874781,-1,"11075_at"
"773","ENSG00000085978","ATG16L1",55054,"2",233210051,233295674,1,"80303_at"
"774","ENSG00000118363","SPCS2",9789,"11",74949261,74979033,1,"871_at"
"775","ENSG00000153015","CWC27",10283,"5",64766368,65102412,1,"64105_at"
"776","ENSG00000304095","",NA,"5",64832115,64884035,-1,"64105_at"
"777","ENSG00000054392","HHAT",55733,"1",210328252,210676296,1,"51514_at"
"778","ENSG00000258537","FRMD6-AS2",145438,"14",51379509,51651744,-1,"22795_at"
"779","ENSG00000258537","FRMD6-AS2",100874185,"14",51379509,51651744,-1,"22795_at"
"780","ENSG00000139926","FRMD6",122786,"14",51489100,51730727,1,"22795_at"
"781","ENSG00000225564","LINC01492",101928496,"9",103140523,103325050,-1,"84302_at"
"782","ENSG00000224565","LINC01754",NA,"20",47384040,47439309,-1,"3745_at"
"783","ENSG00000302913",NA,NA,"5",17315910,17387599,1,"10409_at"
"784","ENSG00000132549","VPS13B",157680,"8",99013266,99877580,1,"4147_at"
"785","ENSG00000163808","KIF15",56992,"3",44761721,44873376,1,"56992_at"
"786","ENSG00000107295","SH3GL2",6456,"9",17579066,17797124,1,"6456_at"
"787","ENSG00000248724","NPHP3-AS1",348808,"3",132721750,132895230,1,"131034_at"
"788","ENSG00000273112","",NA,"1",161513176,161605099,1,"83540_at"
"789","ENSG00000289768","",NA,"1",161544807,161631456,-1,"83540_at"
"790","ENSG00000244682","FCGR2C",NA,"1",161581339,161605662,1,"83540_at"
"791","ENSG00000162769","FLVCR1",28982,"1",212858275,212899363,1,"1063_at"
"792","ENSG00000301843","",NA,"1",212899342,212914896,-1,"1063_at"
"793","ENSG00000238045","MVP-DT",NA,"16",29808636,29821252,-1,"253982_at"
"794","ENSG00000280789","PAGR1",79447,"16",29816152,29822489,1,"253982_at"
"795","ENSG00000281348","",NA,"16",29817239,29830627,1,"253982_at"
"796","ENSG00000013364","MVP",9961,"16",29820394,29848039,1,"253982_at"
"797","ENSG00000158458","NRG2",9542,"5",139846779,140043299,-1,"929_at"
"798","ENSG00000298385",NA,NA,"2",221877986,222076547,1,"2043_at"
"799","ENSG00000298423",NA,NA,"2",221991002,222026224,-1,"2043_at"
"800","ENSG00000184867","ARMCX2",9823,"X",101655281,101659850,-1,"11013_at"
"801","ENSG00000100814","CCNB1IP1",57820,"14",20311368,20333312,-1,"6039_at"
"802","ENSG00000133216","EPHB2",2048,"1",22710839,22921500,1,"713_at"
"803","ENSG00000159398","CES5A",221223,"16",55846154,55956031,-1,"51090_at"
"804","ENSG00000166387","PPFIBP2",8495,"11",7513298,7657127,1,"51700_at"
"805","ENSG00000284800",NA,NA,"X",102360395,102471812,-1,"84707_at"
"806","ENSG00000138115","CYP2C8",1558,"10",95036772,95069497,-1,"26509_at"
"807","ENSG00000300042",NA,NA,"1",110640286,110722189,1,"9122_at"
"808","ENSG00000259905","PWRN1",791114,"15",24101827,24823365,1,"2562_at"
"809","ENSG00000259905","PWRN1",101928840,"15",24101827,24823365,1,"2562_at"
"810","ENSG00000293653","",NA,"15",24162746,24343470,-1,"2562_at"
"811","ENSG00000287888","",102723749,"15",24339015,24385488,-1,"2562_at"
"812","ENSG00000259805","",NA,"15",82925884,83103443,1,"4828_at"
"813","ENSG00000169609","C15orf40",123207,"15",82988441,83011641,-1,"4828_at"
"814","ENSG00000138764","CCNG2",901,"4",77157207,77433388,1,"419_at"
"815","ENSG00000162695","SLC30A7",148867,"1",100896076,100996260,1,"7412_at"
"816","ENSG00000135862","LAMC1",3915,"1",183023420,183145592,1,"116496_at"
"817","ENSG00000288692",NA,NA,"4",110876410,111392336,1,"3426_at"
"818","ENSG00000177103","DSCAML1",57453,"11",117427772,117817525,-1,"6330_at"
"819","ENSG00000249534","LINC01258",101928776,"4",38420662,38523180,-1,"7096_at"
"820","ENSG00000229989","MIR181A1HG",NA,"1",198739203,198937683,-1,"9928_at"
"821","ENSG00000287488",NA,NA,"7",79591134,79716532,1,"2770_at"
"822","ENSG00000176771","NCKAP5",344148,"2",132671788,133568463,-1,"116372_at"
"823","ENSG00000111203","ITFG2",55846,"12",2812622,2859791,1,"2305_at"
"824","ENSG00000206527","HACD2",201562,"3",123490820,123585053,-1,"1475_at"
"825","ENSG00000156395","SORCS3",22986,"10",104641290,105265242,1,"9118_at"
"826","ENSG00000287069",NA,NA,"3",19389185,19702795,-1,"131096_at"
"827","ENSG00000102053","ZC3H12B",340554,"X",65034788,65507887,1,"11326_at"
"828","ENSG00000248235","",NA,"8",22589274,22602084,1,"1960_at"
"829","ENSG00000241852","C8orf58",541565,"8",22599599,22604150,1,"1960_at"
"830","ENSG00000118292","C1orf54",79630,"1",150268200,150280916,1,"6282_at"
"831","ENSG00000289041","",NA,"1",150270218,150282389,-1,"6282_at"
"832","ENSG00000228566",NA,124902438,"10",63664657,64693794,1,"1959_at"
"833","ENSG00000228566",NA,124902439,"10",63664657,64693794,1,"1959_at"
"834","ENSG00000302971",NA,NA,"22",40721457,40741265,1,"55964_at"
"835","ENSG00000143401","ANP32E",81611,"1",150218417,150236156,-1,"6281_at"
"836","ENSG00000258859","LINC02296",NA,"14",87353070,87573022,-1,"8477_at"
"837","ENSG00000128563","PRKRIP1",79706,"7",102363872,102426676,1,"10234_at"
"838","ENSG00000290830","",NA,"7",102364162,102380633,1,"10234_at"
"839","ENSG00000152377","SPOCK1",6695,"5",136975298,137598379,-1,"10112_at"
"840","ENSG00000104859","CLASRP",11129,"19",45039045,45070956,1,"8857_at"
"841","ENSG00000207003","RNU6-611P",NA,"19",45047458,45047561,1,"8857_at"
"842","ENSG00000203321","CARNMT1-AS1",NA,"9",74952968,74996579,1,"301_at"
"843","ENSG00000100281","HMGXB4",10042,"22",35257452,35295807,1,"10369_at"
"844","ENSG00000079931","MOXD1",26002,"6",132296055,132401475,-1,"1490_at"
"845","ENSG00000113805","CNTN3",5067,"3",74262568,74614659,-1,"5067_at"
"846","ENSG00000294505",NA,NA,"9",112666257,112681320,-1,"1902_at"
"847","ENSG00000293460","",147081,"17",45620328,45655156,1,"1277_at"
"848","ENSG00000263715","LINC02210-CRHR1",1394,"17",45620344,45835826,1,"1277_at"
"849","ENSG00000263715","LINC02210-CRHR1",104909134,"17",45620344,45835826,1,"1277_at"
"850","ENSG00000175352","NRIP3",56675,"11",8965682,9005288,-1,"57758_at"
"851","ENSG00000253973","NRIP3-DT",105376541,"11",9004093,9067776,1,"57758_at"
"852","ENSG00000166526","ZNF3",7551,"7",100064033,100082548,-1,"51412_at"
"853","ENSG00000054654","SYNE2",23224,"14",63761899,64226433,1,"3306_at"
"854","ENSG00000302765",NA,105378927,"1",116880009,116885944,1,"965_at"
"855","ENSG00000224765","LINC02931",122965335,"X",137412444,137569203,-1,"2258_at"
"856","ENSG00000258583","LINC01500",NA,"14",58646631,59184247,1,"6252_at"
"857","ENSG00000232023","LINC01807",101928765,"2",228475224,228841924,-1,"80309_at"
"858","ENSG00000225249","LINC00378",NA,"13",60618983,61176809,1,"64881_at"
"859","ENSG00000259675",NA,NA,"15",61298791,61715216,-1,"771_at"
"860","ENSG00000310047",NA,NA,"15",61404072,61411330,1,"771_at"
"861","ENSG00000310137",NA,NA,"2",116294492,116388315,1,"57628_at"
"862","ENSG00000147647","DPYS",1807,"8",104330324,104467055,-1,"115908_at"
"863","ENSG00000154928","EPHB1",2047,"3",134795260,135260467,1,"7018_at"
"864","ENSG00000284734",NA,NA,"1",89198572,89296802,1,"2633_at"
"865","ENSG00000134324","LPIN1",23175,"2",11677595,11827409,1,"23620_at"
"866","ENSG00000160392","C19orf47",126526,"19",40319536,40348527,-1,"5348_at"
"867","ENSG00000092871","RFFL",117584,"17",35005990,35089319,-1,"84152_at"
"868","ENSG00000267618","",NA,"17",35011349,35121493,-1,"84152_at"
"869","ENSG00000106351","AGFG2",3268,"7",100539203,100568220,1,"5054_at"
"870","ENSG00000299526","",NA,"7",100556339,100569611,-1,"5054_at"
"871","ENSG00000182326","C1S",716,"12",6988259,7071032,1,"715_at"
"872","ENSG00000164292","RHOBTB3",22836,"5",95713522,95824383,1,"5122_at"
"873","ENSG00000173221","GLRX",2745,"5",95751319,95822726,-1,"5122_at"
"874","ENSG00000237742","HEY2-AS1",105377986,"6",125577545,125749190,-1,"7164_at"
"875","ENSG00000176014","TUBB6",84617,"18",12307669,12344320,1,"84617_at"
"876","ENSG00000165995","CACNB2",783,"10",18140424,18543557,1,"221074_at"
"877","ENSG00000147481","SNTG1",54212,"8",49909789,50796692,1,"6591_at"
"878","ENSG00000020577","SAMD4A",23034,"14",54566117,54793315,1,"9787_at"
"879","ENSG00000285774","SAMD4A-AS1",NA,"14",54683694,54729339,-1,"9787_at"
"880","ENSG00000225767","FAF1-AS1",105378715,"1",50419181,50471151,1,"1996_at"
"881","ENSG00000185104","FAF1",11124,"1",50437028,50960267,-1,"1996_at"
"882","ENSG00000295844",NA,NA,"20",51889881,51997396,-1,"8537_at"
"883","ENSG00000236052","LINC01643",105373010,"22",34017402,34218796,1,"3162_at"
"884","ENSG00000251301","LINC02384",NA,"12",68332773,68538980,-1,"144453_at"
"885","ENSG00000306562","",NA,"12",68335642,68337013,1,"144453_at"
"886","ENSG00000256273","",NA,"12",68344637,68352926,1,"144453_at"
"887","ENSG00000296171",NA,NA,"4",109858209,109888727,-1,"64850_at"
"888","ENSG00000123572","NRK",203447,"X",105822539,105958610,1,"79589_at"
"889","ENSG00000304725","",NA,"X",105910585,106007975,-1,"79589_at"
"890","ENSG00000254996","ANKHD1-EIF4EBP3",404734,"5",140401908,140549569,1,"57717_at"
"891","ENSG00000213523","SRA1",10011,"5",140537340,140557677,-1,"57717_at"
"892","ENSG00000293413","",NA,"20",35558737,35607562,-1,"4826_at"
"893","ENSG00000088340","FER1L4",NA,"20",35558866,35607494,-1,"4826_at"
"894","ENSG00000142949","PTPRF",5792,"1",43525187,43623666,1,"991_at"
"895","ENSG00000119698","PPP4R4",57718,"14",94146128,94279734,1,"12_at"
"896","ENSG00000271614","ATP2B1-AS1",NA,"12",89708177,90143524,1,"4060_at"
"897","ENSG00000252335","RNU6-62P",NA,"13",95019235,95019336,1,"9071_at"
"898","ENSG00000125257","ABCC4",10257,"13",95019835,95301475,-1,"9071_at"
"899","ENSG00000283573","",105375070,"6",43797144,43904542,1,"7422_at"
"900","ENSG00000283215","LINC02537",285857,"6",43844878,43852333,-1,"7422_at"
"901","ENSG00000105967","TFEC",22797,"7",115935148,116159896,-1,"857_at"
"902","ENSG00000198873","GRK5",2869,"10",119207571,119459745,1,"2018_at"
"903","ENSG00000008394","MGST1",4257,"12",16347142,16609259,1,"55885_at"
"904","ENSG00000048540","LMO3",55885,"12",16548372,16610594,-1,"55885_at"
"905","ENSG00000299484",NA,NA,"11",104408918,104422745,1,"114769_at"
"906","ENSG00000284734",NA,NA,"1",89198572,89296802,1,"2635_at"
"907","ENSG00000101098","RIMS4",140730,"20",44751808,44810546,-1,"81031_at"
"908","ENSG00000181744","DIPK2A",205428,"3",143971823,144048719,1,"26577_at"
"909","ENSG00000101977","MCF2",4168,"X",139581770,139708216,-1,"286411_at"
"910","ENSG00000272274","ARGLU1-DT",NA,"13",106567330,106716679,1,"728215_at"
"911","ENSG00000299254","",NA,"13",106568322,106619371,-1,"728215_at"
"912","ENSG00000197081","IGF2R",3482,"6",159969082,160113507,1,"6648_at"
"913","ENSG00000171984","SHLD1",149840,"20",5750393,5864395,1,"1114_at"
"914","ENSG00000136231","IGF2BP3",10643,"7",23310209,23470491,-1,"10643_at"
"915","ENSG00000132329","RAMP1",10267,"2",237858893,237912106,1,"1293_at"
"916","ENSG00000163288","GABRB1",2560,"4",46993723,47426447,1,"2560_at"
"917","ENSG00000223546","LINC00630",NA,"X",102720701,102997186,1,"5354_at"
"918","ENSG00000166682","TMPRSS5",80975,"11",113687547,113706373,-1,"4837_at"
"919","ENSG00000264031","ABHD15-AS1",NA,"17",29560547,29707090,1,"6347_at"
"920","ENSG00000198720","ANKRD13B",124930,"17",29589769,29614761,1,"6347_at"
"921","ENSG00000305723",NA,NA,"18",38591630,38593845,-1,"6014_at"
"922","ENSG00000268566",NA,NA,"18",38655201,38728574,-1,"6014_at"
"923","ENSG00000300676",NA,NA,"18",38718755,38807677,1,"6014_at"
"924","ENSG00000146674","IGFBP3",3486,"7",45912245,45921874,-1,"3486_at"
"925","ENSG00000069018","TRPC7",57113,"5",136212745,136365545,-1,"6695_at"
"926","ENSG00000242593",NA,NA,"7",124032034,124489572,1,"2861_at"
"927","ENSG00000223874","TESHL",NA,"2",216694404,217336120,1,"3485_at"
"928","ENSG00000305263","",NA,"2",217203219,217248455,-1,"3485_at"
"929","ENSG00000258086","GPR84-AS1",NA,"12",54352429,54497688,1,"196410_at"
"930","ENSG00000139572","GPR84",53831,"12",54362445,54364487,-1,"196410_at"
"931","ENSG00000066933","MYO9A",4649,"15",71822291,72118577,-1,"4016_at"
"932","ENSG00000261632","",107984714,"15",71972181,72046533,1,"4016_at"
"933","ENSG00000121774","KHDRBS1",10657,"1",32013868,32060850,1,"90853_at"
"934","ENSG00000116473","RAP1A",5906,"1",111542218,111716691,1,"1117_at"
"935","ENSG00000253968",NA,NA,"5",173383941,173524042,1,"51617_at"
"936","ENSG00000253141",NA,NA,"5",173463484,173484584,1,"51617_at"
"937","ENSG00000130844","ZNF331",55422,"19",53519527,53580269,1,"2014_at"
"938","ENSG00000262879",NA,NA,"17",46982786,47100323,-1,"56934_at"
"939","ENSG00000102710","SUPT20H",55578,"13",37009312,37059713,-1,"10631_at"
"940","ENSG00000116731","PRDM2",7799,"1",13700188,13825079,1,"10630_at"
"941","ENSG00000012223","LTF",4057,"3",46435645,46485234,-1,"4057_at"
